Downloading https://mirrors.cloud.tencent.com/gradle/gradle-8.7-bin.zip
............10%.............20%.............30%.............40%............50%.............60%.............70%.............80%.............90%............100%
Initialized native services in: /home/work/.gradle/native
Initialized jansi services in: /home/work/.gradle/native
Received JVM installation metadata from '/home/work/dumate/38de3a359c754da5801d140c2e404f0f/workspace/.android-build/jdk': {JAVA_HOME=/home/work/dumate/38de3a359c754da5801d140c2e404f0f/workspace/.android-build/jdk, JAVA_VERSION=17.0.20.1, JAVA_VENDOR=Eclipse Adoptium, RUNTIME_NAME=OpenJDK Runtime Environment, RUNTIME_VERSION=17.0.20.1+1, VM_NAME=OpenJDK 64-Bit Server VM, VM_VERSION=17.0.20.1+1, VM_VENDOR=Eclipse Adoptium, OS_ARCH=amd64}
Checking if the launcher JVM can be re-used for build. To be re-used, the launcher JVM needs to match the parameters required for the build process: --add-opens=java.base/java.util=ALL-UNNAMED --add-opens=java.base/java.lang=ALL-UNNAMED --add-opens=java.base/java.lang.invoke=ALL-UNNAMED --add-opens=java.prefs/java.util.prefs=ALL-UNNAMED --add-opens=java.base/java.nio.charset=ALL-UNNAMED --add-opens=java.base/java.net=ALL-UNNAMED --add-opens=java.base/java.util.concurrent.atomic=ALL-UNNAMED -Xmx2048m -Dfile.encoding=UTF-8 -Duser.country -Duser.language=en -Duser.variant
To honour the JVM settings for this build a single-use Daemon process will be forked. For more on this, please refer to https://docs.gradle.org/8.7/userguide/gradle_daemon.html#sec:disabling_the_daemon in the Gradle documentation.
Starting process 'Gradle build daemon'. Working directory: /home/work/.gradle/daemon/8.7 Command: /home/work/dumate/38de3a359c754da5801d140c2e404f0f/workspace/.android-build/jdk/bin/java --add-opens=java.base/java.util=ALL-UNNAMED --add-opens=java.base/java.lang=ALL-UNNAMED --add-opens=java.base/java.lang.invoke=ALL-UNNAMED --add-opens=java.prefs/java.util.prefs=ALL-UNNAMED --add-opens=java.base/java.nio.charset=ALL-UNNAMED --add-opens=java.base/java.net=ALL-UNNAMED --add-opens=java.base/java.util.concurrent.atomic=ALL-UNNAMED -Xmx2048m -Dfile.encoding=UTF-8 -Duser.country -Duser.language=en -Duser.variant -cp /home/work/.gradle/wrapper/dists/gradle-8.7-bin/af3un6e4ivqgjcdo5lfa5efog/gradle-8.7/lib/gradle-launcher-8.7.jar -javaagent:/home/work/.gradle/wrapper/dists/gradle-8.7-bin/af3un6e4ivqgjcdo5lfa5efog/gradle-8.7/lib/agents/gradle-instrumentation-agent-8.7.jar org.gradle.launcher.daemon.bootstrap.GradleDaemon 8.7
Successfully started process 'Gradle build daemon'
An attempt to start the daemon took 1.262 secs.
The client will now receive all logging from the daemon (pid: 91). The daemon log file: /home/work/.gradle/daemon/8.7/daemon-91.out.log
Daemon will be stopped at the end of the build 
Closing daemon's stdin at end of input.
The daemon will no longer process any standard input.
Using 2 worker leases.
Received JVM installation metadata from '/home/work/dumate/38de3a359c754da5801d140c2e404f0f/workspace/.android-build/jdk': {JAVA_HOME=/home/work/dumate/38de3a359c754da5801d140c2e404f0f/workspace/.android-build/jdk, JAVA_VERSION=17.0.20.1, JAVA_VENDOR=Eclipse Adoptium, RUNTIME_NAME=OpenJDK Runtime Environment, RUNTIME_VERSION=17.0.20.1+1, VM_NAME=OpenJDK 64-Bit Server VM, VM_VERSION=17.0.20.1+1, VM_VENDOR=Eclipse Adoptium, OS_ARCH=amd64}
Watching the file system is configured to be enabled if available
Not watching /home/work/dumate/38de3a359c754da5801d140c2e404f0f/workspace/ses_gffe5f74c56b80ffeEC2z3n6Op3yk0K/NovelSeekUltra since the file system is not supported
File system watching is active
Starting Build
Settings evaluated using settings file '/home/work/dumate/38de3a359c754da5801d140c2e404f0f/workspace/ses_gffe5f74c56b80ffeEC2z3n6Op3yk0K/NovelSeekUltra/settings.gradle.kts'.
Projects loaded. Root project using build file '/home/work/dumate/38de3a359c754da5801d140c2e404f0f/workspace/ses_gffe5f74c56b80ffeEC2z3n6Op3yk0K/NovelSeekUltra/build.gradle.kts'.
Included projects: [root project 'NovelSeekUltra', project ':app']

> Configure project :
Evaluating root project 'NovelSeekUltra' using build file '/home/work/dumate/38de3a359c754da5801d140c2e404f0f/workspace/ses_gffe5f74c56b80ffeEC2z3n6Op3yk0K/NovelSeekUltra/build.gradle.kts'.
Downloading https://repo.maven.apache.org/maven2/org/jetbrains/kotlin/kotlin-reflect/1.9.22/kotlin-reflect-1.9.22.jar to /home/work/.gradle/.tmp/gradle_download1633384385569726922bin
Downloading https://repo.maven.apache.org/maven2/org/jetbrains/kotlin/kotlin-compiler-embeddable/1.9.22/kotlin-compiler-embeddable-1.9.22.jar to /home/work/.gradle/.tmp/gradle_download1605633174499339167bin
Downloading https://repo.maven.apache.org/maven2/org/jetbrains/kotlin/kotlin-scripting-compiler-embeddable/1.9.22/kotlin-scripting-compiler-embeddable-1.9.22.jar to /home/work/.gradle/.tmp/gradle_download9278974092380730086bin
Downloading https://repo.maven.apache.org/maven2/org/jetbrains/kotlin/kotlin-scripting-compiler-impl-embeddable/1.9.22/kotlin-scripting-compiler-impl-embeddable-1.9.22.jar to /home/work/.gradle/.tmp/gradle_download12447991083346043757bin
Downloading https://repo.maven.apache.org/maven2/com/google/jimfs/jimfs/1.1/jimfs-1.1.jar to /home/work/.gradle/.tmp/gradle_download15604319969773535746bin
Downloading https://repo.maven.apache.org/maven2/io/grpc/grpc-context/1.57.0/grpc-context-1.57.0.jar to /home/work/.gradle/.tmp/gradle_download17099120344337714917bin
Downloading https://repo.maven.apache.org/maven2/io/grpc/grpc-protobuf-lite/1.57.0/grpc-protobuf-lite-1.57.0.jar to /home/work/.gradle/.tmp/gradle_download2536029983711232098bin
Downloading https://repo.maven.apache.org/maven2/io/grpc/grpc-api/1.57.0/grpc-api-1.57.0.jar to /home/work/.gradle/.tmp/gradle_download11468016349110161670bin
Downloading https://repo.maven.apache.org/maven2/com/google/guava/guava/32.0.1-jre/guava-32.0.1-jre.jar to /home/work/.gradle/.tmp/gradle_download10376299712117558965bin
Downloading https://repo.maven.apache.org/maven2/com/google/dagger/dagger/2.28.3/dagger-2.28.3.jar to /home/work/.gradle/.tmp/gradle_download4041275614826312022bin
Downloading https://repo.maven.apache.org/maven2/javax/inject/javax.inject/1/javax.inject-1.jar to /home/work/.gradle/.tmp/gradle_download15695507787755175699bin
Downloading https://repo.maven.apache.org/maven2/org/bouncycastle/bcprov-jdk15on/1.67/bcprov-jdk15on-1.67.jar to /home/work/.gradle/.tmp/gradle_download2684886629701625856bin
Downloading https://repo.maven.apache.org/maven2/org/jetbrains/intellij/deps/trove4j/1.0.20200330/trove4j-1.0.20200330.jar to /home/work/.gradle/.tmp/gradle_download9934188128338283060bin
Downloading https://repo.maven.apache.org/maven2/org/apache/commons/commons-compress/1.21/commons-compress-1.21.jar to /home/work/.gradle/.tmp/gradle_download420915282438949512bin
Downloading https://repo.maven.apache.org/maven2/org/apache/httpcomponents/httpclient/4.5.14/httpclient-4.5.14.jar to /home/work/.gradle/.tmp/gradle_download9657262540077351459bin
Downloading https://repo.maven.apache.org/maven2/org/apache/httpcomponents/httpcore/4.4.16/httpcore-4.4.16.jar to /home/work/.gradle/.tmp/gradle_download4495567282174357493bin
Downloading https://repo.maven.apache.org/maven2/com/sun/activation/javax.activation/1.2.0/javax.activation-1.2.0.jar to /home/work/.gradle/.tmp/gradle_download1250835661799112804bin
Downloading https://dl.google.com/dl/android/maven2/com/android/signflinger/8.3.0/signflinger-8.3.0.jar to /home/work/.gradle/.tmp/gradle_download14349138078775708959bin
Downloading https://dl.google.com/dl/android/maven2/com/android/zipflinger/8.3.0/zipflinger-8.3.0.jar to /home/work/.gradle/.tmp/gradle_download450026719268219669bin
Downloading https://dl.google.com/dl/android/maven2/com/android/tools/annotations/31.3.0/annotations-31.3.0.jar to /home/work/.gradle/.tmp/gradle_download5133067432892511992bin
Downloading https://repo.maven.apache.org/maven2/com/googlecode/juniversalchardet/juniversalchardet/1.0.3/juniversalchardet-1.0.3.jar to /home/work/.gradle/.tmp/gradle_download18421397597814945753bin
Downloading https://repo.maven.apache.org/maven2/net/java/dev/jna/jna-platform/5.6.0/jna-platform-5.6.0.jar to /home/work/.gradle/.tmp/gradle_download16008923372792749344bin
Downloading https://repo.maven.apache.org/maven2/javax/annotation/javax.annotation-api/1.3.2/javax.annotation-api-1.3.2.jar to /home/work/.gradle/.tmp/gradle_download9879803502770258698bin
Downloading https://repo.maven.apache.org/maven2/org/jvnet/staxex/stax-ex/1.8.1/stax-ex-1.8.1.jar to /home/work/.gradle/.tmp/gradle_download16331415014248311470bin
Downloading https://repo.maven.apache.org/maven2/jakarta/xml/bind/jakarta.xml.bind-api/2.3.2/jakarta.xml.bind-api-2.3.2.jar to /home/work/.gradle/.tmp/gradle_download2334832766340254007bin
Downloading https://repo.maven.apache.org/maven2/org/glassfish/jaxb/txw2/2.3.2/txw2-2.3.2.jar to /home/work/.gradle/.tmp/gradle_download14429073689675719162bin
Downloading https://repo.maven.apache.org/maven2/com/sun/istack/istack-commons-runtime/3.0.8/istack-commons-runtime-3.0.8.jar to /home/work/.gradle/.tmp/gradle_download6137677598522824038bin
Downloading https://repo.maven.apache.org/maven2/com/sun/xml/fastinfoset/FastInfoset/1.2.16/FastInfoset-1.2.16.jar to /home/work/.gradle/.tmp/gradle_download14034699640867470528bin
Downloading https://repo.maven.apache.org/maven2/jakarta/activation/jakarta.activation-api/1.2.1/jakarta.activation-api-1.2.1.jar to /home/work/.gradle/.tmp/gradle_download15144473110768423269bin
Downloading https://repo.maven.apache.org/maven2/com/google/auto/value/auto-value-annotations/1.6.2/auto-value-annotations-1.6.2.jar to /home/work/.gradle/.tmp/gradle_download10459691832000686847bin
Downloading https://repo.maven.apache.org/maven2/com/google/errorprone/error_prone_annotations/2.18.0/error_prone_annotations-2.18.0.jar to /home/work/.gradle/.tmp/gradle_download10612938384612180061bin
Downloading https://repo.maven.apache.org/maven2/org/bitbucket/b_c/jose4j/0.7.0/jose4j-0.7.0.jar to /home/work/.gradle/.tmp/gradle_download1090186799481805588bin
Downloading https://repo.maven.apache.org/maven2/org/slf4j/slf4j-api/1.7.30/slf4j-api-1.7.30.jar to /home/work/.gradle/.tmp/gradle_download16664089335842158756bin
Downloading https://repo.maven.apache.org/maven2/org/jdom/jdom2/2.0.6/jdom2-2.0.6.jar to /home/work/.gradle/.tmp/gradle_download15150443717345386765bin
Downloading https://repo.maven.apache.org/maven2/com/google/code/findbugs/jsr305/3.0.2/jsr305-3.0.2.jar to /home/work/.gradle/.tmp/gradle_download1500832167746482452bin
Downloading https://repo.maven.apache.org/maven2/com/google/android/annotations/4.1.1.4/annotations-4.1.1.4.jar to /home/work/.gradle/.tmp/gradle_download1562776976006727228bin
Downloading https://repo.maven.apache.org/maven2/com/google/j2objc/j2objc-annotations/2.8/j2objc-annotations-2.8.jar to /home/work/.gradle/.tmp/gradle_download12229677471968102402bin
Downloading https://repo.maven.apache.org/maven2/io/perfmark/perfmark-api/0.26.0/perfmark-api-0.26.0.jar to /home/work/.gradle/.tmp/gradle_download18319869685785837796bin
Downloading https://repo.maven.apache.org/maven2/org/codehaus/mojo/animal-sniffer-annotations/1.23/animal-sniffer-annotations-1.23.jar to /home/work/.gradle/.tmp/gradle_download9831761741320281180bin
Downloading https://repo.maven.apache.org/maven2/io/netty/netty-handler-proxy/4.1.93.Final/netty-handler-proxy-4.1.93.Final.jar to /home/work/.gradle/.tmp/gradle_download8632145549452269064bin
Downloading https://repo.maven.apache.org/maven2/io/netty/netty-codec-http2/4.1.93.Final/netty-codec-http2-4.1.93.Final.jar to /home/work/.gradle/.tmp/gradle_download77772784868052601bin
Downloading https://repo.maven.apache.org/maven2/io/netty/netty-codec-http/4.1.93.Final/netty-codec-http-4.1.93.Final.jar to /home/work/.gradle/.tmp/gradle_download5452157285835246967bin
Downloading https://repo.maven.apache.org/maven2/io/netty/netty-handler/4.1.93.Final/netty-handler-4.1.93.Final.jar to /home/work/.gradle/.tmp/gradle_download6670398416786763913bin
Downloading https://repo.maven.apache.org/maven2/io/netty/netty-transport-native-unix-common/4.1.93.Final/netty-transport-native-unix-common-4.1.93.Final.jar to /home/work/.gradle/.tmp/gradle_download4233351142574820278bin
Downloading https://repo.maven.apache.org/maven2/org/checkerframework/checker-qual/3.33.0/checker-qual-3.33.0.jar to /home/work/.gradle/.tmp/gradle_download5825305493244509034bin
Downloading https://repo.maven.apache.org/maven2/commons-codec/commons-codec/1.11/commons-codec-1.11.jar to /home/work/.gradle/.tmp/gradle_download4652202421627350379bin
Downloading https://dl.google.com/dl/android/maven2/com/android/tools/build/apksig/8.3.0/apksig-8.3.0.jar to /home/work/.gradle/.tmp/gradle_download15872009241978862816bin
Downloading https://repo.maven.apache.org/maven2/com/squareup/javawriter/2.5.0/javawriter-2.5.0.jar to /home/work/.gradle/.tmp/gradle_download14511965457465565736bin
Downloading https://repo.maven.apache.org/maven2/org/jetbrains/kotlin/kotlin-gradle-plugin-annotations/1.9.22/kotlin-gradle-plugin-annotations-1.9.22.jar to /home/work/.gradle/.tmp/gradle_download5463689842135360872bin
Downloading https://repo.maven.apache.org/maven2/org/jetbrains/kotlin/kotlin-project-model/1.9.22/kotlin-project-model-1.9.22.jar to /home/work/.gradle/.tmp/gradle_download4164925185558852323bin
Downloading https://repo.maven.apache.org/maven2/org/jetbrains/kotlin/kotlin-tooling-core/1.9.22/kotlin-tooling-core-1.9.22.jar to /home/work/.gradle/.tmp/gradle_download3767494580152376476bin
Downloading https://repo.maven.apache.org/maven2/org/jetbrains/kotlin/kotlin-util-io/1.9.22/kotlin-util-io-1.9.22.jar to /home/work/.gradle/.tmp/gradle_download5315986473469977483bin
Downloading https://repo.maven.apache.org/maven2/org/jetbrains/kotlin/kotlin-daemon-embeddable/1.9.22/kotlin-daemon-embeddable-1.9.22.jar to /home/work/.gradle/.tmp/gradle_download12006748535180602705bin
Downloading https://repo.maven.apache.org/maven2/org/jetbrains/kotlin/kotlin-daemon-client/1.9.22/kotlin-daemon-client-1.9.22.jar to /home/work/.gradle/.tmp/gradle_download16385629302293961084bin
Downloading https://repo.maven.apache.org/maven2/org/jetbrains/kotlinx/kotlinx-coroutines-core-jvm/1.5.0/kotlinx-coroutines-core-jvm-1.5.0.jar to /home/work/.gradle/.tmp/gradle_download13085436482095480702bin
Downloading https://repo.maven.apache.org/maven2/org/jetbrains/kotlin/kotlin-scripting-jvm/1.9.22/kotlin-scripting-jvm-1.9.22.jar to /home/work/.gradle/.tmp/gradle_download9308759626866207129bin
Downloading https://repo.maven.apache.org/maven2/org/jetbrains/kotlin/kotlin-scripting-common/1.9.22/kotlin-scripting-common-1.9.22.jar to /home/work/.gradle/.tmp/gradle_download8275595812903755380bin
Downloading https://repo.maven.apache.org/maven2/com/google/guava/failureaccess/1.0.1/failureaccess-1.0.1.jar to /home/work/.gradle/.tmp/gradle_download14601165197053714589bin
Downloading https://repo.maven.apache.org/maven2/com/google/guava/listenablefuture/9999.0-empty-to-avoid-conflict-with-guava/listenablefuture-9999.0-empty-to-avoid-conflict-with-guava.jar to /home/work/.gradle/.tmp/gradle_download13952444423051843557bin
Downloading https://repo.maven.apache.org/maven2/commons-logging/commons-logging/1.2/commons-logging-1.2.jar to /home/work/.gradle/.tmp/gradle_download2555585796077393926bin
Downloading https://repo.maven.apache.org/maven2/net/java/dev/jna/jna/5.6.0/jna-5.6.0.jar to /home/work/.gradle/.tmp/gradle_download5564882468989761451bin
Downloading https://repo.maven.apache.org/maven2/io/netty/netty-codec-socks/4.1.93.Final/netty-codec-socks-4.1.93.Final.jar to /home/work/.gradle/.tmp/gradle_download15793310100806535518bin
Downloading https://repo.maven.apache.org/maven2/io/netty/netty-codec/4.1.93.Final/netty-codec-4.1.93.Final.jar to /home/work/.gradle/.tmp/gradle_download13409125578472310641bin
Downloading https://repo.maven.apache.org/maven2/io/netty/netty-transport/4.1.93.Final/netty-transport-4.1.93.Final.jar to /home/work/.gradle/.tmp/gradle_download4445266251122350485bin
Downloading https://repo.maven.apache.org/maven2/io/netty/netty-buffer/4.1.93.Final/netty-buffer-4.1.93.Final.jar to /home/work/.gradle/.tmp/gradle_download16671857063624951999bin
Downloading https://repo.maven.apache.org/maven2/io/netty/netty-resolver/4.1.93.Final/netty-resolver-4.1.93.Final.jar to /home/work/.gradle/.tmp/gradle_download3463905678892371005bin
Downloading https://repo.maven.apache.org/maven2/io/netty/netty-common/4.1.93.Final/netty-common-4.1.93.Final.jar to /home/work/.gradle/.tmp/gradle_download7684127480475270887bin
Transforming gradle-8.3.0.jar (com.android.tools.build:gradle:8.3.0) with ExternalDependencyInstrumentingArtifactTransform
Transforming symbol-processing-gradle-plugin-1.9.22-1.0.17.jar (com.google.devtools.ksp:symbol-processing-gradle-plugin:1.9.22-1.0.17) with ExternalDependencyInstrumentingArtifactTransform
Transforming gradle-settings-api-8.3.0.jar (com.android.tools.build:gradle-settings-api:8.3.0) with ExternalDependencyInstrumentingArtifactTransform
Transforming lint-model-31.3.0.jar (com.android.tools.lint:lint-model:31.3.0) with ExternalDependencyInstrumentingArtifactTransform
Transforming builder-8.3.0.jar (com.android.tools.build:builder:8.3.0) with ExternalDependencyInstrumentingArtifactTransform
Transforming manifest-merger-31.3.0.jar (com.android.tools.build:manifest-merger:31.3.0) with ExternalDependencyInstrumentingArtifactTransform
Transforming sdk-common-31.3.0.jar (com.android.tools:sdk-common:31.3.0) with ExternalDependencyInstrumentingArtifactTransform
Transforming sdklib-31.3.0.jar (com.android.tools:sdklib:31.3.0) with ExternalDependencyInstrumentingArtifactTransform
Caching disabled for ExternalDependencyInstrumentingArtifactTransform: /home/work/.gradle/caches/modules-2/files-2.1/com.android.tools.build/gradle/8.3.0/cb0cc4ee365545f762a0bae61b24c658e993921d/gradle-8.3.0.jar because:
  Build cache is disabled
  Caching not enabled.
Transforming repository-31.3.0.jar (com.android.tools:repository:31.3.0) with ExternalDependencyInstrumentingArtifactTransform
Transforming aaptcompiler-8.3.0.jar (com.android.tools.build:aaptcompiler:8.3.0) with ExternalDependencyInstrumentingArtifactTransform
Transforming tracker-31.3.0.jar (com.android.tools.analytics-library:tracker:31.3.0) with ExternalDependencyInstrumentingArtifactTransform
Transforming shared-31.3.0.jar (com.android.tools.analytics-library:shared:31.3.0) with ExternalDependencyInstrumentingArtifactTransform
Transforming databinding-compiler-common-8.3.0.jar (androidx.databinding:databinding-compiler-common:8.3.0) with ExternalDependencyInstrumentingArtifactTransform
Transforming android-test-plugin-host-emulator-control-proto-31.3.0.jar (com.android.tools.utp:android-test-plugin-host-emulator-control-proto:31.3.0) with ExternalDependencyInstrumentingArtifactTransform
Transforming android-test-plugin-host-retention-proto-31.3.0.jar (com.android.tools.utp:android-test-plugin-host-retention-proto:31.3.0) with ExternalDependencyInstrumentingArtifactTransform
Transforming builder-model-8.3.0.jar (com.android.tools.build:builder-model:8.3.0) with ExternalDependencyInstrumentingArtifactTransform
Transforming gradle-api-8.3.0.jar (com.android.tools.build:gradle-api:8.3.0) with ExternalDependencyInstrumentingArtifactTransform
Transforming symbol-processing-api-1.9.22-1.0.17.jar (com.google.devtools.ksp:symbol-processing-api:1.9.22-1.0.17) with ExternalDependencyInstrumentingArtifactTransform
Transforming symbol-processing-common-deps-1.9.22-1.0.17.jar (com.google.devtools.ksp:symbol-processing-common-deps:1.9.22-1.0.17) with ExternalDependencyInstrumentingArtifactTransform
Transforming builder-test-api-8.3.0.jar (com.android.tools.build:builder-test-api:8.3.0) with ExternalDependencyInstrumentingArtifactTransform
Transforming ddmlib-31.3.0.jar (com.android.tools.ddms:ddmlib:31.3.0) with ExternalDependencyInstrumentingArtifactTransform
Transforming layoutlib-api-31.3.0.jar (com.android.tools.layoutlib:layoutlib-api:31.3.0) with ExternalDependencyInstrumentingArtifactTransform
Transforming dvlib-31.3.0.jar (com.android.tools:dvlib:31.3.0) with ExternalDependencyInstrumentingArtifactTransform
Transforming common-31.3.0.jar (com.android.tools:common:31.3.0) with ExternalDependencyInstrumentingArtifactTransform
Transforming kotlin-stdlib-jdk8-1.9.20.jar (org.jetbrains.kotlin:kotlin-stdlib-jdk8:1.9.20) with ExternalDependencyInstrumentingArtifactTransform
Transforming jetifier-processor-1.0.0-beta10.jar (com.android.tools.build.jetifier:jetifier-processor:1.0.0-beta10) with ExternalDependencyInstrumentingArtifactTransform
Transforming jetifier-core-1.0.0-beta10.jar (com.android.tools.build.jetifier:jetifier-core:1.0.0-beta10) with ExternalDependencyInstrumentingArtifactTransform
Transforming kotlin-reflect-1.9.22.jar (org.jetbrains.kotlin:kotlin-reflect:1.9.22) with ExternalDependencyInstrumentingArtifactTransform
Transforming kotlin-stdlib-jdk7-1.9.20.jar (org.jetbrains.kotlin:kotlin-stdlib-jdk7:1.9.20) with ExternalDependencyInstrumentingArtifactTransform
Transforming kotlin-stdlib-1.9.22.jar (org.jetbrains.kotlin:kotlin-stdlib:1.9.22) with ExternalDependencyInstrumentingArtifactTransform
Transforming annotations-13.0.jar (org.jetbrains:annotations:13.0) with ExternalDependencyInstrumentingArtifactTransform
Transforming kotlin-gradle-plugin-model-1.9.22.jar (org.jetbrains.kotlin:kotlin-gradle-plugin-model:1.9.22) with ExternalDependencyInstrumentingArtifactTransform
Transforming kotlin-gradle-plugin-api-1.9.22.jar (org.jetbrains.kotlin:kotlin-gradle-plugin-api:1.9.22) with ExternalDependencyInstrumentingArtifactTransform
Transforming kotlin-gradle-plugin-1.9.22-gradle82.jar (org.jetbrains.kotlin:kotlin-gradle-plugin:1.9.22) with ExternalDependencyInstrumentingArtifactTransform
Transforming bundletool-1.15.6.jar (com.android.tools.build:bundletool:1.15.6) with ExternalDependencyInstrumentingArtifactTransform
Transforming aapt2-proto-8.3.0-10880808.jar (com.android.tools.build:aapt2-proto:8.3.0-10880808) with ExternalDependencyInstrumentingArtifactTransform
Transforming crash-31.3.0.jar (com.android.tools.analytics-library:crash:31.3.0) with ExternalDependencyInstrumentingArtifactTransform
Transforming lint-typedef-remover-31.3.0.jar (com.android.tools.lint:lint-typedef-remover:31.3.0) with ExternalDependencyInstrumentingArtifactTransform
Transforming databinding-common-8.3.0.jar (androidx.databinding:databinding-common:8.3.0) with ExternalDependencyInstrumentingArtifactTransform
Transforming baseLibrary-8.3.0.jar (com.android.databinding:baseLibrary:8.3.0) with ExternalDependencyInstrumentingArtifactTransform
Transforming android-device-provider-ddmlib-proto-31.3.0.jar (com.android.tools.utp:android-device-provider-ddmlib-proto:31.3.0) with ExternalDependencyInstrumentingArtifactTransform
Transforming android-device-provider-gradle-proto-31.3.0.jar (com.android.tools.utp:android-device-provider-gradle-proto:31.3.0) with ExternalDependencyInstrumentingArtifactTransform
Transforming android-test-plugin-host-additional-test-output-proto-31.3.0.jar (com.android.tools.utp:android-test-plugin-host-additional-test-output-proto:31.3.0) with ExternalDependencyInstrumentingArtifactTransform
Transforming android-test-plugin-host-coverage-proto-31.3.0.jar (com.android.tools.utp:android-test-plugin-host-coverage-proto:31.3.0) with ExternalDependencyInstrumentingArtifactTransform
Transforming android-test-plugin-host-logcat-proto-31.3.0.jar (com.android.tools.utp:android-test-plugin-host-logcat-proto:31.3.0) with ExternalDependencyInstrumentingArtifactTransform
Transforming android-test-plugin-host-apk-installer-proto-31.3.0.jar (com.android.tools.utp:android-test-plugin-host-apk-installer-proto:31.3.0) with ExternalDependencyInstrumentingArtifactTransform
Transforming android-test-plugin-result-listener-gradle-proto-31.3.0.jar (com.android.tools.utp:android-test-plugin-result-listener-gradle-proto:31.3.0) with ExternalDependencyInstrumentingArtifactTransform
Transforming transform-api-2.0.0-deprecated-use-gradle-api.jar (com.android.tools.build:transform-api:2.0.0-deprecated-use-gradle-api) with ExternalDependencyInstrumentingArtifactTransform
Transforming httpmime-4.5.6.jar (org.apache.httpcomponents:httpmime:4.5.6) with ExternalDependencyInstrumentingArtifactTransform
Transforming commons-io-2.13.0.jar (commons-io:commons-io:2.13.0) with ExternalDependencyInstrumentingArtifactTransform
Transforming asm-commons-9.6.jar (org.ow2.asm:asm-commons:9.6) with ExternalDependencyInstrumentingArtifactTransform
Transforming asm-util-9.6.jar (org.ow2.asm:asm-util:9.6) with ExternalDependencyInstrumentingArtifactTransform
Transforming asm-analysis-9.6.jar (org.ow2.asm:asm-analysis:9.6) with ExternalDependencyInstrumentingArtifactTransform
Transforming asm-tree-9.6.jar (org.ow2.asm:asm-tree:9.6) with ExternalDependencyInstrumentingArtifactTransform
Transforming asm-9.6.jar (org.ow2.asm:asm:9.6) with ExternalDependencyInstrumentingArtifactTransform
Transforming apkzlib-8.3.0.jar (com.android.tools.build:apkzlib:8.3.0) with ExternalDependencyInstrumentingArtifactTransform
Transforming bcpkix-jdk15on-1.67.jar (org.bouncycastle:bcpkix-jdk15on:1.67) with ExternalDependencyInstrumentingArtifactTransform
Transforming jaxb-runtime-2.3.2.jar (org.glassfish.jaxb:jaxb-runtime:2.3.2) with ExternalDependencyInstrumentingArtifactTransform
Transforming jopt-simple-4.9.jar (net.sf.jopt-simple:jopt-simple:4.9) with ExternalDependencyInstrumentingArtifactTransform
Transforming javapoet-1.10.0.jar (com.squareup:javapoet:1.10.0) with ExternalDependencyInstrumentingArtifactTransform
Transforming protobuf-java-util-3.22.3.jar (com.google.protobuf:protobuf-java-util:3.22.3) with ExternalDependencyInstrumentingArtifactTransform
Transforming grpc-protobuf-1.57.0.jar (io.grpc:grpc-protobuf:1.57.0) with ExternalDependencyInstrumentingArtifactTransform
Transforming tink-1.7.0.jar (com.google.crypto.tink:tink:1.7.0) with ExternalDependencyInstrumentingArtifactTransform
Transforming protos-31.3.0.jar (com.android.tools.analytics-library:protos:31.3.0) with ExternalDependencyInstrumentingArtifactTransform
Transforming proto-google-common-protos-2.17.0.jar (com.google.api.grpc:proto-google-common-protos:2.17.0) with ExternalDependencyInstrumentingArtifactTransform
Transforming protobuf-java-3.22.3.jar (com.google.protobuf:protobuf-java:3.22.3) with ExternalDependencyInstrumentingArtifactTransform
Transforming grpc-netty-1.57.0.jar (io.grpc:grpc-netty:1.57.0) with ExternalDependencyInstrumentingArtifactTransform
Transforming grpc-core-1.57.0.jar (io.grpc:grpc-core:1.57.0) with ExternalDependencyInstrumentingArtifactTransform
Transforming gson-2.10.1.jar (com.google.code.gson:gson:2.10.1) with ExternalDependencyInstrumentingArtifactTransform
Transforming grpc-stub-1.57.0.jar (io.grpc:grpc-stub:1.57.0) with ExternalDependencyInstrumentingArtifactTransform
Transforming core-proto-0.0.9-alpha02.jar (com.google.testing.platform:core-proto:0.0.9-alpha02) with ExternalDependencyInstrumentingArtifactTransform
Transforming kxml2-2.3.0.jar (net.sf.kxml:kxml2:2.3.0) with ExternalDependencyInstrumentingArtifactTransform
Transforming tensorflow-lite-metadata-0.1.0-rc2.jar (org.tensorflow:tensorflow-lite-metadata:0.1.0-rc2) with ExternalDependencyInstrumentingArtifactTransform
Transforming flatbuffers-java-1.12.0.jar (com.google.flatbuffers:flatbuffers-java:1.12.0) with ExternalDependencyInstrumentingArtifactTransform
Transforming kotlin-gradle-plugin-idea-proto-1.9.22.jar (org.jetbrains.kotlin:kotlin-gradle-plugin-idea-proto:1.9.22) with ExternalDependencyInstrumentingArtifactTransform
Transforming kotlin-gradle-plugin-idea-1.9.22.jar (org.jetbrains.kotlin:kotlin-gradle-plugin-idea:1.9.22) with ExternalDependencyInstrumentingArtifactTransform
Transforming kotlin-klib-commonizer-api-1.9.22.jar (org.jetbrains.kotlin:kotlin-klib-commonizer-api:1.9.22) with ExternalDependencyInstrumentingArtifactTransform
Transforming kotlin-native-utils-1.9.22.jar (org.jetbrains.kotlin:kotlin-native-utils:1.9.22) with ExternalDependencyInstrumentingArtifactTransform
Transforming kotlin-util-klib-1.9.22.jar (org.jetbrains.kotlin:kotlin-util-klib:1.9.22) with ExternalDependencyInstrumentingArtifactTransform
Transforming kotlin-build-tools-api-1.9.22.jar (org.jetbrains.kotlin:kotlin-build-tools-api:1.9.22) with ExternalDependencyInstrumentingArtifactTransform
Transforming kotlin-android-extensions-1.9.22.jar (org.jetbrains.kotlin:kotlin-android-extensions:1.9.22) with ExternalDependencyInstrumentingArtifactTransform
Transforming kotlin-compiler-runner-1.9.22.jar (org.jetbrains.kotlin:kotlin-compiler-runner:1.9.22) with ExternalDependencyInstrumentingArtifactTransform
Transforming kotlin-compiler-embeddable-1.9.22.jar (org.jetbrains.kotlin:kotlin-compiler-embeddable:1.9.22) with ExternalDependencyInstrumentingArtifactTransform
Transforming kotlin-scripting-compiler-embeddable-1.9.22.jar (org.jetbrains.kotlin:kotlin-scripting-compiler-embeddable:1.9.22) with ExternalDependencyInstrumentingArtifactTransform
Transforming kotlin-scripting-compiler-impl-embeddable-1.9.22.jar (org.jetbrains.kotlin:kotlin-scripting-compiler-impl-embeddable:1.9.22) with ExternalDependencyInstrumentingArtifactTransform
Transforming jimfs-1.1.jar (com.google.jimfs:jimfs:1.1) with ExternalDependencyInstrumentingArtifactTransform
Transforming grpc-context-1.57.0.jar (io.grpc:grpc-context:1.57.0) with ExternalDependencyInstrumentingArtifactTransform
Transforming grpc-protobuf-lite-1.57.0.jar (io.grpc:grpc-protobuf-lite:1.57.0) with ExternalDependencyInstrumentingArtifactTransform
Transforming grpc-api-1.57.0.jar (io.grpc:grpc-api:1.57.0) with ExternalDependencyInstrumentingArtifactTransform
Transforming guava-32.0.1-jre.jar (com.google.guava:guava:32.0.1-jre) with ExternalDependencyInstrumentingArtifactTransform
Transforming dagger-2.28.3.jar (com.google.dagger:dagger:2.28.3) with ExternalDependencyInstrumentingArtifactTransform
Transforming javax.inject-1.jar (javax.inject:javax.inject:1) with ExternalDependencyInstrumentingArtifactTransform
Transforming bcprov-jdk15on-1.67.jar (org.bouncycastle:bcprov-jdk15on:1.67) with ExternalDependencyInstrumentingArtifactTransform
Transforming trove4j-1.0.20200330.jar (org.jetbrains.intellij.deps:trove4j:1.0.20200330) with ExternalDependencyInstrumentingArtifactTransform
Transforming commons-compress-1.21.jar (org.apache.commons:commons-compress:1.21) with ExternalDependencyInstrumentingArtifactTransform
Transforming httpclient-4.5.14.jar (org.apache.httpcomponents:httpclient:4.5.14) with ExternalDependencyInstrumentingArtifactTransform
Transforming httpcore-4.4.16.jar (org.apache.httpcomponents:httpcore:4.4.16) with ExternalDependencyInstrumentingArtifactTransform
Transforming javax.activation-1.2.0.jar (com.sun.activation:javax.activation:1.2.0) with ExternalDependencyInstrumentingArtifactTransform
Transforming signflinger-8.3.0.jar (com.android:signflinger:8.3.0) with ExternalDependencyInstrumentingArtifactTransform
Transforming zipflinger-8.3.0.jar (com.android:zipflinger:8.3.0) with ExternalDependencyInstrumentingArtifactTransform
Transforming annotations-31.3.0.jar (com.android.tools:annotations:31.3.0) with ExternalDependencyInstrumentingArtifactTransform
Transforming jna-platform-5.6.0.jar (net.java.dev.jna:jna-platform:5.6.0) with ExternalDependencyInstrumentingArtifactTransform
Transforming juniversalchardet-1.0.3.jar (com.googlecode.juniversalchardet:juniversalchardet:1.0.3) with ExternalDependencyInstrumentingArtifactTransform
Transforming javax.annotation-api-1.3.2.jar (javax.annotation:javax.annotation-api:1.3.2) with ExternalDependencyInstrumentingArtifactTransform
Transforming stax-ex-1.8.1.jar (org.jvnet.staxex:stax-ex:1.8.1) with ExternalDependencyInstrumentingArtifactTransform
Transforming jakarta.xml.bind-api-2.3.2.jar (jakarta.xml.bind:jakarta.xml.bind-api:2.3.2) with ExternalDependencyInstrumentingArtifactTransform
Transforming txw2-2.3.2.jar (org.glassfish.jaxb:txw2:2.3.2) with ExternalDependencyInstrumentingArtifactTransform
Transforming istack-commons-runtime-3.0.8.jar (com.sun.istack:istack-commons-runtime:3.0.8) with ExternalDependencyInstrumentingArtifactTransform
Transforming FastInfoset-1.2.16.jar (com.sun.xml.fastinfoset:FastInfoset:1.2.16) with ExternalDependencyInstrumentingArtifactTransform
Transforming jakarta.activation-api-1.2.1.jar (jakarta.activation:jakarta.activation-api:1.2.1) with ExternalDependencyInstrumentingArtifactTransform
Transforming auto-value-annotations-1.6.2.jar (com.google.auto.value:auto-value-annotations:1.6.2) with ExternalDependencyInstrumentingArtifactTransform
Transforming error_prone_annotations-2.18.0.jar (com.google.errorprone:error_prone_annotations:2.18.0) with ExternalDependencyInstrumentingArtifactTransform
Transforming jose4j-0.7.0.jar (org.bitbucket.b_c:jose4j:0.7.0) with ExternalDependencyInstrumentingArtifactTransform
Transforming slf4j-api-1.7.30.jar (org.slf4j:slf4j-api:1.7.30) with ExternalDependencyInstrumentingArtifactTransform
Transforming jdom2-2.0.6.jar (org.jdom:jdom2:2.0.6) with ExternalDependencyInstrumentingArtifactTransform
Transforming jsr305-3.0.2.jar (com.google.code.findbugs:jsr305:3.0.2) with ExternalDependencyInstrumentingArtifactTransform
Transforming j2objc-annotations-2.8.jar (com.google.j2objc:j2objc-annotations:2.8) with ExternalDependencyInstrumentingArtifactTransform
Transforming annotations-4.1.1.4.jar (com.google.android:annotations:4.1.1.4) with ExternalDependencyInstrumentingArtifactTransform
Transforming animal-sniffer-annotations-1.23.jar (org.codehaus.mojo:animal-sniffer-annotations:1.23) with ExternalDependencyInstrumentingArtifactTransform
Transforming perfmark-api-0.26.0.jar (io.perfmark:perfmark-api:0.26.0) with ExternalDependencyInstrumentingArtifactTransform
Transforming netty-codec-http2-4.1.93.Final.jar (io.netty:netty-codec-http2:4.1.93.Final) with ExternalDependencyInstrumentingArtifactTransform
Transforming netty-handler-proxy-4.1.93.Final.jar (io.netty:netty-handler-proxy:4.1.93.Final) with ExternalDependencyInstrumentingArtifactTransform
Transforming netty-codec-http-4.1.93.Final.jar (io.netty:netty-codec-http:4.1.93.Final) with ExternalDependencyInstrumentingArtifactTransform
Transforming netty-handler-4.1.93.Final.jar (io.netty:netty-handler:4.1.93.Final) with ExternalDependencyInstrumentingArtifactTransform
Transforming netty-transport-native-unix-common-4.1.93.Final.jar (io.netty:netty-transport-native-unix-common:4.1.93.Final) with ExternalDependencyInstrumentingArtifactTransform
Transforming checker-qual-3.33.0.jar (org.checkerframework:checker-qual:3.33.0) with ExternalDependencyInstrumentingArtifactTransform
Transforming commons-codec-1.11.jar (commons-codec:commons-codec:1.11) with ExternalDependencyInstrumentingArtifactTransform
Transforming apksig-8.3.0.jar (com.android.tools.build:apksig:8.3.0) with ExternalDependencyInstrumentingArtifactTransform
Transforming javawriter-2.5.0.jar (com.squareup:javawriter:2.5.0) with ExternalDependencyInstrumentingArtifactTransform
Transforming kotlin-gradle-plugin-annotations-1.9.22.jar (org.jetbrains.kotlin:kotlin-gradle-plugin-annotations:1.9.22) with ExternalDependencyInstrumentingArtifactTransform
Transforming kotlin-project-model-1.9.22.jar (org.jetbrains.kotlin:kotlin-project-model:1.9.22) with ExternalDependencyInstrumentingArtifactTransform
Transforming kotlin-tooling-core-1.9.22.jar (org.jetbrains.kotlin:kotlin-tooling-core:1.9.22) with ExternalDependencyInstrumentingArtifactTransform
Transforming kotlin-util-io-1.9.22.jar (org.jetbrains.kotlin:kotlin-util-io:1.9.22) with ExternalDependencyInstrumentingArtifactTransform
Transforming kotlin-daemon-embeddable-1.9.22.jar (org.jetbrains.kotlin:kotlin-daemon-embeddable:1.9.22) with ExternalDependencyInstrumentingArtifactTransform
Transforming kotlin-daemon-client-1.9.22.jar (org.jetbrains.kotlin:kotlin-daemon-client:1.9.22) with ExternalDependencyInstrumentingArtifactTransform
Transforming kotlinx-coroutines-core-jvm-1.5.0.jar (org.jetbrains.kotlinx:kotlinx-coroutines-core-jvm:1.5.0) with ExternalDependencyInstrumentingArtifactTransform
Transforming kotlin-scripting-jvm-1.9.22.jar (org.jetbrains.kotlin:kotlin-scripting-jvm:1.9.22) with ExternalDependencyInstrumentingArtifactTransform
Transforming kotlin-scripting-common-1.9.22.jar (org.jetbrains.kotlin:kotlin-scripting-common:1.9.22) with ExternalDependencyInstrumentingArtifactTransform
Transforming failureaccess-1.0.1.jar (com.google.guava:failureaccess:1.0.1) with ExternalDependencyInstrumentingArtifactTransform
Transforming listenablefuture-9999.0-empty-to-avoid-conflict-with-guava.jar (com.google.guava:listenablefuture:9999.0-empty-to-avoid-conflict-with-guava) with ExternalDependencyInstrumentingArtifactTransform
Transforming commons-logging-1.2.jar (commons-logging:commons-logging:1.2) with ExternalDependencyInstrumentingArtifactTransform
Transforming jna-5.6.0.jar (net.java.dev.jna:jna:5.6.0) with ExternalDependencyInstrumentingArtifactTransform
Transforming netty-codec-socks-4.1.93.Final.jar (io.netty:netty-codec-socks:4.1.93.Final) with ExternalDependencyInstrumentingArtifactTransform
Transforming netty-codec-4.1.93.Final.jar (io.netty:netty-codec:4.1.93.Final) with ExternalDependencyInstrumentingArtifactTransform
Transforming netty-transport-4.1.93.Final.jar (io.netty:netty-transport:4.1.93.Final) with ExternalDependencyInstrumentingArtifactTransform
Transforming netty-buffer-4.1.93.Final.jar (io.netty:netty-buffer:4.1.93.Final) with ExternalDependencyInstrumentingArtifactTransform
Transforming netty-resolver-4.1.93.Final.jar (io.netty:netty-resolver:4.1.93.Final) with ExternalDependencyInstrumentingArtifactTransform
Transforming netty-common-4.1.93.Final.jar (io.netty:netty-common:4.1.93.Final) with ExternalDependencyInstrumentingArtifactTransform
Caching disabled for ExternalDependencyInstrumentingArtifactTransform: /home/work/.gradle/caches/modules-2/files-2.1/com.google.devtools.ksp/symbol-processing-gradle-plugin/1.9.22-1.0.17/ff06c434d7d3c57a09ebe63a0721812333fa9d79/symbol-processing-gradle-plugin-1.9.22-1.0.17.jar because:
  Build cache is disabled
  Caching not enabled.
Caching disabled for ExternalDependencyInstrumentingArtifactTransform: /home/work/.gradle/caches/modules-2/files-2.1/com.android.tools.build/gradle-settings-api/8.3.0/af31c9c7fe0add111cd45a7ceb2bd7a4d8db143b/gradle-settings-api-8.3.0.jar because:
  Build cache is disabled
  Caching not enabled.
Caching disabled for ExternalDependencyInstrumentingArtifactTransform: /home/work/.gradle/caches/modules-2/files-2.1/com.android.tools.lint/lint-model/31.3.0/b611c217e17089b1f1a447b2b391c33653f9a8ff/lint-model-31.3.0.jar because:
  Build cache is disabled
  Caching not enabled.
Caching disabled for ExternalDependencyInstrumentingArtifactTransform: /home/work/.gradle/caches/modules-2/files-2.1/com.android.tools.build/builder/8.3.0/8e1c898e72837e1e5c74f6f4bf7c37ce838b57a9/builder-8.3.0.jar because:
  Build cache is disabled
  Caching not enabled.
Caching disabled for ExternalDependencyInstrumentingArtifactTransform: /home/work/.gradle/caches/modules-2/files-2.1/com.android.tools.build/manifest-merger/31.3.0/66de65611ef9e7bb676914671cf5ce9bb2dbaa7d/manifest-merger-31.3.0.jar because:
  Build cache is disabled
  Caching not enabled.
Caching disabled for ExternalDependencyInstrumentingArtifactTransform: /home/work/.gradle/caches/modules-2/files-2.1/com.android.tools/sdk-common/31.3.0/37afecab482cbdb1014e4fa76e13b9ad77807bb6/sdk-common-31.3.0.jar because:
  Build cache is disabled
  Caching not enabled.
Caching disabled for ExternalDependencyInstrumentingArtifactTransform: /home/work/.gradle/caches/modules-2/files-2.1/com.android.tools/sdklib/31.3.0/aaee0cacf5ad0b3eb6b7a5c69e43959fb6bf9b77/sdklib-31.3.0.jar because:
  Build cache is disabled
  Caching not enabled.
Caching disabled for ExternalDependencyInstrumentingArtifactTransform: /home/work/.gradle/caches/modules-2/files-2.1/com.android.tools/repository/31.3.0/f9d998909029644e8f7cf78cd850138ecf7cfcfd/repository-31.3.0.jar because:
  Build cache is disabled
  Caching not enabled.
Caching disabled for ExternalDependencyInstrumentingArtifactTransform: /home/work/.gradle/caches/modules-2/files-2.1/com.android.tools.build/aaptcompiler/8.3.0/766d7f3eca8d05abc240246e0bcd29bb4136642b/aaptcompiler-8.3.0.jar because:
  Build cache is disabled
  Caching not enabled.
Caching disabled for ExternalDependencyInstrumentingArtifactTransform: /home/work/.gradle/caches/modules-2/files-2.1/com.android.tools.analytics-library/tracker/31.3.0/1d9aaac90bf5fe9aebe187724605965abf05fd51/tracker-31.3.0.jar because:
  Build cache is disabled
  Caching not enabled.
Caching disabled for ExternalDependencyInstrumentingArtifactTransform: /home/work/.gradle/caches/modules-2/files-2.1/com.android.tools.analytics-library/shared/31.3.0/19dcfacddf50f8e012524b4576dfc6b51bd8b20a/shared-31.3.0.jar because:
  Build cache is disabled
  Caching not enabled.
Caching disabled for ExternalDependencyInstrumentingArtifactTransform: /home/work/.gradle/caches/modules-2/files-2.1/androidx.databinding/databinding-compiler-common/8.3.0/37c67e55fc73950c1860f8c96414de401b44ccfd/databinding-compiler-common-8.3.0.jar because:
  Build cache is disabled
  Caching not enabled.
Caching disabled for ExternalDependencyInstrumentingArtifactTransform: /home/work/.gradle/caches/modules-2/files-2.1/com.android.tools.utp/android-test-plugin-host-emulator-control-proto/31.3.0/faaddb0258a839e6ab89fe2acbe20ce29b403b43/android-test-plugin-host-emulator-control-proto-31.3.0.jar because:
  Build cache is disabled
  Caching not enabled.
Caching disabled for ExternalDependencyInstrumentingArtifactTransform: /home/work/.gradle/caches/modules-2/files-2.1/com.android.tools.utp/android-test-plugin-host-retention-proto/31.3.0/8ef946d4477f3b40b3bcb7d151131483b6d77d67/android-test-plugin-host-retention-proto-31.3.0.jar because:
  Build cache is disabled
  Caching not enabled.
Caching disabled for ExternalDependencyInstrumentingArtifactTransform: /home/work/.gradle/caches/modules-2/files-2.1/com.android.tools.build/builder-model/8.3.0/8985178e071d5d8b0bf93caab41083275764928e/builder-model-8.3.0.jar because:
  Build cache is disabled
  Caching not enabled.
Caching disabled for ExternalDependencyInstrumentingArtifactTransform: /home/work/.gradle/caches/modules-2/files-2.1/com.android.tools.build/gradle-api/8.3.0/f5d408a1733cdd2a14c7475b76972450b245b7b6/gradle-api-8.3.0.jar because:
  Build cache is disabled
  Caching not enabled.
Caching disabled for ExternalDependencyInstrumentingArtifactTransform: /home/work/.gradle/caches/modules-2/files-2.1/com.google.devtools.ksp/symbol-processing-api/1.9.22-1.0.17/4b5078b25a339c9ef023c0ff53a4a1386ad64d23/symbol-processing-api-1.9.22-1.0.17.jar because:
  Build cache is disabled
  Caching not enabled.
Caching disabled for ExternalDependencyInstrumentingArtifactTransform: /home/work/.gradle/caches/modules-2/files-2.1/com.google.devtools.ksp/symbol-processing-common-deps/1.9.22-1.0.17/ad200f37e67b88e5f9f90ed63f5d92c21c95bc1b/symbol-processing-common-deps-1.9.22-1.0.17.jar because:
  Build cache is disabled
  Caching not enabled.
Caching disabled for ExternalDependencyInstrumentingArtifactTransform: /home/work/.gradle/caches/modules-2/files-2.1/com.android.tools.build/builder-test-api/8.3.0/ff5d53177404fb49c6032926a40862c5f3618086/builder-test-api-8.3.0.jar because:
  Build cache is disabled
  Caching not enabled.
Caching disabled for ExternalDependencyInstrumentingArtifactTransform: /home/work/.gradle/caches/modules-2/files-2.1/com.android.tools.ddms/ddmlib/31.3.0/df1b44faa9adcb39b21996a64e8d7ac609433ca8/ddmlib-31.3.0.jar because:
  Build cache is disabled
  Caching not enabled.
Caching disabled for ExternalDependencyInstrumentingArtifactTransform: /home/work/.gradle/caches/modules-2/files-2.1/com.android.tools.layoutlib/layoutlib-api/31.3.0/5b4270989aafbce80f83599e345afd927cf6ba26/layoutlib-api-31.3.0.jar because:
  Build cache is disabled
  Caching not enabled.
Caching disabled for ExternalDependencyInstrumentingArtifactTransform: /home/work/.gradle/caches/modules-2/files-2.1/com.android.tools/dvlib/31.3.0/a1a4e33042e1e450bed44a65bc8798c9783bedca/dvlib-31.3.0.jar because:
  Build cache is disabled
  Caching not enabled.
Caching disabled for ExternalDependencyInstrumentingArtifactTransform: /home/work/.gradle/caches/modules-2/files-2.1/com.android.tools/common/31.3.0/c5e946321eec8391ed9cde454f5b5ae5215f13f9/common-31.3.0.jar because:
  Build cache is disabled
  Caching not enabled.
Caching disabled for ExternalDependencyInstrumentingArtifactTransform: /home/work/.gradle/caches/modules-2/files-2.1/org.jetbrains.kotlin/kotlin-stdlib-jdk8/1.9.20/e2b4d1f475ae0606d063a84fce4dccdb45c7e12a/kotlin-stdlib-jdk8-1.9.20.jar because:
  Build cache is disabled
  Caching not enabled.
Caching disabled for ExternalDependencyInstrumentingArtifactTransform: /home/work/.gradle/caches/modules-2/files-2.1/com.android.tools.build.jetifier/jetifier-processor/1.0.0-beta10/946c39eb0c052ff4f60a8939648a8b99af20d604/jetifier-processor-1.0.0-beta10.jar because:
  Build cache is disabled
  Caching not enabled.
Caching disabled for ExternalDependencyInstrumentingArtifactTransform: /home/work/.gradle/caches/modules-2/files-2.1/com.android.tools.build.jetifier/jetifier-core/1.0.0-beta10/6e621022a9c95af12a7004d6b55805bbd1126837/jetifier-core-1.0.0-beta10.jar because:
  Build cache is disabled
  Caching not enabled.
Caching disabled for ExternalDependencyInstrumentingArtifactTransform: /home/work/.gradle/caches/modules-2/files-2.1/org.jetbrains.kotlin/kotlin-reflect/1.9.22/761ab33cf85f03a3a24595e1b92639d82e7a9564/kotlin-reflect-1.9.22.jar because:
  Build cache is disabled
  Caching not enabled.
Caching disabled for ExternalDependencyInstrumentingArtifactTransform: /home/work/.gradle/caches/modules-2/files-2.1/org.jetbrains.kotlin/kotlin-stdlib-jdk7/1.9.20/8b4b73f4e08efaae93fc01d8c6eaab58a72d2ab3/kotlin-stdlib-jdk7-1.9.20.jar because:
  Build cache is disabled
  Caching not enabled.
Caching disabled for ExternalDependencyInstrumentingArtifactTransform: /home/work/.gradle/caches/modules-2/files-2.1/org.jetbrains.kotlin/kotlin-stdlib/1.9.22/d6c44cd08d8f3f9bece8101216dbe6553365c6e3/kotlin-stdlib-1.9.22.jar because:
  Build cache is disabled
  Caching not enabled.
Caching disabled for ExternalDependencyInstrumentingArtifactTransform: /home/work/.gradle/caches/modules-2/files-2.1/org.jetbrains/annotations/13.0/919f0dfe192fb4e063e7dacadee7f8bb9a2672a9/annotations-13.0.jar because:
  Build cache is disabled
  Caching not enabled.
Caching disabled for ExternalDependencyInstrumentingArtifactTransform: /home/work/.gradle/caches/modules-2/files-2.1/org.jetbrains.kotlin/kotlin-gradle-plugin-model/1.9.22/8ad595eac567746ccd6f029c0b1796ae08efe5bb/kotlin-gradle-plugin-model-1.9.22.jar because:
  Build cache is disabled
  Caching not enabled.
Caching disabled for ExternalDependencyInstrumentingArtifactTransform: /home/work/.gradle/caches/modules-2/files-2.1/org.jetbrains.kotlin/kotlin-gradle-plugin-api/1.9.22/17569b3e0ae3972df57b9b792857dc4c4de7d96e/kotlin-gradle-plugin-api-1.9.22.jar because:
  Build cache is disabled
  Caching not enabled.
Caching disabled for ExternalDependencyInstrumentingArtifactTransform: /home/work/.gradle/caches/modules-2/files-2.1/org.jetbrains.kotlin/kotlin-gradle-plugin/1.9.22/f598600f8b407cda9d4dcd9a4d901e83af68b90f/kotlin-gradle-plugin-1.9.22-gradle82.jar because:
  Build cache is disabled
  Caching not enabled.
Caching disabled for ExternalDependencyInstrumentingArtifactTransform: /home/work/.gradle/caches/modules-2/files-2.1/com.android.tools.build/bundletool/1.15.6/d804e9cf5387426500061a8e0eb5602d50a49e56/bundletool-1.15.6.jar because:
  Build cache is disabled
  Caching not enabled.
Caching disabled for ExternalDependencyInstrumentingArtifactTransform: /home/work/.gradle/caches/modules-2/files-2.1/com.android.tools.build/aapt2-proto/8.3.0-10880808/2bdf5dc2c2d31ae3dbbec287b8c929169b192c12/aapt2-proto-8.3.0-10880808.jar because:
  Build cache is disabled
  Caching not enabled.
Caching disabled for ExternalDependencyInstrumentingArtifactTransform: /home/work/.gradle/caches/modules-2/files-2.1/com.android.tools.analytics-library/crash/31.3.0/669e0dbea9c0612c1752365738497bea9627a6b9/crash-31.3.0.jar because:
  Build cache is disabled
  Caching not enabled.
Caching disabled for ExternalDependencyInstrumentingArtifactTransform: /home/work/.gradle/caches/modules-2/files-2.1/com.android.tools.lint/lint-typedef-remover/31.3.0/644ab9b8a697ba83702c4e32eaaf95c504e1a522/lint-typedef-remover-31.3.0.jar because:
  Build cache is disabled
  Caching not enabled.
Caching disabled for ExternalDependencyInstrumentingArtifactTransform: /home/work/.gradle/caches/modules-2/files-2.1/androidx.databinding/databinding-common/8.3.0/2be3530b78477835e69dce953b17adc1dbc5c6fa/databinding-common-8.3.0.jar because:
  Build cache is disabled
  Caching not enabled.
Caching disabled for ExternalDependencyInstrumentingArtifactTransform: /home/work/.gradle/caches/modules-2/files-2.1/com.android.databinding/baseLibrary/8.3.0/7e7399239e52d4069896277615e005add7ae8e5a/baseLibrary-8.3.0.jar because:
  Build cache is disabled
  Caching not enabled.
Caching disabled for ExternalDependencyInstrumentingArtifactTransform: /home/work/.gradle/caches/modules-2/files-2.1/com.android.tools.utp/android-device-provider-ddmlib-proto/31.3.0/732647a1df2d9405dbbc944ccb1a9153d7dc3e3a/android-device-provider-ddmlib-proto-31.3.0.jar because:
  Build cache is disabled
  Caching not enabled.
Caching disabled for ExternalDependencyInstrumentingArtifactTransform: /home/work/.gradle/caches/modules-2/files-2.1/com.android.tools.utp/android-device-provider-gradle-proto/31.3.0/9f4923a6c0e213f00c1cc31720d1535f2d8517fe/android-device-provider-gradle-proto-31.3.0.jar because:
  Build cache is disabled
  Caching not enabled.
Caching disabled for ExternalDependencyInstrumentingArtifactTransform: /home/work/.gradle/caches/modules-2/files-2.1/com.android.tools.utp/android-test-plugin-host-additional-test-output-proto/31.3.0/c02332c53d95a3e0ccd7ad9d6d97f8fec5d1a469/android-test-plugin-host-additional-test-output-proto-31.3.0.jar because:
  Build cache is disabled
  Caching not enabled.
Caching disabled for ExternalDependencyInstrumentingArtifactTransform: /home/work/.gradle/caches/modules-2/files-2.1/com.android.tools.utp/android-test-plugin-host-coverage-proto/31.3.0/c780344aab70a33c454ad697295e12278fed16db/android-test-plugin-host-coverage-proto-31.3.0.jar because:
  Build cache is disabled
  Caching not enabled.
Caching disabled for ExternalDependencyInstrumentingArtifactTransform: /home/work/.gradle/caches/modules-2/files-2.1/com.android.tools.utp/android-test-plugin-host-logcat-proto/31.3.0/d8f873c14c5c65746b97801c2c6cae506d0b3d29/android-test-plugin-host-logcat-proto-31.3.0.jar because:
  Build cache is disabled
  Caching not enabled.
Caching disabled for ExternalDependencyInstrumentingArtifactTransform: /home/work/.gradle/caches/modules-2/files-2.1/com.android.tools.utp/android-test-plugin-host-apk-installer-proto/31.3.0/2872376528c65b3166faeb6348e87d6d16391a6b/android-test-plugin-host-apk-installer-proto-31.3.0.jar because:
  Build cache is disabled
  Caching not enabled.
Caching disabled for ExternalDependencyInstrumentingArtifactTransform: /home/work/.gradle/caches/modules-2/files-2.1/com.android.tools.utp/android-test-plugin-result-listener-gradle-proto/31.3.0/f51d5e35aa252438265500d79fc2d314b7555b94/android-test-plugin-result-listener-gradle-proto-31.3.0.jar because:
  Build cache is disabled
  Caching not enabled.
Caching disabled for ExternalDependencyInstrumentingArtifactTransform: /home/work/.gradle/caches/modules-2/files-2.1/com.android.tools.build/transform-api/2.0.0-deprecated-use-gradle-api/47f6c56527c42425742fa9b56ffd3fd80763fe03/transform-api-2.0.0-deprecated-use-gradle-api.jar because:
  Build cache is disabled
  Caching not enabled.
Caching disabled for ExternalDependencyInstrumentingArtifactTransform: /home/work/.gradle/caches/modules-2/files-2.1/org.apache.httpcomponents/httpmime/4.5.6/164343da11db817e81e24e0d9869527e069850c9/httpmime-4.5.6.jar because:
  Build cache is disabled
  Caching not enabled.
Caching disabled for ExternalDependencyInstrumentingArtifactTransform: /home/work/.gradle/caches/modules-2/files-2.1/commons-io/commons-io/2.13.0/8bb2bc9b4df17e2411533a0708a69f983bf5e83b/commons-io-2.13.0.jar because:
  Build cache is disabled
  Caching not enabled.
Caching disabled for ExternalDependencyInstrumentingArtifactTransform: /home/work/.gradle/caches/modules-2/files-2.1/org.ow2.asm/asm-commons/9.6/f1a9e5508eff490744144565c47326c8648be309/asm-commons-9.6.jar because:
  Build cache is disabled
  Caching not enabled.
Caching disabled for ExternalDependencyInstrumentingArtifactTransform: /home/work/.gradle/caches/modules-2/files-2.1/org.ow2.asm/asm-util/9.6/f77caf84eb93786a749b2baa40865b9613e3eaee/asm-util-9.6.jar because:
  Build cache is disabled
  Caching not enabled.
Caching disabled for ExternalDependencyInstrumentingArtifactTransform: /home/work/.gradle/caches/modules-2/files-2.1/org.ow2.asm/asm-analysis/9.6/9ce6c7b174bd997fc2552dff47964546bd7a5ec3/asm-analysis-9.6.jar because:
  Build cache is disabled
  Caching not enabled.
Caching disabled for ExternalDependencyInstrumentingArtifactTransform: /home/work/.gradle/caches/modules-2/files-2.1/org.ow2.asm/asm-tree/9.6/c0cdda9d211e965d2a4448aa3fd86110f2f8c2de/asm-tree-9.6.jar because:
  Build cache is disabled
  Caching not enabled.
Caching disabled for ExternalDependencyInstrumentingArtifactTransform: /home/work/.gradle/caches/modules-2/files-2.1/org.ow2.asm/asm/9.6/aa205cf0a06dbd8e04ece91c0b37c3f5d567546a/asm-9.6.jar because:
  Build cache is disabled
  Caching not enabled.
Caching disabled for ExternalDependencyInstrumentingArtifactTransform: /home/work/.gradle/caches/modules-2/files-2.1/com.android.tools.build/apkzlib/8.3.0/d656b52facbb301b8bdc1e40a5ae008bcf335fe9/apkzlib-8.3.0.jar because:
  Build cache is disabled
  Caching not enabled.
Caching disabled for ExternalDependencyInstrumentingArtifactTransform: /home/work/.gradle/caches/modules-2/files-2.1/org.bouncycastle/bcpkix-jdk15on/1.67/5f48020a2a60a8d6bcbecceca23529d225b28efb/bcpkix-jdk15on-1.67.jar because:
  Build cache is disabled
  Caching not enabled.
Caching disabled for ExternalDependencyInstrumentingArtifactTransform: /home/work/.gradle/caches/modules-2/files-2.1/org.glassfish.jaxb/jaxb-runtime/2.3.2/5528bc882ea499a09d720b42af11785c4fc6be2a/jaxb-runtime-2.3.2.jar because:
  Build cache is disabled
  Caching not enabled.
Caching disabled for ExternalDependencyInstrumentingArtifactTransform: /home/work/.gradle/caches/modules-2/files-2.1/net.sf.jopt-simple/jopt-simple/4.9/ee9e9eaa0a35360dcfeac129ff4923215fd65904/jopt-simple-4.9.jar because:
  Build cache is disabled
  Caching not enabled.
Caching disabled for ExternalDependencyInstrumentingArtifactTransform: /home/work/.gradle/caches/modules-2/files-2.1/com.squareup/javapoet/1.10.0/712c178d35185d8261295913c9f2a7d6867a6007/javapoet-1.10.0.jar because:
  Build cache is disabled
  Caching not enabled.
Caching disabled for ExternalDependencyInstrumentingArtifactTransform: /home/work/.gradle/caches/modules-2/files-2.1/com.google.protobuf/protobuf-java-util/3.22.3/749cd4fe8ab52f37bc186193802ba19f5b284647/protobuf-java-util-3.22.3.jar because:
  Build cache is disabled
  Caching not enabled.
Caching disabled for ExternalDependencyInstrumentingArtifactTransform: /home/work/.gradle/caches/modules-2/files-2.1/io.grpc/grpc-protobuf/1.57.0/49986e40de6cbd14ba26247639b18ab0bac921c1/grpc-protobuf-1.57.0.jar because:
  Build cache is disabled
  Caching not enabled.
Caching disabled for ExternalDependencyInstrumentingArtifactTransform: /home/work/.gradle/caches/modules-2/files-2.1/com.google.crypto.tink/tink/1.7.0/668b57f109d32349b2870448f06ae6f202713edc/tink-1.7.0.jar because:
  Build cache is disabled
  Caching not enabled.
Caching disabled for ExternalDependencyInstrumentingArtifactTransform: /home/work/.gradle/caches/modules-2/files-2.1/com.android.tools.analytics-library/protos/31.3.0/ec108f559dc9ec26f98cfdbd44318e12500f0942/protos-31.3.0.jar because:
  Build cache is disabled
  Caching not enabled.
Caching disabled for ExternalDependencyInstrumentingArtifactTransform: /home/work/.gradle/caches/modules-2/files-2.1/com.google.api.grpc/proto-google-common-protos/2.17.0/7edf1e3aa96dc3861f7a8f24556c714e9c5b292/proto-google-common-protos-2.17.0.jar because:
  Build cache is disabled
  Caching not enabled.
Caching disabled for ExternalDependencyInstrumentingArtifactTransform: /home/work/.gradle/caches/modules-2/files-2.1/com.google.protobuf/protobuf-java/3.22.3/fdee98b8f6abab73f146a4edb4c09e56f8278d03/protobuf-java-3.22.3.jar because:
  Build cache is disabled
  Caching not enabled.
Caching disabled for ExternalDependencyInstrumentingArtifactTransform: /home/work/.gradle/caches/modules-2/files-2.1/io.grpc/grpc-netty/1.57.0/99cc01516c2fd1d134bf2585c2b38fa400804986/grpc-netty-1.57.0.jar because:
  Build cache is disabled
  Caching not enabled.
Caching disabled for ExternalDependencyInstrumentingArtifactTransform: /home/work/.gradle/caches/modules-2/files-2.1/io.grpc/grpc-core/1.57.0/2b6ef5166f31315098fff9bb85f33ab5fed58f6b/grpc-core-1.57.0.jar because:
  Build cache is disabled
  Caching not enabled.
Caching disabled for ExternalDependencyInstrumentingArtifactTransform: /home/work/.gradle/caches/modules-2/files-2.1/com.google.code.gson/gson/2.10.1/b3add478d4382b78ea20b1671390a858002feb6c/gson-2.10.1.jar because:
  Build cache is disabled
  Caching not enabled.
Caching disabled for ExternalDependencyInstrumentingArtifactTransform: /home/work/.gradle/caches/modules-2/files-2.1/io.grpc/grpc-stub/1.57.0/262e1469c080164d5e2459f4908394d66f4e8828/grpc-stub-1.57.0.jar because:
  Build cache is disabled
  Caching not enabled.
Caching disabled for ExternalDependencyInstrumentingArtifactTransform: /home/work/.gradle/caches/modules-2/files-2.1/com.google.testing.platform/core-proto/0.0.9-alpha02/ee54219cbb4a7fb83cdc528e9a85e0383f3ee726/core-proto-0.0.9-alpha02.jar because:
  Build cache is disabled
  Caching not enabled.
Caching disabled for ExternalDependencyInstrumentingArtifactTransform: /home/work/.gradle/caches/modules-2/files-2.1/net.sf.kxml/kxml2/2.3.0/ccbc77a5fd907ef863c29f3596c6f54ffa4e9442/kxml2-2.3.0.jar because:
  Build cache is disabled
  Caching not enabled.
Caching disabled for ExternalDependencyInstrumentingArtifactTransform: /home/work/.gradle/caches/modules-2/files-2.1/org.tensorflow/tensorflow-lite-metadata/0.1.0-rc2/7aa9b3e16d85c2aae5eff741265315a37c9f731a/tensorflow-lite-metadata-0.1.0-rc2.jar because:
  Build cache is disabled
  Caching not enabled.
Caching disabled for ExternalDependencyInstrumentingArtifactTransform: /home/work/.gradle/caches/modules-2/files-2.1/com.google.flatbuffers/flatbuffers-java/1.12.0/8201cc7b511177a37071249e891f2f2fea4b32e9/flatbuffers-java-1.12.0.jar because:
  Build cache is disabled
  Caching not enabled.
Caching disabled for ExternalDependencyInstrumentingArtifactTransform: /home/work/.gradle/caches/modules-2/files-2.1/org.jetbrains.kotlin/kotlin-gradle-plugin-idea-proto/1.9.22/f3dfa2a32c488fb0d040b377aefe544f10d4c1f/kotlin-gradle-plugin-idea-proto-1.9.22.jar because:
  Build cache is disabled
  Caching not enabled.
Caching disabled for ExternalDependencyInstrumentingArtifactTransform: /home/work/.gradle/caches/modules-2/files-2.1/org.jetbrains.kotlin/kotlin-gradle-plugin-idea/1.9.22/83cf5d4acdbf6c1e7b32ca96cb79b96e4cce032e/kotlin-gradle-plugin-idea-1.9.22.jar because:
  Build cache is disabled
  Caching not enabled.
Caching disabled for ExternalDependencyInstrumentingArtifactTransform: /home/work/.gradle/caches/modules-2/files-2.1/org.jetbrains.kotlin/kotlin-klib-commonizer-api/1.9.22/ecccaac16d10e24b3cf569aced956fc75907ca07/kotlin-klib-commonizer-api-1.9.22.jar because:
  Build cache is disabled
  Caching not enabled.
Caching disabled for ExternalDependencyInstrumentingArtifactTransform: /home/work/.gradle/caches/modules-2/files-2.1/org.jetbrains.kotlin/kotlin-native-utils/1.9.22/f8a640710af9828d08706f528f559b6775d8dbae/kotlin-native-utils-1.9.22.jar because:
  Build cache is disabled
  Caching not enabled.
Caching disabled for ExternalDependencyInstrumentingArtifactTransform: /home/work/.gradle/caches/modules-2/files-2.1/org.jetbrains.kotlin/kotlin-util-klib/1.9.22/e79ef1ef604c865c06b2c6dafec27cf8382de839/kotlin-util-klib-1.9.22.jar because:
  Build cache is disabled
  Caching not enabled.
Caching disabled for ExternalDependencyInstrumentingArtifactTransform: /home/work/.gradle/caches/modules-2/files-2.1/org.jetbrains.kotlin/kotlin-build-tools-api/1.9.22/4b586cac70f83d04bb79b3b5a125e0b6159e2f0/kotlin-build-tools-api-1.9.22.jar because:
  Build cache is disabled
  Caching not enabled.
Caching disabled for ExternalDependencyInstrumentingArtifactTransform: /home/work/.gradle/caches/modules-2/files-2.1/org.jetbrains.kotlin/kotlin-android-extensions/1.9.22/6a2bb8c1f0fb8d9c74462e5766cbbbd6b64f3a4/kotlin-android-extensions-1.9.22.jar because:
  Build cache is disabled
  Caching not enabled.
Caching disabled for ExternalDependencyInstrumentingArtifactTransform: /home/work/.gradle/caches/modules-2/files-2.1/org.jetbrains.kotlin/kotlin-compiler-runner/1.9.22/4a1d38f2422d2db9365947c89b09e868911450fb/kotlin-compiler-runner-1.9.22.jar because:
  Build cache is disabled
  Caching not enabled.
Caching disabled for ExternalDependencyInstrumentingArtifactTransform: /home/work/.gradle/caches/modules-2/files-2.1/org.jetbrains.kotlin/kotlin-compiler-embeddable/1.9.22/9cd4dc7773cf2a99ecd961a88fbbc9a2da3fb5e1/kotlin-compiler-embeddable-1.9.22.jar because:
  Build cache is disabled
  Caching not enabled.
Caching disabled for ExternalDependencyInstrumentingArtifactTransform: /home/work/.gradle/caches/modules-2/files-2.1/org.jetbrains.kotlin/kotlin-scripting-compiler-embeddable/1.9.22/68ad2e5ddce3f436a154aab01459a52fee2f0d3b/kotlin-scripting-compiler-embeddable-1.9.22.jar because:
  Build cache is disabled
  Caching not enabled.
Caching disabled for ExternalDependencyInstrumentingArtifactTransform: /home/work/.gradle/caches/modules-2/files-2.1/org.jetbrains.kotlin/kotlin-scripting-compiler-impl-embeddable/1.9.22/6dbdc3dd777e0dd1f6a49ee66a199be3af088df8/kotlin-scripting-compiler-impl-embeddable-1.9.22.jar because:
  Build cache is disabled
  Caching not enabled.
Caching disabled for ExternalDependencyInstrumentingArtifactTransform: /home/work/.gradle/caches/modules-2/files-2.1/com.google.jimfs/jimfs/1.1/8fbd0579dc68aba6186935cc1bee21d2f3e7ec1c/jimfs-1.1.jar because:
  Build cache is disabled
  Caching not enabled.
Caching disabled for ExternalDependencyInstrumentingArtifactTransform: /home/work/.gradle/caches/modules-2/files-2.1/io.grpc/grpc-context/1.57.0/8d8f26a9b0bed637ee4592e1df3ef134ed2c54fd/grpc-context-1.57.0.jar because:
  Build cache is disabled
  Caching not enabled.
Caching disabled for ExternalDependencyInstrumentingArtifactTransform: /home/work/.gradle/caches/modules-2/files-2.1/io.grpc/grpc-protobuf-lite/1.57.0/ca0084219b71d29cd9bfc3b81780aca91a965753/grpc-protobuf-lite-1.57.0.jar because:
  Build cache is disabled
  Caching not enabled.
Caching disabled for ExternalDependencyInstrumentingArtifactTransform: /home/work/.gradle/caches/modules-2/files-2.1/io.grpc/grpc-api/1.57.0/768ab3e583b213a3672ec776e70765b594e8bbe5/grpc-api-1.57.0.jar because:
  Build cache is disabled
  Caching not enabled.
Caching disabled for ExternalDependencyInstrumentingArtifactTransform: /home/work/.gradle/caches/modules-2/files-2.1/com.google.guava/guava/32.0.1-jre/6e5d51a72d142f2d40a57dfb897188b36a95b489/guava-32.0.1-jre.jar because:
  Build cache is disabled
  Caching not enabled.
Caching disabled for ExternalDependencyInstrumentingArtifactTransform: /home/work/.gradle/caches/modules-2/files-2.1/com.google.dagger/dagger/2.28.3/10d83810ef9e19714116ed518896c90c6606d633/dagger-2.28.3.jar because:
  Build cache is disabled
  Caching not enabled.
Caching disabled for ExternalDependencyInstrumentingArtifactTransform: /home/work/.gradle/caches/modules-2/files-2.1/javax.inject/javax.inject/1/6975da39a7040257bd51d21a231b76c915872d38/javax.inject-1.jar because:
  Build cache is disabled
  Caching not enabled.
Caching disabled for ExternalDependencyInstrumentingArtifactTransform: /home/work/.gradle/caches/modules-2/files-2.1/org.bouncycastle/bcprov-jdk15on/1.67/8c0998045da87dbc2f1d4b6480458ed811ca7b82/bcprov-jdk15on-1.67.jar because:
  Build cache is disabled
  Caching not enabled.
Caching disabled for ExternalDependencyInstrumentingArtifactTransform: /home/work/.gradle/caches/modules-2/files-2.1/org.jetbrains.intellij.deps/trove4j/1.0.20200330/3afb14d5f9ceb459d724e907a21145e8ff394f02/trove4j-1.0.20200330.jar because:
  Build cache is disabled
  Caching not enabled.
Caching disabled for ExternalDependencyInstrumentingArtifactTransform: /home/work/.gradle/caches/modules-2/files-2.1/org.apache.commons/commons-compress/1.21/4ec95b60d4e86b5c95a0e919cb172a0af98011ef/commons-compress-1.21.jar because:
  Build cache is disabled
  Caching not enabled.
Caching disabled for ExternalDependencyInstrumentingArtifactTransform: /home/work/.gradle/caches/modules-2/files-2.1/org.apache.httpcomponents/httpclient/4.5.14/1194890e6f56ec29177673f2f12d0b8e627dec98/httpclient-4.5.14.jar because:
  Build cache is disabled
  Caching not enabled.
Caching disabled for ExternalDependencyInstrumentingArtifactTransform: /home/work/.gradle/caches/modules-2/files-2.1/org.apache.httpcomponents/httpcore/4.4.16/51cf043c87253c9f58b539c9f7e44c8894223850/httpcore-4.4.16.jar because:
  Build cache is disabled
  Caching not enabled.
Caching disabled for ExternalDependencyInstrumentingArtifactTransform: /home/work/.gradle/caches/modules-2/files-2.1/com.sun.activation/javax.activation/1.2.0/bf744c1e2776ed1de3c55c8dac1057ec331ef744/javax.activation-1.2.0.jar because:
  Build cache is disabled
  Caching not enabled.
Caching disabled for ExternalDependencyInstrumentingArtifactTransform: /home/work/.gradle/caches/modules-2/files-2.1/com.android/signflinger/8.3.0/13f035dd8e7e470ff8f3216a0b46333187f26df5/signflinger-8.3.0.jar because:
  Build cache is disabled
  Caching not enabled.
Caching disabled for ExternalDependencyInstrumentingArtifactTransform: /home/work/.gradle/caches/modules-2/files-2.1/com.android/zipflinger/8.3.0/de8e3267995699af356740cf562cbedb485f5763/zipflinger-8.3.0.jar because:
  Build cache is disabled
  Caching not enabled.
Caching disabled for ExternalDependencyInstrumentingArtifactTransform: /home/work/.gradle/caches/modules-2/files-2.1/com.android.tools/annotations/31.3.0/d70720d1aed8e56163636f82782985acfe66eba8/annotations-31.3.0.jar because:
  Build cache is disabled
  Caching not enabled.
Caching disabled for ExternalDependencyInstrumentingArtifactTransform: /home/work/.gradle/caches/modules-2/files-2.1/net.java.dev.jna/jna-platform/5.6.0/d18424ffb8bbfd036d71bcaab9b546858f2ef986/jna-platform-5.6.0.jar because:
  Build cache is disabled
  Caching not enabled.
Caching disabled for ExternalDependencyInstrumentingArtifactTransform: /home/work/.gradle/caches/modules-2/files-2.1/com.googlecode.juniversalchardet/juniversalchardet/1.0.3/cd49678784c46aa8789c060538e0154013bb421b/juniversalchardet-1.0.3.jar because:
  Build cache is disabled
  Caching not enabled.
Caching disabled for ExternalDependencyInstrumentingArtifactTransform: /home/work/.gradle/caches/modules-2/files-2.1/javax.annotation/javax.annotation-api/1.3.2/934c04d3cfef185a8008e7bf34331b79730a9d43/javax.annotation-api-1.3.2.jar because:
  Build cache is disabled
  Caching not enabled.
Caching disabled for ExternalDependencyInstrumentingArtifactTransform: /home/work/.gradle/caches/modules-2/files-2.1/org.jvnet.staxex/stax-ex/1.8.1/78011e483a21102fb4858f3e8f269a677e50aa23/stax-ex-1.8.1.jar because:
  Build cache is disabled
  Caching not enabled.
Caching disabled for ExternalDependencyInstrumentingArtifactTransform: /home/work/.gradle/caches/modules-2/files-2.1/jakarta.xml.bind/jakarta.xml.bind-api/2.3.2/8d49996a4338670764d7ca4b85a1c4ccf7fe665d/jakarta.xml.bind-api-2.3.2.jar because:
  Build cache is disabled
  Caching not enabled.
Caching disabled for ExternalDependencyInstrumentingArtifactTransform: /home/work/.gradle/caches/modules-2/files-2.1/org.glassfish.jaxb/txw2/2.3.2/ce5be7da2e442c25ec14c766cb60cb802741727b/txw2-2.3.2.jar because:
  Build cache is disabled
  Caching not enabled.
Caching disabled for ExternalDependencyInstrumentingArtifactTransform: /home/work/.gradle/caches/modules-2/files-2.1/com.sun.istack/istack-commons-runtime/3.0.8/d6a97364045aa6b99bf2d3c566a3f98599c2d296/istack-commons-runtime-3.0.8.jar because:
  Build cache is disabled
  Caching not enabled.
Caching disabled for ExternalDependencyInstrumentingArtifactTransform: /home/work/.gradle/caches/modules-2/files-2.1/com.sun.xml.fastinfoset/FastInfoset/1.2.16/4eb6a0adad553bf759ffe86927df6f3b848c8bea/FastInfoset-1.2.16.jar because:
  Build cache is disabled
  Caching not enabled.
Caching disabled for ExternalDependencyInstrumentingArtifactTransform: /home/work/.gradle/caches/modules-2/files-2.1/jakarta.activation/jakarta.activation-api/1.2.1/562a587face36ec7eff2db7f2fc95425c6602bc1/jakarta.activation-api-1.2.1.jar because:
  Build cache is disabled
  Caching not enabled.
Caching disabled for ExternalDependencyInstrumentingArtifactTransform: /home/work/.gradle/caches/modules-2/files-2.1/com.google.auto.value/auto-value-annotations/1.6.2/ed193d86e0af90cc2342aedbe73c5d86b03fa09b/auto-value-annotations-1.6.2.jar because:
  Build cache is disabled
  Caching not enabled.
Caching disabled for ExternalDependencyInstrumentingArtifactTransform: /home/work/.gradle/caches/modules-2/files-2.1/com.google.errorprone/error_prone_annotations/2.18.0/89b684257096f548fa39a7df9fdaa409d4d4df91/error_prone_annotations-2.18.0.jar because:
  Build cache is disabled
  Caching not enabled.
Caching disabled for ExternalDependencyInstrumentingArtifactTransform: /home/work/.gradle/caches/modules-2/files-2.1/org.bitbucket.b_c/jose4j/0.7.0/478ee8518687f9b01f20912fc7edd9d7b46d06da/jose4j-0.7.0.jar because:
  Build cache is disabled
  Caching not enabled.
Caching disabled for ExternalDependencyInstrumentingArtifactTransform: /home/work/.gradle/caches/modules-2/files-2.1/org.slf4j/slf4j-api/1.7.30/b5a4b6d16ab13e34a88fae84c35cd5d68cac922c/slf4j-api-1.7.30.jar because:
  Build cache is disabled
  Caching not enabled.
Caching disabled for ExternalDependencyInstrumentingArtifactTransform: /home/work/.gradle/caches/modules-2/files-2.1/org.jdom/jdom2/2.0.6/6f14738ec2e9dd0011e343717fa624a10f8aab64/jdom2-2.0.6.jar because:
  Build cache is disabled
  Caching not enabled.
Caching disabled for ExternalDependencyInstrumentingArtifactTransform: /home/work/.gradle/caches/modules-2/files-2.1/com.google.code.findbugs/jsr305/3.0.2/25ea2e8b0c338a877313bd4672d3fe056ea78f0d/jsr305-3.0.2.jar because:
  Build cache is disabled
  Caching not enabled.
Caching disabled for ExternalDependencyInstrumentingArtifactTransform: /home/work/.gradle/caches/modules-2/files-2.1/com.google.j2objc/j2objc-annotations/2.8/c85270e307e7b822f1086b93689124b89768e273/j2objc-annotations-2.8.jar because:
  Build cache is disabled
  Caching not enabled.
Caching disabled for ExternalDependencyInstrumentingArtifactTransform: /home/work/.gradle/caches/modules-2/files-2.1/com.google.android/annotations/4.1.1.4/a1678ba907bf92691d879fef34e1a187038f9259/annotations-4.1.1.4.jar because:
  Build cache is disabled
  Caching not enabled.
Caching disabled for ExternalDependencyInstrumentingArtifactTransform: /home/work/.gradle/caches/modules-2/files-2.1/org.codehaus.mojo/animal-sniffer-annotations/1.23/3c0daebd5f0e1ce72cc50c818321ac957aeb5d70/animal-sniffer-annotations-1.23.jar because:
  Build cache is disabled
  Caching not enabled.
Caching disabled for ExternalDependencyInstrumentingArtifactTransform: /home/work/.gradle/caches/modules-2/files-2.1/io.perfmark/perfmark-api/0.26.0/ef65452adaf20bf7d12ef55913aba24037b82738/perfmark-api-0.26.0.jar because:
  Build cache is disabled
  Caching not enabled.
Caching disabled for ExternalDependencyInstrumentingArtifactTransform: /home/work/.gradle/caches/modules-2/files-2.1/io.netty/netty-codec-http2/4.1.93.Final/f1625b43bde13ec057da0d2fe381ded2547a70e/netty-codec-http2-4.1.93.Final.jar because:
  Build cache is disabled
  Caching not enabled.
Caching disabled for ExternalDependencyInstrumentingArtifactTransform: /home/work/.gradle/caches/modules-2/files-2.1/io.netty/netty-handler-proxy/4.1.93.Final/c165c1efe1b9c0cc22546a057b530611a088768b/netty-handler-proxy-4.1.93.Final.jar because:
  Build cache is disabled
  Caching not enabled.
Caching disabled for ExternalDependencyInstrumentingArtifactTransform: /home/work/.gradle/caches/modules-2/files-2.1/io.netty/netty-codec-http/4.1.93.Final/36acf0c94d03eb6ecef78a749a32cbb7dc0c57b4/netty-codec-http-4.1.93.Final.jar because:
  Build cache is disabled
  Caching not enabled.
Caching disabled for ExternalDependencyInstrumentingArtifactTransform: /home/work/.gradle/caches/modules-2/files-2.1/io.netty/netty-handler/4.1.93.Final/10f7ed9d8e1bfcba416074c70e5388be96116bfc/netty-handler-4.1.93.Final.jar because:
  Build cache is disabled
  Caching not enabled.
Caching disabled for ExternalDependencyInstrumentingArtifactTransform: /home/work/.gradle/caches/modules-2/files-2.1/io.netty/netty-transport-native-unix-common/4.1.93.Final/f4fb8b4c8da539091f43abcbb9f0389e48807eea/netty-transport-native-unix-common-4.1.93.Final.jar because:
  Build cache is disabled
  Caching not enabled.
Caching disabled for ExternalDependencyInstrumentingArtifactTransform: /home/work/.gradle/caches/modules-2/files-2.1/org.checkerframework/checker-qual/3.33.0/de2b60b62da487644fc11f734e73c8b0b431238f/checker-qual-3.33.0.jar because:
  Build cache is disabled
  Caching not enabled.
Caching disabled for ExternalDependencyInstrumentingArtifactTransform: /home/work/.gradle/caches/modules-2/files-2.1/commons-codec/commons-codec/1.11/3acb4705652e16236558f0f4f2192cc33c3bd189/commons-codec-1.11.jar because:
  Build cache is disabled
  Caching not enabled.
Caching disabled for ExternalDependencyInstrumentingArtifactTransform: /home/work/.gradle/caches/modules-2/files-2.1/com.android.tools.build/apksig/8.3.0/9125e1bb9607abb6d2d582f6b551360b0258658a/apksig-8.3.0.jar because:
  Build cache is disabled
  Caching not enabled.
Caching disabled for ExternalDependencyInstrumentingArtifactTransform: /home/work/.gradle/caches/modules-2/files-2.1/com.squareup/javawriter/2.5.0/81241ff7078ef14f42ea2a8995fa09c096256e6b/javawriter-2.5.0.jar because:
  Build cache is disabled
  Caching not enabled.
Caching disabled for ExternalDependencyInstrumentingArtifactTransform: /home/work/.gradle/caches/modules-2/files-2.1/org.jetbrains.kotlin/kotlin-gradle-plugin-annotations/1.9.22/56d4a967086a1a2f2d15bb0511e19b886b5e9fe/kotlin-gradle-plugin-annotations-1.9.22.jar because:
  Build cache is disabled
  Caching not enabled.
Caching disabled for ExternalDependencyInstrumentingArtifactTransform: /home/work/.gradle/caches/modules-2/files-2.1/org.jetbrains.kotlin/kotlin-project-model/1.9.22/8b00ec83de75c7ba587891f63ae2719b720aca5/kotlin-project-model-1.9.22.jar because:
  Build cache is disabled
  Caching not enabled.
Caching disabled for ExternalDependencyInstrumentingArtifactTransform: /home/work/.gradle/caches/modules-2/files-2.1/org.jetbrains.kotlin/kotlin-tooling-core/1.9.22/bdc01105250e7ecc8bbcf49a21805685cd557dda/kotlin-tooling-core-1.9.22.jar because:
  Build cache is disabled
  Caching not enabled.
Caching disabled for ExternalDependencyInstrumentingArtifactTransform: /home/work/.gradle/caches/modules-2/files-2.1/org.jetbrains.kotlin/kotlin-util-io/1.9.22/6810a00fa9f4616c07c5b0b82bef47aa57f22cb0/kotlin-util-io-1.9.22.jar because:
  Build cache is disabled
  Caching not enabled.
Caching disabled for ExternalDependencyInstrumentingArtifactTransform: /home/work/.gradle/caches/modules-2/files-2.1/org.jetbrains.kotlin/kotlin-daemon-embeddable/1.9.22/20e2c5df715f3240c765cfc222530e2796542021/kotlin-daemon-embeddable-1.9.22.jar because:
  Build cache is disabled
  Caching not enabled.
Caching disabled for ExternalDependencyInstrumentingArtifactTransform: /home/work/.gradle/caches/modules-2/files-2.1/org.jetbrains.kotlin/kotlin-daemon-client/1.9.22/fde46b1db1db37d8270a1c6a0c585ace99e4660e/kotlin-daemon-client-1.9.22.jar because:
  Build cache is disabled
  Caching not enabled.
Caching disabled for ExternalDependencyInstrumentingArtifactTransform: /home/work/.gradle/caches/modules-2/files-2.1/org.jetbrains.kotlinx/kotlinx-coroutines-core-jvm/1.5.0/d8cebccdcddd029022aa8646a5a953ff88b13ac8/kotlinx-coroutines-core-jvm-1.5.0.jar because:
  Build cache is disabled
  Caching not enabled.
Caching disabled for ExternalDependencyInstrumentingArtifactTransform: /home/work/.gradle/caches/modules-2/files-2.1/org.jetbrains.kotlin/kotlin-scripting-jvm/1.9.22/79c7960eb58c43865829cb2f420cf8806f59f8b1/kotlin-scripting-jvm-1.9.22.jar because:
  Build cache is disabled
  Caching not enabled.
Caching disabled for ExternalDependencyInstrumentingArtifactTransform: /home/work/.gradle/caches/modules-2/files-2.1/org.jetbrains.kotlin/kotlin-scripting-common/1.9.22/afe984c6e35d6ac356dbdeb79926474ea68ca7d1/kotlin-scripting-common-1.9.22.jar because:
  Build cache is disabled
  Caching not enabled.
Caching disabled for ExternalDependencyInstrumentingArtifactTransform: /home/work/.gradle/caches/modules-2/files-2.1/com.google.guava/failureaccess/1.0.1/1dcf1de382a0bf95a3d8b0849546c88bac1292c9/failureaccess-1.0.1.jar because:
  Build cache is disabled
  Caching not enabled.
Caching disabled for ExternalDependencyInstrumentingArtifactTransform: /home/work/.gradle/caches/modules-2/files-2.1/com.google.guava/listenablefuture/9999.0-empty-to-avoid-conflict-with-guava/b421526c5f297295adef1c886e5246c39d4ac629/listenablefuture-9999.0-empty-to-avoid-conflict-with-guava.jar because:
  Build cache is disabled
  Caching not enabled.
Caching disabled for ExternalDependencyInstrumentingArtifactTransform: /home/work/.gradle/caches/modules-2/files-2.1/commons-logging/commons-logging/1.2/4bfc12adfe4842bf07b657f0369c4cb522955686/commons-logging-1.2.jar because:
  Build cache is disabled
  Caching not enabled.
Caching disabled for ExternalDependencyInstrumentingArtifactTransform: /home/work/.gradle/caches/modules-2/files-2.1/net.java.dev.jna/jna/5.6.0/330f2244e9030119ab3030fc3fededc86713d9cc/jna-5.6.0.jar because:
  Build cache is disabled
  Caching not enabled.
Caching disabled for ExternalDependencyInstrumentingArtifactTransform: /home/work/.gradle/caches/modules-2/files-2.1/io.netty/netty-codec-socks/4.1.93.Final/81ca78969afc60073e47c3b7b361cc3839392c73/netty-codec-socks-4.1.93.Final.jar because:
  Build cache is disabled
  Caching not enabled.
Caching disabled for ExternalDependencyInstrumentingArtifactTransform: /home/work/.gradle/caches/modules-2/files-2.1/io.netty/netty-codec/4.1.93.Final/503badb458b6586632be8d1f81aa4e5ab99a80fc/netty-codec-4.1.93.Final.jar because:
  Build cache is disabled
  Caching not enabled.
Caching disabled for ExternalDependencyInstrumentingArtifactTransform: /home/work/.gradle/caches/modules-2/files-2.1/io.netty/netty-transport/4.1.93.Final/1a0894915c8027ce83b4d6a811c4e765955efd15/netty-transport-4.1.93.Final.jar because:
  Build cache is disabled
  Caching not enabled.
Caching disabled for ExternalDependencyInstrumentingArtifactTransform: /home/work/.gradle/caches/modules-2/files-2.1/io.netty/netty-buffer/4.1.93.Final/87fac21f4ef95157866b07b48e3c707a2f13c581/netty-buffer-4.1.93.Final.jar because:
  Build cache is disabled
  Caching not enabled.
Caching disabled for ExternalDependencyInstrumentingArtifactTransform: /home/work/.gradle/caches/modules-2/files-2.1/io.netty/netty-resolver/4.1.93.Final/3860e99075f9e078364ed38f6d6fc8825b7a168a/netty-resolver-4.1.93.Final.jar because:
  Build cache is disabled
  Caching not enabled.
Caching disabled for ExternalDependencyInstrumentingArtifactTransform: /home/work/.gradle/caches/modules-2/files-2.1/io.netty/netty-common/4.1.93.Final/1cfc49b91b0d3ddb30c9f7d8467e5d02ae8babdf/netty-common-4.1.93.Final.jar because:
  Build cache is disabled
  Caching not enabled.

> Configure project :app
Evaluating project ':app' using build file '/home/work/dumate/38de3a359c754da5801d140c2e404f0f/workspace/ses_gffe5f74c56b80ffeEC2z3n6Op3yk0K/NovelSeekUltra/app/build.gradle.kts'.
Cannot use Kotlin build script compile avoidance with /home/work/.gradle/caches/modules-2/files-2.1/com.android.tools.build/gradle/8.3.0/cb0cc4ee365545f762a0bae61b24c658e993921d/gradle-8.3.0.jar: class com/android/build/gradle/internal/utils/GuavaKtxKt: inline fun immutableListBuilder(): compile avoidance is not supported with public inline functions
Cannot use Kotlin build script compile avoidance with /home/work/.gradle/caches/modules-2/files-2.1/com.android.tools/sdk-common/31.3.0/37afecab482cbdb1014e4fa76e13b9ad77807bb6/sdk-common-31.3.0.jar: class com/android/ide/common/util/EnumUtilsKt: inline fun enumValueOfOrDefault(): compile avoidance is not supported with public inline functions
Cannot use Kotlin build script compile avoidance with /home/work/.gradle/caches/modules-2/files-2.1/com.android.tools/common/31.3.0/c5e946321eec8391ed9cde454f5b5ae5215f13f9/common-31.3.0.jar: class com/android/utils/NodeCollectionHelperKt: inline fun forEach(): compile avoidance is not supported with public inline functions
Cannot use Kotlin build script compile avoidance with /home/work/.gradle/caches/modules-2/files-2.1/org.jetbrains.kotlin/kotlin-gradle-plugin/1.9.22/f598600f8b407cda9d4dcd9a4d901e83af68b90f/kotlin-gradle-plugin-1.9.22-gradle82.jar: class org/jetbrains/kotlin/gradle/internal/KaptWithAndroid: inline fun androidVariantData(): compile avoidance is not supported with public inline functions
Cannot use Kotlin build script compile avoidance with /home/work/.gradle/caches/modules-2/files-2.1/com.android.tools.build/bundletool/1.15.6/d804e9cf5387426500061a8e0eb5602d50a49e56/bundletool-1.15.6.jar: class shadow/bundletool/com/android/utils/NodeCollectionHelperKt: inline fun forEach(): compile avoidance is not supported with public inline functions
Cannot use Kotlin build script compile avoidance with /home/work/.gradle/caches/modules-2/files-2.1/org.jetbrains.kotlin/kotlin-gradle-plugin-idea-proto/1.9.22/f3dfa2a32c488fb0d040b377aefe544f10d4c1f/kotlin-gradle-plugin-idea-proto-1.9.22.jar: class org/jetbrains/kotlin/gradle/idea/proto/generated/IdeaExtrasProtoKt$Dsl: inline fun setValues(): compile avoidance is not supported with public inline functions
Cannot use Kotlin build script compile avoidance with /home/work/.gradle/caches/modules-2/files-2.1/org.jetbrains.kotlin/kotlin-gradle-plugin-idea/1.9.22/83cf5d4acdbf6c1e7b32ca96cb79b96e4cce032e/kotlin-gradle-plugin-idea-1.9.22.jar: class org/jetbrains/kotlin/gradle/idea/serialize/IdeaKotlinExtrasSerializer$Companion: inline fun javaIoSerializable(): compile avoidance is not supported with public inline functions
Cannot use Kotlin build script compile avoidance with /home/work/.gradle/caches/modules-2/files-2.1/org.jetbrains.kotlin/kotlin-compiler-embeddable/1.9.22/9cd4dc7773cf2a99ecd961a88fbbc9a2da3fb5e1/kotlin-compiler-embeddable-1.9.22.jar: class org/jetbrains/kotlin/konan/file/FileKt: inline fun use(): compile avoidance is not supported with public inline functions
Cannot use Kotlin build script compile avoidance with /home/work/.gradle/caches/modules-2/files-2.1/org.jetbrains.kotlin/kotlin-tooling-core/1.9.22/bdc01105250e7ecc8bbcf49a21805685cd557dda/kotlin-tooling-core-1.9.22.jar: class org/jetbrains/kotlin/tooling/core/ClosureKt: inline fun closure(): compile avoidance is not supported with public inline functions
Cannot use Kotlin build script compile avoidance with /home/work/.gradle/caches/modules-2/files-2.1/org.jetbrains.kotlin/kotlin-util-io/1.9.22/6810a00fa9f4616c07c5b0b82bef47aa57f22cb0/kotlin-util-io-1.9.22.jar: class org/jetbrains/kotlin/konan/file/FileKt: inline fun use(): compile avoidance is not supported with public inline functions
Cannot use Kotlin build script compile avoidance with /home/work/.gradle/caches/modules-2/files-2.1/org.jetbrains.kotlinx/kotlinx-coroutines-core-jvm/1.5.0/d8cebccdcddd029022aa8646a5a953ff88b13ac8/kotlinx-coroutines-core-jvm-1.5.0.jar: class kotlinx/coroutines/CoroutineScopeKt: inline fun currentCoroutineContext(): compile avoidance is not supported with public inline functions
Caching disabled for Kotlin DSL script compilation (Project/TopLevel/stage1) because:
  Build cache is disabled
Resource missing. [HTTP GET: https://dl.google.com/dl/android/maven2/org/jetbrains/kotlin/plugin/serialization/org.jetbrains.kotlin.plugin.serialization.gradle.plugin/1.9.22/org.jetbrains.kotlin.plugin.serialization.gradle.plugin-1.9.22.pom]
Downloading https://repo.maven.apache.org/maven2/org/jetbrains/kotlin/plugin/serialization/org.jetbrains.kotlin.plugin.serialization.gradle.plugin/1.9.22/org.jetbrains.kotlin.plugin.serialization.gradle.plugin-1.9.22.pom to /home/work/.gradle/.tmp/gradle_download9100927835346484330bin
Resource missing. [HTTP HEAD: https://repo.maven.apache.org/maven2/org/jetbrains/kotlin/plugin/serialization/org.jetbrains.kotlin.plugin.serialization.gradle.plugin/1.9.22/org.jetbrains.kotlin.plugin.serialization.gradle.plugin-1.9.22.jar]
Resource missing. [HTTP GET: https://dl.google.com/dl/android/maven2/org/jetbrains/kotlin/kotlin-serialization/1.9.22/kotlin-serialization-1.9.22.pom]
Downloading https://repo.maven.apache.org/maven2/org/jetbrains/kotlin/kotlin-serialization/1.9.22/kotlin-serialization-1.9.22.pom to /home/work/.gradle/.tmp/gradle_download11930303086066785939bin
Downloading https://repo.maven.apache.org/maven2/org/jetbrains/kotlin/kotlin-serialization/1.9.22/kotlin-serialization-1.9.22.module to /home/work/.gradle/.tmp/gradle_download13737318282059337231bin
Downloading https://repo.maven.apache.org/maven2/org/jetbrains/kotlin/kotlin-gradle-plugin-api/1.9.22/kotlin-gradle-plugin-api-1.9.22-gradle82.jar to /home/work/.gradle/.tmp/gradle_download13434749064277680060bin
Downloading https://repo.maven.apache.org/maven2/org/jetbrains/kotlin/kotlin-serialization/1.9.22/kotlin-serialization-1.9.22-gradle82.jar to /home/work/.gradle/.tmp/gradle_download13592157989544826225bin
Transforming kotlin-gradle-plugin-api-1.9.22-gradle82.jar (org.jetbrains.kotlin:kotlin-gradle-plugin-api:1.9.22) with ExternalDependencyInstrumentingArtifactTransform
Transforming kotlin-serialization-1.9.22-gradle82.jar (org.jetbrains.kotlin:kotlin-serialization:1.9.22) with ExternalDependencyInstrumentingArtifactTransform
Transforming kotlin-gradle-plugin-annotations-1.9.22.jar (org.jetbrains.kotlin:kotlin-gradle-plugin-annotations:1.9.22) with ExternalDependencyInstrumentingArtifactTransform
Transforming kotlin-native-utils-1.9.22.jar (org.jetbrains.kotlin:kotlin-native-utils:1.9.22) with ExternalDependencyInstrumentingArtifactTransform
Transforming kotlin-project-model-1.9.22.jar (org.jetbrains.kotlin:kotlin-project-model:1.9.22) with ExternalDependencyInstrumentingArtifactTransform
Transforming kotlin-tooling-core-1.9.22.jar (org.jetbrains.kotlin:kotlin-tooling-core:1.9.22) with ExternalDependencyInstrumentingArtifactTransform
Transforming kotlin-util-klib-1.9.22.jar (org.jetbrains.kotlin:kotlin-util-klib:1.9.22) with ExternalDependencyInstrumentingArtifactTransform
Transforming kotlin-util-io-1.9.22.jar (org.jetbrains.kotlin:kotlin-util-io:1.9.22) with ExternalDependencyInstrumentingArtifactTransform
Caching disabled for ExternalDependencyInstrumentingArtifactTransform: /home/work/.gradle/caches/modules-2/files-2.1/org.jetbrains.kotlin/kotlin-gradle-plugin-api/1.9.22/17569b3e0ae3972df57b9b792857dc4c4de7d96e/kotlin-gradle-plugin-api-1.9.22-gradle82.jar because:
  Build cache is disabled
  Caching not enabled.
Caching disabled for ExternalDependencyInstrumentingArtifactTransform: /home/work/.gradle/caches/modules-2/files-2.1/org.jetbrains.kotlin/kotlin-serialization/1.9.22/974994cbe64298b7dce5553d8bdd14abf18b9ef5/kotlin-serialization-1.9.22-gradle82.jar because:
  Build cache is disabled
  Caching not enabled.
Using default execution profile
Using Kotlin Gradle Plugin gradle82 variant
Caching disabled for Kotlin DSL accessors for project ':app' because:
  Build cache is disabled
Caching disabled for Kotlin DSL script compilation (Project/TopLevel/stage2) because:
  Build cache is disabled
All projects evaluated.
Task name matched 'assembleDebug'
Selected primary task 'assembleDebug' from project :
Warning: SDK processing. This version only understands SDK XML versions up to 3 but an SDK XML file of version 4 was encountered. This can happen if you use versions of Android Studio and the command-line tools that were released at different times.
Tasks to be executed: [task ':app:preBuild', task ':app:preDebugBuild', task ':app:mergeDebugNativeDebugMetadata', task ':app:checkKotlinGradlePluginConfigurationErrors', task ':app:checkDebugAarMetadata', task ':app:generateDebugResValues', task ':app:mapDebugSourceSetPaths', task ':app:generateDebugResources', task ':app:mergeDebugResources', task ':app:packageDebugResources', task ':app:parseDebugLocalResources', task ':app:createDebugCompatibleScreenManifests', task ':app:extractDeepLinksDebug', task ':app:processDebugMainManifest', task ':app:processDebugManifest', task ':app:processDebugManifestForPackage', task ':app:processDebugResources', task ':app:kspDebugKotlin', task ':app:compileDebugKotlin', task ':app:javaPreCompileDebug', task ':app:compileDebugJavaWithJavac', task ':app:mergeDebugShaders', task ':app:compileDebugShaders', task ':app:generateDebugAssets', task ':app:mergeDebugAssets', task ':app:compressDebugAssets', task ':app:desugarDebugFileDependencies', task ':app:dexBuilderDebug', task ':app:mergeDebugGlobalSynthetics', task ':app:processDebugJavaRes', task ':app:mergeDebugJavaResource', task ':app:checkDebugDuplicateClasses', task ':app:mergeExtDexDebug', task ':app:mergeLibDexDebug', task ':app:mergeProjectDexDebug', task ':app:mergeDebugJniLibFolders', task ':app:mergeDebugNativeLibs', task ':app:stripDebugDebugSymbols', task ':app:validateSigningDebug', task ':app:writeDebugAppMetadata', task ':app:writeDebugSigningConfigVersions', task ':app:packageDebug', task ':app:createDebugApkListingFileRedirect', task ':app:assembleDebug']
Tasks that were excluded: []
Resolve mutations for :app:preBuild (Thread[included builds,5,main]) started.
:app:preBuild (Thread[Execution worker,5,main]) started.

> Task :app:preBuild UP-TO-DATE
Skipping task ':app:preBuild' as it has no actions.
Resolve mutations for :app:preDebugBuild (Thread[Execution worker,5,main]) started.
:app:preDebugBuild (Thread[included builds,5,main]) started.

> Task :app:preDebugBuild UP-TO-DATE
Skipping task ':app:preDebugBuild' as it has no actions.
Resolve mutations for :app:mergeDebugNativeDebugMetadata (Thread[included builds,5,main]) started.
:app:mergeDebugNativeDebugMetadata (Thread[included builds,5,main]) started.

> Task :app:mergeDebugNativeDebugMetadata NO-SOURCE
Skipping task ':app:mergeDebugNativeDebugMetadata' as it has no source files and no previous output files.
Resolve mutations for :app:checkKotlinGradlePluginConfigurationErrors (Thread[Execution worker,5,main]) started.
:app:checkKotlinGradlePluginConfigurationErrors (Thread[Execution worker,5,main]) started.

> Task :app:checkKotlinGradlePluginConfigurationErrors
Caching disabled for task ':app:checkKotlinGradlePluginConfigurationErrors' because:
  Build cache is disabled
Task ':app:checkKotlinGradlePluginConfigurationErrors' is not up-to-date because:
  Task has not declared any outputs despite executing actions.
Resolve mutations for :app:checkDebugAarMetadata (Thread[included builds,5,main]) started.
:app:checkDebugAarMetadata (Thread[included builds,5,main]) started.

> Task :app:checkDebugAarMetadata
Downloading https://dl.google.com/dl/android/maven2/androidx/compose/compose-bom/2024.03.00/compose-bom-2024.03.00.pom to /home/work/.gradle/.tmp/gradle_download11814039232465842392bin
Downloading https://dl.google.com/dl/android/maven2/androidx/core/core-ktx/1.12.0/core-ktx-1.12.0.pom to /home/work/.gradle/.tmp/gradle_download3290963194076529239bin
Downloading https://dl.google.com/dl/android/maven2/androidx/lifecycle/lifecycle-runtime-ktx/2.7.0/lifecycle-runtime-ktx-2.7.0.pom to /home/work/.gradle/.tmp/gradle_download5564693787083717908bin
Downloading https://dl.google.com/dl/android/maven2/androidx/lifecycle/lifecycle-runtime-ktx/2.7.0/lifecycle-runtime-ktx-2.7.0.module to /home/work/.gradle/.tmp/gradle_download6269710490272605467bin
Downloading https://dl.google.com/dl/android/maven2/androidx/core/core-ktx/1.12.0/core-ktx-1.12.0.module to /home/work/.gradle/.tmp/gradle_download17546643375165172388bin
Downloading https://dl.google.com/dl/android/maven2/androidx/activity/activity-compose/1.8.2/activity-compose-1.8.2.pom to /home/work/.gradle/.tmp/gradle_download13897892736167102605bin
Downloading https://dl.google.com/dl/android/maven2/androidx/activity/activity-compose/1.8.2/activity-compose-1.8.2.module to /home/work/.gradle/.tmp/gradle_download8264950272103821315bin
Downloading https://dl.google.com/dl/android/maven2/androidx/navigation/navigation-compose/2.7.7/navigation-compose-2.7.7.pom to /home/work/.gradle/.tmp/gradle_download13242082132540373652bin
Downloading https://dl.google.com/dl/android/maven2/androidx/lifecycle/lifecycle-viewmodel-compose/2.7.0/lifecycle-viewmodel-compose-2.7.0.pom to /home/work/.gradle/.tmp/gradle_download14030041056655418539bin
Downloading https://dl.google.com/dl/android/maven2/androidx/navigation/navigation-compose/2.7.7/navigation-compose-2.7.7.module to /home/work/.gradle/.tmp/gradle_download6318345741087653201bin
Downloading https://dl.google.com/dl/android/maven2/androidx/lifecycle/lifecycle-viewmodel-compose/2.7.0/lifecycle-viewmodel-compose-2.7.0.module to /home/work/.gradle/.tmp/gradle_download6649844056188359423bin
Downloading https://dl.google.com/dl/android/maven2/androidx/lifecycle/lifecycle-runtime-compose/2.7.0/lifecycle-runtime-compose-2.7.0.pom to /home/work/.gradle/.tmp/gradle_download12217121248013210836bin
Downloading https://dl.google.com/dl/android/maven2/androidx/room/room-runtime/2.6.1/room-runtime-2.6.1.pom to /home/work/.gradle/.tmp/gradle_download8458531203790693667bin
Downloading https://dl.google.com/dl/android/maven2/androidx/room/room-runtime/2.6.1/room-runtime-2.6.1.module to /home/work/.gradle/.tmp/gradle_download10171564185515820574bin
Downloading https://dl.google.com/dl/android/maven2/androidx/lifecycle/lifecycle-runtime-compose/2.7.0/lifecycle-runtime-compose-2.7.0.module to /home/work/.gradle/.tmp/gradle_download10526507476449155953bin
Downloading https://dl.google.com/dl/android/maven2/androidx/room/room-ktx/2.6.1/room-ktx-2.6.1.pom to /home/work/.gradle/.tmp/gradle_download9590116368510573939bin
Resource missing. [HTTP GET: https://dl.google.com/dl/android/maven2/com/squareup/retrofit2/retrofit/2.9.0/retrofit-2.9.0.pom]
Downloading https://dl.google.com/dl/android/maven2/androidx/room/room-ktx/2.6.1/room-ktx-2.6.1.module to /home/work/.gradle/.tmp/gradle_download15204271530746967709bin
Resource missing. [HTTP GET: https://dl.google.com/dl/android/maven2/com/squareup/retrofit2/converter-gson/2.9.0/converter-gson-2.9.0.pom]
Downloading https://repo.maven.apache.org/maven2/com/squareup/retrofit2/retrofit/2.9.0/retrofit-2.9.0.pom to /home/work/.gradle/.tmp/gradle_download6267154557413399717bin
Downloading https://repo.maven.apache.org/maven2/com/squareup/retrofit2/converter-gson/2.9.0/converter-gson-2.9.0.pom to /home/work/.gradle/.tmp/gradle_download5270205629477913215bin
Resource missing. [HTTP GET: https://dl.google.com/dl/android/maven2/com/squareup/okhttp3/okhttp/4.12.0/okhttp-4.12.0.pom]
Resource missing. [HTTP GET: https://dl.google.com/dl/android/maven2/com/squareup/okhttp3/logging-interceptor/4.12.0/logging-interceptor-4.12.0.pom]
Downloading https://repo.maven.apache.org/maven2/com/squareup/okhttp3/logging-interceptor/4.12.0/logging-interceptor-4.12.0.pom to /home/work/.gradle/.tmp/gradle_download9346143899267637813bin
Downloading https://repo.maven.apache.org/maven2/com/squareup/okhttp3/okhttp/4.12.0/okhttp-4.12.0.pom to /home/work/.gradle/.tmp/gradle_download17048827007913627910bin
Downloading https://repo.maven.apache.org/maven2/com/squareup/okhttp3/logging-interceptor/4.12.0/logging-interceptor-4.12.0.module to /home/work/.gradle/.tmp/gradle_download10887410909971531934bin
Resource missing. [HTTP GET: https://dl.google.com/dl/android/maven2/org/jetbrains/kotlinx/kotlinx-coroutines-android/1.7.3/kotlinx-coroutines-android-1.7.3.pom]
Downloading https://repo.maven.apache.org/maven2/com/squareup/okhttp3/okhttp/4.12.0/okhttp-4.12.0.module to /home/work/.gradle/.tmp/gradle_download4665692064931315752bin
Downloading https://repo.maven.apache.org/maven2/org/jetbrains/kotlinx/kotlinx-coroutines-android/1.7.3/kotlinx-coroutines-android-1.7.3.pom to /home/work/.gradle/.tmp/gradle_download5555410934710005160bin
Downloading https://dl.google.com/dl/android/maven2/androidx/datastore/datastore-preferences/1.0.0/datastore-preferences-1.0.0.pom to /home/work/.gradle/.tmp/gradle_download7221334717152573943bin
Resource missing. [HTTP GET: https://dl.google.com/dl/android/maven2/org/jetbrains/kotlinx/kotlinx-coroutines-bom/1.7.3/kotlinx-coroutines-bom-1.7.3.pom]
Downloading https://dl.google.com/dl/android/maven2/androidx/datastore/datastore-preferences/1.0.0/datastore-preferences-1.0.0.module to /home/work/.gradle/.tmp/gradle_download15549896885991949708bin
Downloading https://repo.maven.apache.org/maven2/org/jetbrains/kotlinx/kotlinx-coroutines-bom/1.7.3/kotlinx-coroutines-bom-1.7.3.pom to /home/work/.gradle/.tmp/gradle_download5280214607146185474bin
Resource missing. [HTTP GET: https://dl.google.com/dl/android/maven2/org/jetbrains/kotlinx/kotlinx-serialization-json/1.6.2/kotlinx-serialization-json-1.6.2.pom]
Downloading https://repo.maven.apache.org/maven2/org/jetbrains/kotlinx/kotlinx-serialization-json/1.6.2/kotlinx-serialization-json-1.6.2.pom to /home/work/.gradle/.tmp/gradle_download14877976773301650832bin
Downloading https://repo.maven.apache.org/maven2/org/jetbrains/kotlinx/kotlinx-coroutines-android/1.7.3/kotlinx-coroutines-android-1.7.3.module to /home/work/.gradle/.tmp/gradle_download3851742277180742919bin
Resource missing. [HTTP GET: https://dl.google.com/dl/android/maven2/org/jetbrains/kotlinx/kotlinx-serialization-bom/1.6.2/kotlinx-serialization-bom-1.6.2.pom]
Downloading https://repo.maven.apache.org/maven2/org/jetbrains/kotlinx/kotlinx-serialization-bom/1.6.2/kotlinx-serialization-bom-1.6.2.pom to /home/work/.gradle/.tmp/gradle_download4377353107413103586bin
Downloading https://repo.maven.apache.org/maven2/org/jetbrains/kotlinx/kotlinx-serialization-json/1.6.2/kotlinx-serialization-json-1.6.2.module to /home/work/.gradle/.tmp/gradle_download12962894873348957860bin
Downloading https://dl.google.com/dl/android/maven2/androidx/compose/material/material-icons-extended/1.6.4/material-icons-extended-1.6.4.pom to /home/work/.gradle/.tmp/gradle_download14586790336246235677bin
Downloading https://dl.google.com/dl/android/maven2/androidx/compose/material/material-icons-extended/1.6.4/material-icons-extended-1.6.4.module to /home/work/.gradle/.tmp/gradle_download10336462615035686252bin
Downloading https://dl.google.com/dl/android/maven2/androidx/compose/material3/material3/1.2.1/material3-1.2.1.pom to /home/work/.gradle/.tmp/gradle_download14449411710141695359bin
Downloading https://dl.google.com/dl/android/maven2/androidx/compose/material3/material3/1.2.1/material3-1.2.1.module to /home/work/.gradle/.tmp/gradle_download18375218778110308444bin
Downloading https://dl.google.com/dl/android/maven2/androidx/compose/ui/ui/1.6.4/ui-1.6.4.pom to /home/work/.gradle/.tmp/gradle_download3623304882186772779bin
Downloading https://dl.google.com/dl/android/maven2/androidx/compose/ui/ui/1.6.4/ui-1.6.4.module to /home/work/.gradle/.tmp/gradle_download1701410777687055927bin
Downloading https://dl.google.com/dl/android/maven2/androidx/compose/ui/ui-graphics/1.6.4/ui-graphics-1.6.4.pom to /home/work/.gradle/.tmp/gradle_download17824375357430582873bin
Downloading https://dl.google.com/dl/android/maven2/androidx/compose/ui/ui-graphics/1.6.4/ui-graphics-1.6.4.module to /home/work/.gradle/.tmp/gradle_download1587516116772706579bin
Downloading https://dl.google.com/dl/android/maven2/androidx/compose/ui/ui-test-manifest/1.6.4/ui-test-manifest-1.6.4.pom to /home/work/.gradle/.tmp/gradle_download7050599060145609918bin
Downloading https://dl.google.com/dl/android/maven2/androidx/compose/ui/ui-test-manifest/1.6.4/ui-test-manifest-1.6.4.module to /home/work/.gradle/.tmp/gradle_download17373299020057338505bin
Downloading https://dl.google.com/dl/android/maven2/androidx/compose/ui/ui-tooling/1.6.4/ui-tooling-1.6.4.pom to /home/work/.gradle/.tmp/gradle_download5723783865781916104bin
Downloading https://dl.google.com/dl/android/maven2/androidx/compose/ui/ui-tooling/1.6.4/ui-tooling-1.6.4.module to /home/work/.gradle/.tmp/gradle_download4847618696931508605bin
Downloading https://dl.google.com/dl/android/maven2/androidx/compose/ui/ui-tooling-preview/1.6.4/ui-tooling-preview-1.6.4.pom to /home/work/.gradle/.tmp/gradle_download18294109339894552090bin
Downloading https://dl.google.com/dl/android/maven2/androidx/compose/ui/ui-tooling-preview/1.6.4/ui-tooling-preview-1.6.4.module to /home/work/.gradle/.tmp/gradle_download595613953019209405bin
Downloading https://dl.google.com/dl/android/maven2/androidx/annotation/annotation/1.1.0/annotation-1.1.0.pom to /home/work/.gradle/.tmp/gradle_download11239052193441251021bin
Downloading https://dl.google.com/dl/android/maven2/androidx/core/core/1.12.0/core-1.12.0.pom to /home/work/.gradle/.tmp/gradle_download16726054494736986580bin
Downloading https://dl.google.com/dl/android/maven2/androidx/core/core/1.12.0/core-1.12.0.module to /home/work/.gradle/.tmp/gradle_download15151567017030562427bin
Downloading https://dl.google.com/dl/android/maven2/androidx/lifecycle/lifecycle-runtime/2.7.0/lifecycle-runtime-2.7.0.pom to /home/work/.gradle/.tmp/gradle_download13240623492685499276bin
Downloading https://dl.google.com/dl/android/maven2/androidx/lifecycle/lifecycle-runtime/2.7.0/lifecycle-runtime-2.7.0.module to /home/work/.gradle/.tmp/gradle_download14184052893480784237bin
Downloading https://dl.google.com/dl/android/maven2/androidx/activity/activity-ktx/1.8.2/activity-ktx-1.8.2.pom to /home/work/.gradle/.tmp/gradle_download951328860696139005bin
Downloading https://dl.google.com/dl/android/maven2/androidx/activity/activity-ktx/1.8.2/activity-ktx-1.8.2.module to /home/work/.gradle/.tmp/gradle_download3644510790194373533bin
Downloading https://dl.google.com/dl/android/maven2/androidx/lifecycle/lifecycle-viewmodel/2.7.0/lifecycle-viewmodel-2.7.0.pom to /home/work/.gradle/.tmp/gradle_download15932466668177762976bin
Downloading https://dl.google.com/dl/android/maven2/androidx/lifecycle/lifecycle-viewmodel/2.7.0/lifecycle-viewmodel-2.7.0.module to /home/work/.gradle/.tmp/gradle_download8011157179081539424bin
Downloading https://dl.google.com/dl/android/maven2/androidx/compose/runtime/runtime/1.6.4/runtime-1.6.4.pom to /home/work/.gradle/.tmp/gradle_download17867440108269678056bin
Downloading https://dl.google.com/dl/android/maven2/androidx/compose/runtime/runtime-saveable/1.6.4/runtime-saveable-1.6.4.pom to /home/work/.gradle/.tmp/gradle_download3731185135391739136bin
Downloading https://dl.google.com/dl/android/maven2/androidx/compose/runtime/runtime/1.6.4/runtime-1.6.4.module to /home/work/.gradle/.tmp/gradle_download8022189124458201083bin
Downloading https://dl.google.com/dl/android/maven2/androidx/compose/runtime/runtime-saveable/1.6.4/runtime-saveable-1.6.4.module to /home/work/.gradle/.tmp/gradle_download1599052236315380369bin
Downloading https://dl.google.com/dl/android/maven2/androidx/navigation/navigation-runtime-ktx/2.7.7/navigation-runtime-ktx-2.7.7.pom to /home/work/.gradle/.tmp/gradle_download547304914681171095bin
Downloading https://dl.google.com/dl/android/maven2/androidx/navigation/navigation-runtime-ktx/2.7.7/navigation-runtime-ktx-2.7.7.module to /home/work/.gradle/.tmp/gradle_download856659885833413627bin
Downloading https://dl.google.com/dl/android/maven2/androidx/compose/animation/animation/1.6.4/animation-1.6.4.pom to /home/work/.gradle/.tmp/gradle_download1138927727181137216bin
Downloading https://dl.google.com/dl/android/maven2/androidx/compose/foundation/foundation-layout/1.6.4/foundation-layout-1.6.4.pom to /home/work/.gradle/.tmp/gradle_download18132922922027294324bin
Downloading https://dl.google.com/dl/android/maven2/androidx/compose/animation/animation/1.6.4/animation-1.6.4.module to /home/work/.gradle/.tmp/gradle_download12230786649340254459bin
Downloading https://dl.google.com/dl/android/maven2/androidx/compose/foundation/foundation-layout/1.6.4/foundation-layout-1.6.4.module to /home/work/.gradle/.tmp/gradle_download9296527136806124138bin
Downloading https://dl.google.com/dl/android/maven2/androidx/annotation/annotation-experimental/1.1.0/annotation-experimental-1.1.0.pom to /home/work/.gradle/.tmp/gradle_download14233661570422371160bin
Downloading https://dl.google.com/dl/android/maven2/androidx/lifecycle/lifecycle-common-java8/2.7.0/lifecycle-common-java8-2.7.0.pom to /home/work/.gradle/.tmp/gradle_download16535093787810525230bin
Downloading https://dl.google.com/dl/android/maven2/androidx/annotation/annotation-experimental/1.1.0/annotation-experimental-1.1.0.module to /home/work/.gradle/.tmp/gradle_download4701021821219960491bin
Downloading https://dl.google.com/dl/android/maven2/androidx/lifecycle/lifecycle-common-java8/2.7.0/lifecycle-common-java8-2.7.0.module to /home/work/.gradle/.tmp/gradle_download6304461587047238429bin
Downloading https://dl.google.com/dl/android/maven2/androidx/lifecycle/lifecycle-viewmodel-savedstate/2.7.0/lifecycle-viewmodel-savedstate-2.7.0.pom to /home/work/.gradle/.tmp/gradle_download6729960566348434986bin
Downloading https://dl.google.com/dl/android/maven2/androidx/lifecycle/lifecycle-viewmodel-ktx/2.7.0/lifecycle-viewmodel-ktx-2.7.0.pom to /home/work/.gradle/.tmp/gradle_download26521004767405344bin
Downloading https://dl.google.com/dl/android/maven2/androidx/lifecycle/lifecycle-viewmodel-savedstate/2.7.0/lifecycle-viewmodel-savedstate-2.7.0.module to /home/work/.gradle/.tmp/gradle_download8612311233830497531bin
Downloading https://dl.google.com/dl/android/maven2/androidx/lifecycle/lifecycle-viewmodel-ktx/2.7.0/lifecycle-viewmodel-ktx-2.7.0.module to /home/work/.gradle/.tmp/gradle_download9171228922114814877bin
Downloading https://dl.google.com/dl/android/maven2/androidx/arch/core/core-runtime/2.2.0/core-runtime-2.2.0.pom to /home/work/.gradle/.tmp/gradle_download14966639549426698403bin
Downloading https://dl.google.com/dl/android/maven2/androidx/room/room-common/2.6.1/room-common-2.6.1.pom to /home/work/.gradle/.tmp/gradle_download11049634241681440594bin
Downloading https://dl.google.com/dl/android/maven2/androidx/arch/core/core-runtime/2.2.0/core-runtime-2.2.0.module to /home/work/.gradle/.tmp/gradle_download17030771398303065864bin
Downloading https://dl.google.com/dl/android/maven2/androidx/room/room-common/2.6.1/room-common-2.6.1.module to /home/work/.gradle/.tmp/gradle_download193047168733994417bin
Downloading https://dl.google.com/dl/android/maven2/androidx/sqlite/sqlite/2.4.0/sqlite-2.4.0.pom to /home/work/.gradle/.tmp/gradle_download15380667278274707520bin
Downloading https://dl.google.com/dl/android/maven2/androidx/sqlite/sqlite-framework/2.4.0/sqlite-framework-2.4.0.pom to /home/work/.gradle/.tmp/gradle_download9558892999931969762bin
Downloading https://dl.google.com/dl/android/maven2/androidx/sqlite/sqlite/2.4.0/sqlite-2.4.0.module to /home/work/.gradle/.tmp/gradle_download6550922740531723169bin
Downloading https://dl.google.com/dl/android/maven2/androidx/sqlite/sqlite-framework/2.4.0/sqlite-framework-2.4.0.module to /home/work/.gradle/.tmp/gradle_download18305232749638475213bin
Resource missing. [HTTP GET: https://dl.google.com/dl/android/maven2/com/squareup/okio/okio/3.6.0/okio-3.6.0.pom]
Downloading https://repo.maven.apache.org/maven2/com/squareup/okio/okio/3.6.0/okio-3.6.0.pom to /home/work/.gradle/.tmp/gradle_download17473745630476862749bin
Downloading https://repo.maven.apache.org/maven2/com/squareup/okio/okio/3.6.0/okio-3.6.0.module to /home/work/.gradle/.tmp/gradle_download13574966295216451684bin
Resource missing. [HTTP GET: https://dl.google.com/dl/android/maven2/org/jetbrains/kotlin/kotlin-stdlib-jdk8/1.8.21/kotlin-stdlib-jdk8-1.8.21.pom]
Downloading https://repo.maven.apache.org/maven2/org/jetbrains/kotlin/kotlin-stdlib-jdk8/1.8.21/kotlin-stdlib-jdk8-1.8.21.pom to /home/work/.gradle/.tmp/gradle_download67549974088047246bin
Resource missing. [HTTP GET: https://dl.google.com/dl/android/maven2/org/jetbrains/kotlinx/kotlinx-coroutines-core/1.7.3/kotlinx-coroutines-core-1.7.3.pom]
Downloading https://repo.maven.apache.org/maven2/org/jetbrains/kotlinx/kotlinx-coroutines-core/1.7.3/kotlinx-coroutines-core-1.7.3.pom to /home/work/.gradle/.tmp/gradle_download16472847414069997354bin
Downloading https://repo.maven.apache.org/maven2/org/jetbrains/kotlinx/kotlinx-coroutines-core/1.7.3/kotlinx-coroutines-core-1.7.3.module to /home/work/.gradle/.tmp/gradle_download3241613487854299590bin
Downloading https://dl.google.com/dl/android/maven2/androidx/datastore/datastore/1.0.0/datastore-1.0.0.pom to /home/work/.gradle/.tmp/gradle_download2394813192650928153bin
Downloading https://dl.google.com/dl/android/maven2/androidx/datastore/datastore-preferences-core/1.0.0/datastore-preferences-core-1.0.0.pom to /home/work/.gradle/.tmp/gradle_download16854895929430607988bin
Downloading https://dl.google.com/dl/android/maven2/androidx/datastore/datastore/1.0.0/datastore-1.0.0.module to /home/work/.gradle/.tmp/gradle_download7338428917105477965bin
Downloading https://dl.google.com/dl/android/maven2/androidx/datastore/datastore-preferences-core/1.0.0/datastore-preferences-core-1.0.0.module to /home/work/.gradle/.tmp/gradle_download1715587432238747400bin
Resource missing. [HTTP GET: https://dl.google.com/dl/android/maven2/org/jetbrains/kotlinx/kotlinx-serialization-json-jvm/1.6.2/kotlinx-serialization-json-jvm-1.6.2.pom]
Downloading https://repo.maven.apache.org/maven2/org/jetbrains/kotlinx/kotlinx-serialization-json-jvm/1.6.2/kotlinx-serialization-json-jvm-1.6.2.pom to /home/work/.gradle/.tmp/gradle_download2322557250913416294bin
Downloading https://repo.maven.apache.org/maven2/org/jetbrains/kotlinx/kotlinx-serialization-json-jvm/1.6.2/kotlinx-serialization-json-jvm-1.6.2.module to /home/work/.gradle/.tmp/gradle_download1914739581126092669bin
Downloading https://dl.google.com/dl/android/maven2/androidx/compose/material/material-icons-extended-android/1.6.4/material-icons-extended-android-1.6.4.pom to /home/work/.gradle/.tmp/gradle_download1526633284893756565bin
Downloading https://dl.google.com/dl/android/maven2/androidx/compose/material/material-icons-extended-android/1.6.4/material-icons-extended-android-1.6.4.module to /home/work/.gradle/.tmp/gradle_download10516357228229657707bin
Downloading https://dl.google.com/dl/android/maven2/androidx/compose/material3/material3-android/1.2.1/material3-android-1.2.1.pom to /home/work/.gradle/.tmp/gradle_download1200219322257840236bin
Downloading https://dl.google.com/dl/android/maven2/androidx/compose/material3/material3-android/1.2.1/material3-android-1.2.1.module to /home/work/.gradle/.tmp/gradle_download3737239972776762131bin
Downloading https://dl.google.com/dl/android/maven2/androidx/compose/ui/ui-android/1.6.4/ui-android-1.6.4.pom to /home/work/.gradle/.tmp/gradle_download3203077343751853705bin
Downloading https://dl.google.com/dl/android/maven2/androidx/compose/ui/ui-android/1.6.4/ui-android-1.6.4.module to /home/work/.gradle/.tmp/gradle_download12802204874076126657bin
Downloading https://dl.google.com/dl/android/maven2/androidx/compose/ui/ui-graphics-android/1.6.4/ui-graphics-android-1.6.4.pom to /home/work/.gradle/.tmp/gradle_download11648969576140918515bin
Downloading https://dl.google.com/dl/android/maven2/androidx/compose/ui/ui-graphics-android/1.6.4/ui-graphics-android-1.6.4.module to /home/work/.gradle/.tmp/gradle_download10852089936714057358bin
Downloading https://dl.google.com/dl/android/maven2/androidx/compose/ui/ui-tooling-android/1.6.4/ui-tooling-android-1.6.4.pom to /home/work/.gradle/.tmp/gradle_download12406295751153797744bin
Downloading https://dl.google.com/dl/android/maven2/androidx/compose/ui/ui-tooling-android/1.6.4/ui-tooling-android-1.6.4.module to /home/work/.gradle/.tmp/gradle_download17137462182331956400bin
Downloading https://dl.google.com/dl/android/maven2/androidx/compose/ui/ui-tooling-preview-android/1.6.4/ui-tooling-preview-android-1.6.4.pom to /home/work/.gradle/.tmp/gradle_download6849382535681190034bin
Downloading https://dl.google.com/dl/android/maven2/androidx/compose/ui/ui-tooling-preview-android/1.6.4/ui-tooling-preview-android-1.6.4.module to /home/work/.gradle/.tmp/gradle_download15445933874379382667bin
Downloading https://dl.google.com/dl/android/maven2/androidx/annotation/annotation/1.6.0/annotation-1.6.0.pom to /home/work/.gradle/.tmp/gradle_download12614857265679688361bin
Downloading https://dl.google.com/dl/android/maven2/androidx/annotation/annotation/1.6.0/annotation-1.6.0.module to /home/work/.gradle/.tmp/gradle_download15855565990355390282bin
Downloading https://dl.google.com/dl/android/maven2/androidx/annotation/annotation-experimental/1.3.0/annotation-experimental-1.3.0.pom to /home/work/.gradle/.tmp/gradle_download2537150841533979087bin
Downloading https://dl.google.com/dl/android/maven2/androidx/annotation/annotation-experimental/1.3.0/annotation-experimental-1.3.0.module to /home/work/.gradle/.tmp/gradle_download12442472869360370224bin
Downloading https://dl.google.com/dl/android/maven2/androidx/collection/collection/1.0.0/collection-1.0.0.pom to /home/work/.gradle/.tmp/gradle_download6407590184761445594bin
Downloading https://dl.google.com/dl/android/maven2/androidx/concurrent/concurrent-futures/1.0.0/concurrent-futures-1.0.0.pom to /home/work/.gradle/.tmp/gradle_download925425300791086750bin
Downloading https://dl.google.com/dl/android/maven2/androidx/interpolator/interpolator/1.0.0/interpolator-1.0.0.pom to /home/work/.gradle/.tmp/gradle_download8273457412417481244bin
Downloading https://dl.google.com/dl/android/maven2/androidx/versionedparcelable/versionedparcelable/1.1.1/versionedparcelable-1.1.1.pom to /home/work/.gradle/.tmp/gradle_download11301220860166389984bin
Downloading https://dl.google.com/dl/android/maven2/androidx/arch/core/core-common/2.2.0/core-common-2.2.0.pom to /home/work/.gradle/.tmp/gradle_download6810162530555687114bin
Downloading https://dl.google.com/dl/android/maven2/androidx/lifecycle/lifecycle-common/2.7.0/lifecycle-common-2.7.0.pom to /home/work/.gradle/.tmp/gradle_download14653553079236015181bin
Downloading https://dl.google.com/dl/android/maven2/androidx/arch/core/core-common/2.2.0/core-common-2.2.0.module to /home/work/.gradle/.tmp/gradle_download4105821212285822482bin
Downloading https://dl.google.com/dl/android/maven2/androidx/lifecycle/lifecycle-common/2.7.0/lifecycle-common-2.7.0.module to /home/work/.gradle/.tmp/gradle_download9528574881313389685bin
Downloading https://dl.google.com/dl/android/maven2/androidx/profileinstaller/profileinstaller/1.3.0/profileinstaller-1.3.0.pom to /home/work/.gradle/.tmp/gradle_download7741780498665439669bin
Downloading https://dl.google.com/dl/android/maven2/androidx/profileinstaller/profileinstaller/1.3.0/profileinstaller-1.3.0.module to /home/work/.gradle/.tmp/gradle_download5222956761368437792bin
Downloading https://dl.google.com/dl/android/maven2/androidx/activity/activity/1.8.2/activity-1.8.2.pom to /home/work/.gradle/.tmp/gradle_download1265092258059824658bin
Downloading https://dl.google.com/dl/android/maven2/androidx/savedstate/savedstate-ktx/1.2.1/savedstate-ktx-1.2.1.pom to /home/work/.gradle/.tmp/gradle_download17592675290813699610bin
Downloading https://dl.google.com/dl/android/maven2/androidx/activity/activity/1.8.2/activity-1.8.2.module to /home/work/.gradle/.tmp/gradle_download16957443572160266766bin
Downloading https://dl.google.com/dl/android/maven2/androidx/savedstate/savedstate-ktx/1.2.1/savedstate-ktx-1.2.1.module to /home/work/.gradle/.tmp/gradle_download11114780201948892753bin
Downloading https://dl.google.com/dl/android/maven2/androidx/compose/runtime/runtime-android/1.6.4/runtime-android-1.6.4.pom to /home/work/.gradle/.tmp/gradle_download11916642519234343769bin
Downloading https://dl.google.com/dl/android/maven2/androidx/compose/runtime/runtime-android/1.6.4/runtime-android-1.6.4.module to /home/work/.gradle/.tmp/gradle_download6957859975458017361bin
Downloading https://dl.google.com/dl/android/maven2/androidx/compose/runtime/runtime-saveable-android/1.6.4/runtime-saveable-android-1.6.4.pom to /home/work/.gradle/.tmp/gradle_download940062855354055844bin
Downloading https://dl.google.com/dl/android/maven2/androidx/compose/runtime/runtime-saveable-android/1.6.4/runtime-saveable-android-1.6.4.module to /home/work/.gradle/.tmp/gradle_download13868130407654201755bin
Downloading https://dl.google.com/dl/android/maven2/androidx/navigation/navigation-runtime/2.7.7/navigation-runtime-2.7.7.pom to /home/work/.gradle/.tmp/gradle_download7153710718872155423bin
Downloading https://dl.google.com/dl/android/maven2/androidx/navigation/navigation-common-ktx/2.7.7/navigation-common-ktx-2.7.7.pom to /home/work/.gradle/.tmp/gradle_download12141706275358372454bin
Downloading https://dl.google.com/dl/android/maven2/androidx/navigation/navigation-common-ktx/2.7.7/navigation-common-ktx-2.7.7.module to /home/work/.gradle/.tmp/gradle_download17207412982547661042bin
Downloading https://dl.google.com/dl/android/maven2/androidx/navigation/navigation-runtime/2.7.7/navigation-runtime-2.7.7.module to /home/work/.gradle/.tmp/gradle_download18015990531406451894bin
Downloading https://dl.google.com/dl/android/maven2/androidx/compose/animation/animation-android/1.6.4/animation-android-1.6.4.pom to /home/work/.gradle/.tmp/gradle_download12341001476916285627bin
Downloading https://dl.google.com/dl/android/maven2/androidx/compose/animation/animation-android/1.6.4/animation-android-1.6.4.module to /home/work/.gradle/.tmp/gradle_download8332486618188015348bin
Downloading https://dl.google.com/dl/android/maven2/androidx/compose/foundation/foundation-layout-android/1.6.4/foundation-layout-android-1.6.4.pom to /home/work/.gradle/.tmp/gradle_download12954830297274091866bin
Downloading https://dl.google.com/dl/android/maven2/androidx/compose/foundation/foundation-layout-android/1.6.4/foundation-layout-android-1.6.4.module to /home/work/.gradle/.tmp/gradle_download185175841573239446bin
Downloading https://dl.google.com/dl/android/maven2/androidx/savedstate/savedstate/1.2.1/savedstate-1.2.1.pom to /home/work/.gradle/.tmp/gradle_download10454342206025501351bin
Downloading https://dl.google.com/dl/android/maven2/androidx/lifecycle/lifecycle-livedata-core/2.7.0/lifecycle-livedata-core-2.7.0.pom to /home/work/.gradle/.tmp/gradle_download10489002485955480104bin
Downloading https://dl.google.com/dl/android/maven2/androidx/savedstate/savedstate/1.2.1/savedstate-1.2.1.module to /home/work/.gradle/.tmp/gradle_download10957107318483652531bin
Downloading https://dl.google.com/dl/android/maven2/androidx/lifecycle/lifecycle-livedata-core/2.7.0/lifecycle-livedata-core-2.7.0.module to /home/work/.gradle/.tmp/gradle_download5729827317235964306bin
Resource missing. [HTTP GET: https://dl.google.com/dl/android/maven2/org/jetbrains/kotlin/kotlin-stdlib-jdk8/1.8.22/kotlin-stdlib-jdk8-1.8.22.pom]
Downloading https://repo.maven.apache.org/maven2/org/jetbrains/kotlin/kotlin-stdlib-jdk8/1.8.22/kotlin-stdlib-jdk8-1.8.22.pom to /home/work/.gradle/.tmp/gradle_download8154360282858732065bin
Resource missing. [HTTP GET: https://dl.google.com/dl/android/maven2/com/squareup/okio/okio-jvm/3.6.0/okio-jvm-3.6.0.pom]
Downloading https://repo.maven.apache.org/maven2/com/squareup/okio/okio-jvm/3.6.0/okio-jvm-3.6.0.pom to /home/work/.gradle/.tmp/gradle_download8445413109400235641bin
Downloading https://repo.maven.apache.org/maven2/com/squareup/okio/okio-jvm/3.6.0/okio-jvm-3.6.0.module to /home/work/.gradle/.tmp/gradle_download6354467820191087343bin
Resource missing. [HTTP GET: https://dl.google.com/dl/android/maven2/org/jetbrains/kotlinx/kotlinx-coroutines-core-jvm/1.7.3/kotlinx-coroutines-core-jvm-1.7.3.pom]
Downloading https://repo.maven.apache.org/maven2/org/jetbrains/kotlinx/kotlinx-coroutines-core-jvm/1.7.3/kotlinx-coroutines-core-jvm-1.7.3.pom to /home/work/.gradle/.tmp/gradle_download17294054094972415603bin
Downloading https://repo.maven.apache.org/maven2/org/jetbrains/kotlinx/kotlinx-coroutines-core-jvm/1.7.3/kotlinx-coroutines-core-jvm-1.7.3.module to /home/work/.gradle/.tmp/gradle_download16938501792145658002bin
Downloading https://dl.google.com/dl/android/maven2/androidx/datastore/datastore-core/1.0.0/datastore-core-1.0.0.pom to /home/work/.gradle/.tmp/gradle_download13073182905155301396bin
Downloading https://dl.google.com/dl/android/maven2/androidx/datastore/datastore-core/1.0.0/datastore-core-1.0.0.module to /home/work/.gradle/.tmp/gradle_download9515501310654601926bin
Resource missing. [HTTP GET: https://dl.google.com/dl/android/maven2/org/jetbrains/kotlinx/kotlinx-serialization-core/1.6.2/kotlinx-serialization-core-1.6.2.pom]
Downloading https://repo.maven.apache.org/maven2/org/jetbrains/kotlinx/kotlinx-serialization-core/1.6.2/kotlinx-serialization-core-1.6.2.pom to /home/work/.gradle/.tmp/gradle_download7901069666045591448bin
Downloading https://repo.maven.apache.org/maven2/org/jetbrains/kotlinx/kotlinx-serialization-core/1.6.2/kotlinx-serialization-core-1.6.2.module to /home/work/.gradle/.tmp/gradle_download1757236734461296896bin
Resource missing. [HTTP GET: https://dl.google.com/dl/android/maven2/org/jetbrains/kotlin/kotlin-stdlib-common/1.9.21/kotlin-stdlib-common-1.9.21.pom]
Downloading https://repo.maven.apache.org/maven2/org/jetbrains/kotlin/kotlin-stdlib-common/1.9.21/kotlin-stdlib-common-1.9.21.pom to /home/work/.gradle/.tmp/gradle_download14735032154079970944bin
Downloading https://dl.google.com/dl/android/maven2/androidx/compose/material/material-icons-core/1.6.4/material-icons-core-1.6.4.pom to /home/work/.gradle/.tmp/gradle_download12572293438705607840bin
Downloading https://dl.google.com/dl/android/maven2/androidx/compose/material/material-icons-core/1.6.4/material-icons-core-1.6.4.module to /home/work/.gradle/.tmp/gradle_download9403797369182349021bin
Downloading https://repo.maven.apache.org/maven2/org/jetbrains/kotlin/kotlin-stdlib-common/1.9.21/kotlin-stdlib-common-1.9.21.module to /home/work/.gradle/.tmp/gradle_download11239199135707704485bin
Downloading https://dl.google.com/dl/android/maven2/androidx/annotation/annotation-experimental/1.4.0/annotation-experimental-1.4.0.pom to /home/work/.gradle/.tmp/gradle_download4461691481616549779bin
Downloading https://dl.google.com/dl/android/maven2/androidx/annotation/annotation-experimental/1.4.0/annotation-experimental-1.4.0.module to /home/work/.gradle/.tmp/gradle_download3046604880838654916bin
Downloading https://dl.google.com/dl/android/maven2/androidx/collection/collection/1.4.0/collection-1.4.0.pom to /home/work/.gradle/.tmp/gradle_download351192498393632031bin
Downloading https://dl.google.com/dl/android/maven2/androidx/collection/collection/1.4.0/collection-1.4.0.module to /home/work/.gradle/.tmp/gradle_download7414770617797001556bin
Downloading https://dl.google.com/dl/android/maven2/androidx/compose/ui/ui-util/1.6.4/ui-util-1.6.4.pom to /home/work/.gradle/.tmp/gradle_download4383576168897470056bin
Downloading https://dl.google.com/dl/android/maven2/androidx/compose/ui/ui-text/1.6.4/ui-text-1.6.4.pom to /home/work/.gradle/.tmp/gradle_download12233762975956344875bin
Downloading https://dl.google.com/dl/android/maven2/androidx/compose/ui/ui-util/1.6.4/ui-util-1.6.4.module to /home/work/.gradle/.tmp/gradle_download14046803770501673225bin
Downloading https://dl.google.com/dl/android/maven2/androidx/compose/ui/ui-text/1.6.4/ui-text-1.6.4.module to /home/work/.gradle/.tmp/gradle_download9602592625437025414bin
Downloading https://dl.google.com/dl/android/maven2/androidx/compose/material/material-ripple/1.6.4/material-ripple-1.6.4.pom to /home/work/.gradle/.tmp/gradle_download7876070242946211781bin
Downloading https://dl.google.com/dl/android/maven2/androidx/compose/material/material-ripple/1.6.4/material-ripple-1.6.4.module to /home/work/.gradle/.tmp/gradle_download12282461818332313844bin
Downloading https://dl.google.com/dl/android/maven2/androidx/compose/foundation/foundation/1.6.4/foundation-1.6.4.pom to /home/work/.gradle/.tmp/gradle_download8537077040656736691bin
Downloading https://dl.google.com/dl/android/maven2/androidx/compose/animation/animation-core/1.6.4/animation-core-1.6.4.pom to /home/work/.gradle/.tmp/gradle_download4660523579304275693bin
Downloading https://dl.google.com/dl/android/maven2/androidx/compose/foundation/foundation/1.6.4/foundation-1.6.4.module to /home/work/.gradle/.tmp/gradle_download17825822442219674547bin
Downloading https://dl.google.com/dl/android/maven2/androidx/compose/animation/animation-core/1.6.4/animation-core-1.6.4.module to /home/work/.gradle/.tmp/gradle_download16192071115308214811bin
Downloading https://dl.google.com/dl/android/maven2/androidx/autofill/autofill/1.0.0/autofill-1.0.0.pom to /home/work/.gradle/.tmp/gradle_download10667393458769091195bin
Downloading https://dl.google.com/dl/android/maven2/androidx/compose/ui/ui-geometry/1.6.4/ui-geometry-1.6.4.pom to /home/work/.gradle/.tmp/gradle_download13682748056684653188bin
Downloading https://dl.google.com/dl/android/maven2/androidx/compose/ui/ui-unit/1.6.4/ui-unit-1.6.4.pom to /home/work/.gradle/.tmp/gradle_download1277758358604795034bin
Downloading https://dl.google.com/dl/android/maven2/androidx/compose/ui/ui-geometry/1.6.4/ui-geometry-1.6.4.module to /home/work/.gradle/.tmp/gradle_download16462688669496756549bin
Downloading https://dl.google.com/dl/android/maven2/androidx/compose/ui/ui-unit/1.6.4/ui-unit-1.6.4.module to /home/work/.gradle/.tmp/gradle_download9084725931035348070bin
Downloading https://dl.google.com/dl/android/maven2/androidx/customview/customview-poolingcontainer/1.0.0/customview-poolingcontainer-1.0.0.pom to /home/work/.gradle/.tmp/gradle_download17415500110894151833bin
Downloading https://dl.google.com/dl/android/maven2/androidx/emoji2/emoji2/1.2.0/emoji2-1.2.0.pom to /home/work/.gradle/.tmp/gradle_download15525998517735510975bin
Downloading https://dl.google.com/dl/android/maven2/androidx/customview/customview-poolingcontainer/1.0.0/customview-poolingcontainer-1.0.0.module to /home/work/.gradle/.tmp/gradle_download16080794564939716185bin
Downloading https://dl.google.com/dl/android/maven2/androidx/emoji2/emoji2/1.2.0/emoji2-1.2.0.module to /home/work/.gradle/.tmp/gradle_download5343411333464143354bin
Downloading https://dl.google.com/dl/android/maven2/androidx/annotation/annotation/1.7.0/annotation-1.7.0.pom to /home/work/.gradle/.tmp/gradle_download16617792692803540420bin
Downloading https://dl.google.com/dl/android/maven2/androidx/annotation/annotation/1.7.0/annotation-1.7.0.module to /home/work/.gradle/.tmp/gradle_download10256250503056276812bin
Downloading https://dl.google.com/dl/android/maven2/androidx/compose/ui/ui-tooling-data/1.6.4/ui-tooling-data-1.6.4.pom to /home/work/.gradle/.tmp/gradle_download3950839626562250318bin
Downloading https://dl.google.com/dl/android/maven2/androidx/compose/ui/ui-tooling-data/1.6.4/ui-tooling-data-1.6.4.module to /home/work/.gradle/.tmp/gradle_download3024093509634311440bin
Downloading https://dl.google.com/dl/android/maven2/androidx/compose/material/material/1.6.4/material-1.6.4.pom to /home/work/.gradle/.tmp/gradle_download2885795200980483627bin
Downloading https://dl.google.com/dl/android/maven2/androidx/compose/material/material/1.6.4/material-1.6.4.module to /home/work/.gradle/.tmp/gradle_download8407044074464973400bin
Resource missing. [HTTP GET: https://dl.google.com/dl/android/maven2/com/google/guava/listenablefuture/1.0/listenablefuture-1.0.pom]
Downloading https://repo.maven.apache.org/maven2/com/google/guava/listenablefuture/1.0/listenablefuture-1.0.pom to /home/work/.gradle/.tmp/gradle_download2507053175432164580bin
Downloading https://dl.google.com/dl/android/maven2/androidx/concurrent/concurrent-futures/1.1.0/concurrent-futures-1.1.0.pom to /home/work/.gradle/.tmp/gradle_download10458471207184883232bin
Downloading https://dl.google.com/dl/android/maven2/androidx/concurrent/concurrent-futures/1.1.0/concurrent-futures-1.1.0.module to /home/work/.gradle/.tmp/gradle_download9542354944450483018bin
Downloading https://dl.google.com/dl/android/maven2/androidx/startup/startup-runtime/1.1.1/startup-runtime-1.1.1.pom to /home/work/.gradle/.tmp/gradle_download6853653831174651779bin
Downloading https://dl.google.com/dl/android/maven2/androidx/startup/startup-runtime/1.1.1/startup-runtime-1.1.1.module to /home/work/.gradle/.tmp/gradle_download9437949399788560053bin
Resource missing. [HTTP GET: https://dl.google.com/dl/android/maven2/org/jetbrains/kotlin/kotlin-stdlib-common/1.9.22/kotlin-stdlib-common-1.9.22.pom]
Downloading https://repo.maven.apache.org/maven2/org/jetbrains/kotlin/kotlin-stdlib-common/1.9.22/kotlin-stdlib-common-1.9.22.pom to /home/work/.gradle/.tmp/gradle_download3682684200566401642bin
Downloading https://repo.maven.apache.org/maven2/org/jetbrains/kotlin/kotlin-stdlib-common/1.9.22/kotlin-stdlib-common-1.9.22.module to /home/work/.gradle/.tmp/gradle_download67802832746899849bin
Downloading https://dl.google.com/dl/android/maven2/androidx/tracing/tracing/1.0.0/tracing-1.0.0.pom to /home/work/.gradle/.tmp/gradle_download365227424641849729bin
Downloading https://dl.google.com/dl/android/maven2/androidx/tracing/tracing/1.0.0/tracing-1.0.0.module to /home/work/.gradle/.tmp/gradle_download11174370064073455743bin
Downloading https://dl.google.com/dl/android/maven2/androidx/navigation/navigation-common/2.7.7/navigation-common-2.7.7.pom to /home/work/.gradle/.tmp/gradle_download8506698157274195176bin
Downloading https://dl.google.com/dl/android/maven2/androidx/navigation/navigation-common/2.7.7/navigation-common-2.7.7.module to /home/work/.gradle/.tmp/gradle_download12002121083256141480bin
Resource missing. [HTTP GET: https://dl.google.com/dl/android/maven2/org/jetbrains/kotlin/kotlin-stdlib-jdk8/1.9.10/kotlin-stdlib-jdk8-1.9.10.pom]
Downloading https://repo.maven.apache.org/maven2/org/jetbrains/kotlin/kotlin-stdlib-jdk8/1.9.10/kotlin-stdlib-jdk8-1.9.10.pom to /home/work/.gradle/.tmp/gradle_download13439710985516371451bin
Resource missing. [HTTP GET: https://dl.google.com/dl/android/maven2/org/jetbrains/annotations/23.0.0/annotations-23.0.0.pom]
Downloading https://repo.maven.apache.org/maven2/org/jetbrains/annotations/23.0.0/annotations-23.0.0.pom to /home/work/.gradle/.tmp/gradle_download12176870884955608237bin
Resource missing. [HTTP GET: https://dl.google.com/dl/android/maven2/org/jetbrains/kotlinx/kotlinx-serialization-core-jvm/1.6.2/kotlinx-serialization-core-jvm-1.6.2.pom]
Downloading https://repo.maven.apache.org/maven2/org/jetbrains/kotlinx/kotlinx-serialization-core-jvm/1.6.2/kotlinx-serialization-core-jvm-1.6.2.pom to /home/work/.gradle/.tmp/gradle_download4666734418699343245bin
Downloading https://repo.maven.apache.org/maven2/org/jetbrains/kotlinx/kotlinx-serialization-core-jvm/1.6.2/kotlinx-serialization-core-jvm-1.6.2.module to /home/work/.gradle/.tmp/gradle_download7756812474094089628bin
Downloading https://dl.google.com/dl/android/maven2/androidx/compose/material/material-icons-core-android/1.6.4/material-icons-core-android-1.6.4.pom to /home/work/.gradle/.tmp/gradle_download16281739742206393486bin
Downloading https://dl.google.com/dl/android/maven2/androidx/compose/material/material-icons-core-android/1.6.4/material-icons-core-android-1.6.4.module to /home/work/.gradle/.tmp/gradle_download1379670897968128552bin
Downloading https://dl.google.com/dl/android/maven2/androidx/collection/collection-jvm/1.4.0/collection-jvm-1.4.0.pom to /home/work/.gradle/.tmp/gradle_download4640844664063874445bin
Downloading https://dl.google.com/dl/android/maven2/androidx/collection/collection-jvm/1.4.0/collection-jvm-1.4.0.module to /home/work/.gradle/.tmp/gradle_download35108969087444378bin
Downloading https://dl.google.com/dl/android/maven2/androidx/compose/ui/ui-text-android/1.6.4/ui-text-android-1.6.4.pom to /home/work/.gradle/.tmp/gradle_download5434134597599414460bin
Downloading https://dl.google.com/dl/android/maven2/androidx/compose/ui/ui-text-android/1.6.4/ui-text-android-1.6.4.module to /home/work/.gradle/.tmp/gradle_download13062865470723971942bin
Downloading https://dl.google.com/dl/android/maven2/androidx/compose/ui/ui-util-android/1.6.4/ui-util-android-1.6.4.pom to /home/work/.gradle/.tmp/gradle_download2129605557084650130bin
Downloading https://dl.google.com/dl/android/maven2/androidx/compose/ui/ui-util-android/1.6.4/ui-util-android-1.6.4.module to /home/work/.gradle/.tmp/gradle_download5463374616118912004bin
Downloading https://dl.google.com/dl/android/maven2/androidx/compose/material/material-ripple-android/1.6.4/material-ripple-android-1.6.4.pom to /home/work/.gradle/.tmp/gradle_download3808672038676899524bin
Downloading https://dl.google.com/dl/android/maven2/androidx/compose/material/material-ripple-android/1.6.4/material-ripple-android-1.6.4.module to /home/work/.gradle/.tmp/gradle_download14401635504149852820bin
Downloading https://dl.google.com/dl/android/maven2/androidx/compose/animation/animation-core-android/1.6.4/animation-core-android-1.6.4.pom to /home/work/.gradle/.tmp/gradle_download17483300778037965454bin
Downloading https://dl.google.com/dl/android/maven2/androidx/compose/animation/animation-core-android/1.6.4/animation-core-android-1.6.4.module to /home/work/.gradle/.tmp/gradle_download9490717833307021106bin
Downloading https://dl.google.com/dl/android/maven2/androidx/compose/foundation/foundation-android/1.6.4/foundation-android-1.6.4.pom to /home/work/.gradle/.tmp/gradle_download17218089847650582759bin
Downloading https://dl.google.com/dl/android/maven2/androidx/compose/foundation/foundation-android/1.6.4/foundation-android-1.6.4.module to /home/work/.gradle/.tmp/gradle_download11273788223047566603bin
Downloading https://dl.google.com/dl/android/maven2/androidx/compose/ui/ui-geometry-android/1.6.4/ui-geometry-android-1.6.4.pom to /home/work/.gradle/.tmp/gradle_download15112720040402518234bin
Downloading https://dl.google.com/dl/android/maven2/androidx/compose/ui/ui-geometry-android/1.6.4/ui-geometry-android-1.6.4.module to /home/work/.gradle/.tmp/gradle_download6241381569313474035bin
Downloading https://dl.google.com/dl/android/maven2/androidx/compose/ui/ui-unit-android/1.6.4/ui-unit-android-1.6.4.pom to /home/work/.gradle/.tmp/gradle_download9577163268856617796bin
Downloading https://dl.google.com/dl/android/maven2/androidx/compose/ui/ui-unit-android/1.6.4/ui-unit-android-1.6.4.module to /home/work/.gradle/.tmp/gradle_download17923482976946812364bin
Downloading https://dl.google.com/dl/android/maven2/androidx/lifecycle/lifecycle-process/2.7.0/lifecycle-process-2.7.0.pom to /home/work/.gradle/.tmp/gradle_download3820397776032593000bin
Downloading https://dl.google.com/dl/android/maven2/androidx/lifecycle/lifecycle-process/2.7.0/lifecycle-process-2.7.0.module to /home/work/.gradle/.tmp/gradle_download14537184951718269579bin
Downloading https://dl.google.com/dl/android/maven2/androidx/annotation/annotation-jvm/1.7.0/annotation-jvm-1.7.0.pom to /home/work/.gradle/.tmp/gradle_download4708332453130245841bin
Downloading https://dl.google.com/dl/android/maven2/androidx/annotation/annotation-jvm/1.7.0/annotation-jvm-1.7.0.module to /home/work/.gradle/.tmp/gradle_download17961522870589796312bin
Downloading https://dl.google.com/dl/android/maven2/androidx/compose/ui/ui-tooling-data-android/1.6.4/ui-tooling-data-android-1.6.4.pom to /home/work/.gradle/.tmp/gradle_download7193710101564631403bin
Downloading https://dl.google.com/dl/android/maven2/androidx/compose/ui/ui-tooling-data-android/1.6.4/ui-tooling-data-android-1.6.4.module to /home/work/.gradle/.tmp/gradle_download11711050743568005926bin
Downloading https://dl.google.com/dl/android/maven2/androidx/compose/material/material-android/1.6.4/material-android-1.6.4.pom to /home/work/.gradle/.tmp/gradle_download18108202424691024359bin
Downloading https://dl.google.com/dl/android/maven2/androidx/compose/material/material-android/1.6.4/material-android-1.6.4.module to /home/work/.gradle/.tmp/gradle_download5647932703247064467bin
Downloading https://dl.google.com/dl/android/maven2/androidx/collection/collection-ktx/1.1.0/collection-ktx-1.1.0.pom to /home/work/.gradle/.tmp/gradle_download16714536453869491831bin
Downloading https://dl.google.com/dl/android/maven2/androidx/collection/collection-ktx/1.4.0/collection-ktx-1.4.0.pom to /home/work/.gradle/.tmp/gradle_download7526367329026831257bin
Downloading https://dl.google.com/dl/android/maven2/androidx/collection/collection-ktx/1.4.0/collection-ktx-1.4.0.module to /home/work/.gradle/.tmp/gradle_download13999382897722657976bin
Downloading https://dl.google.com/dl/android/maven2/androidx/emoji2/emoji2/1.3.0/emoji2-1.3.0.pom to /home/work/.gradle/.tmp/gradle_download14382737304711018036bin
Downloading https://dl.google.com/dl/android/maven2/androidx/emoji2/emoji2/1.3.0/emoji2-1.3.0.module to /home/work/.gradle/.tmp/gradle_download5766419059091634478bin
Resource missing. [HTTP GET: https://dl.google.com/dl/android/maven2/org/jetbrains/kotlin/kotlin-stdlib-jdk7/1.9.10/kotlin-stdlib-jdk7-1.9.10.pom]
Downloading https://repo.maven.apache.org/maven2/org/jetbrains/kotlin/kotlin-stdlib-jdk7/1.9.10/kotlin-stdlib-jdk7-1.9.10.pom to /home/work/.gradle/.tmp/gradle_download4190824142334930269bin
Downloading https://dl.google.com/dl/android/maven2/androidx/navigation/navigation-common/2.7.7/navigation-common-2.7.7.aar to /home/work/.gradle/.tmp/gradle_download8673316160002015122bin
Downloading https://dl.google.com/dl/android/maven2/androidx/navigation/navigation-runtime/2.7.7/navigation-runtime-2.7.7.aar to /home/work/.gradle/.tmp/gradle_download8739647654278432040bin
Transforming navigation-common-2.7.7.aar (androidx.navigation:navigation-common:2.7.7) with ExtractAarTransform
Transforming navigation-runtime-2.7.7.aar (androidx.navigation:navigation-runtime:2.7.7) with ExtractAarTransform
Caching disabled for ExtractAarTransform: /home/work/.gradle/caches/modules-2/files-2.1/androidx.navigation/navigation-runtime/2.7.7/532a1233b439759ace615e05e56a255d204465f6/navigation-runtime-2.7.7.aar because:
  Build cache is disabled
  Caching not enabled.
Caching disabled for ExtractAarTransform: /home/work/.gradle/caches/modules-2/files-2.1/androidx.navigation/navigation-common/2.7.7/8acef6e4766982d5b47c67aa6e28ab588dc28125/navigation-common-2.7.7.aar because:
  Build cache is disabled
  Caching not enabled.
Transforming navigation-common-2.7.7.aar (androidx.navigation:navigation-common:2.7.7) with AarTransform
Transforming navigation-runtime-2.7.7.aar (androidx.navigation:navigation-runtime:2.7.7) with AarTransform
Caching disabled for AarTransform: /home/work/.gradle/caches/transforms-4/4e561c33054fe24aae0240d7f039956c/transformed/navigation-runtime-2.7.7 because:
  Build cache is disabled
  Caching not enabled.
Caching disabled for AarTransform: /home/work/.gradle/caches/transforms-4/0f4edc7e73eb45fc562d51c0237f5db9/transformed/navigation-common-2.7.7 because:
  Build cache is disabled
  Caching not enabled.
Downloading https://dl.google.com/dl/android/maven2/androidx/navigation/navigation-runtime-ktx/2.7.7/navigation-runtime-ktx-2.7.7.aar to /home/work/.gradle/.tmp/gradle_download3347746302650508868bin
Transforming navigation-runtime-ktx-2.7.7.aar (androidx.navigation:navigation-runtime-ktx:2.7.7) with ExtractAarTransform
Caching disabled for ExtractAarTransform: /home/work/.gradle/caches/modules-2/files-2.1/androidx.navigation/navigation-runtime-ktx/2.7.7/f1cf440384a2105fff55b82689034e07aa4591d9/navigation-runtime-ktx-2.7.7.aar because:
  Build cache is disabled
  Caching not enabled.
Downloading https://dl.google.com/dl/android/maven2/androidx/navigation/navigation-common-ktx/2.7.7/navigation-common-ktx-2.7.7.aar to /home/work/.gradle/.tmp/gradle_download10071503048766941093bin
Transforming navigation-common-ktx-2.7.7.aar (androidx.navigation:navigation-common-ktx:2.7.7) with ExtractAarTransform
Caching disabled for ExtractAarTransform: /home/work/.gradle/caches/modules-2/files-2.1/androidx.navigation/navigation-common-ktx/2.7.7/879ddfea34073bbd81ebf3205f40a6ffe2215063/navigation-common-ktx-2.7.7.aar because:
  Build cache is disabled
  Caching not enabled.
Transforming navigation-common-ktx-2.7.7.aar (androidx.navigation:navigation-common-ktx:2.7.7) with AarTransform
Caching disabled for AarTransform: /home/work/.gradle/caches/transforms-4/31dc9faa96c3ff419b8a0e3fd9cf5ea1/transformed/navigation-common-ktx-2.7.7 because:
  Build cache is disabled
  Caching not enabled.
Transforming navigation-runtime-ktx-2.7.7.aar (androidx.navigation:navigation-runtime-ktx:2.7.7) with AarTransform
Caching disabled for AarTransform: /home/work/.gradle/caches/transforms-4/9844cfe113e808b7b13e4bf7e188cd15/transformed/navigation-runtime-ktx-2.7.7 because:
  Build cache is disabled
  Caching not enabled.
Downloading https://dl.google.com/dl/android/maven2/androidx/activity/activity/1.8.2/activity-1.8.2.aar to /home/work/.gradle/.tmp/gradle_download3106270443829489834bin
Transforming activity-1.8.2.aar (androidx.activity:activity:1.8.2) with ExtractAarTransform
Caching disabled for ExtractAarTransform: /home/work/.gradle/caches/modules-2/files-2.1/androidx.activity/activity/1.8.2/bce54c84024b17c34f9d4cdeaf1ce39d3e750c9e/activity-1.8.2.aar because:
  Build cache is disabled
  Caching not enabled.
Transforming activity-1.8.2.aar (androidx.activity:activity:1.8.2) with AarTransform
Downloading https://dl.google.com/dl/android/maven2/androidx/navigation/navigation-compose/2.7.7/navigation-compose-2.7.7.aar to /home/work/.gradle/.tmp/gradle_download11789257120843360160bin
Caching disabled for AarTransform: /home/work/.gradle/caches/transforms-4/13481ff85102064c196181d8cfb97f3f/transformed/activity-1.8.2 because:
  Build cache is disabled
  Caching not enabled.
Downloading https://dl.google.com/dl/android/maven2/androidx/activity/activity-ktx/1.8.2/activity-ktx-1.8.2.aar to /home/work/.gradle/.tmp/gradle_download276160683182047579bin
Transforming activity-ktx-1.8.2.aar (androidx.activity:activity-ktx:1.8.2) with ExtractAarTransform
Caching disabled for ExtractAarTransform: /home/work/.gradle/caches/modules-2/files-2.1/androidx.activity/activity-ktx/1.8.2/735d4efd33db4ef032d985415be3e39edbaa65c4/activity-ktx-1.8.2.aar because:
  Build cache is disabled
  Caching not enabled.
Transforming activity-ktx-1.8.2.aar (androidx.activity:activity-ktx:1.8.2) with AarTransform
Caching disabled for AarTransform: /home/work/.gradle/caches/transforms-4/7495272c4b167b58aed4c9d8265b7e2d/transformed/activity-ktx-1.8.2 because:
  Build cache is disabled
  Caching not enabled.
Transforming navigation-compose-2.7.7.aar (androidx.navigation:navigation-compose:2.7.7) with ExtractAarTransform
Caching disabled for ExtractAarTransform: /home/work/.gradle/caches/modules-2/files-2.1/androidx.navigation/navigation-compose/2.7.7/c5c79778764e90a3bf1561de7b856dcdf1439749/navigation-compose-2.7.7.aar because:
  Build cache is disabled
  Caching not enabled.
Transforming navigation-compose-2.7.7.aar (androidx.navigation:navigation-compose:2.7.7) with AarTransform
Caching disabled for AarTransform: /home/work/.gradle/caches/transforms-4/e89ec385b85ad77850115ac9861f887a/transformed/navigation-compose-2.7.7 because:
  Build cache is disabled
  Caching not enabled.
Downloading https://dl.google.com/dl/android/maven2/androidx/compose/material3/material3-android/1.2.1/material3-android-1.2.1.aar to /home/work/.gradle/.tmp/gradle_download2609096134412642732bin
Transforming material3-release.aar (androidx.compose.material3:material3-android:1.2.1) with ExtractAarTransform
Downloading https://dl.google.com/dl/android/maven2/androidx/compose/material/material-android/1.6.4/material-android-1.6.4.aar to /home/work/.gradle/.tmp/gradle_download17745393491314326726bin
Caching disabled for ExtractAarTransform: /home/work/.gradle/caches/modules-2/files-2.1/androidx.compose.material3/material3-android/1.2.1/bbb13fec1193eecdeccb40452ff184826f4385a2/material3-release.aar because:
  Build cache is disabled
  Caching not enabled.
Transforming material-release.aar (androidx.compose.material:material-android:1.6.4) with ExtractAarTransform
Transforming material3-release.aar (androidx.compose.material3:material3-android:1.2.1) with AarTransform
Caching disabled for ExtractAarTransform: /home/work/.gradle/caches/modules-2/files-2.1/androidx.compose.material/material-android/1.6.4/f3d32f4140dfddd14ab364fc4e9915b9a3fd358f/material-release.aar because:
  Build cache is disabled
  Caching not enabled.
Transforming material-release.aar (androidx.compose.material:material-android:1.6.4) with AarTransform
Caching disabled for AarTransform: /home/work/.gradle/caches/transforms-4/ede5034769eb92ef6fc9c2e32b045eea/transformed/material3-release because:
  Build cache is disabled
  Caching not enabled.
Caching disabled for AarTransform: /home/work/.gradle/caches/transforms-4/440049452ed43fa3a9d4a47eb3e97b8c/transformed/material-release because:
  Build cache is disabled
  Caching not enabled.
Downloading https://dl.google.com/dl/android/maven2/androidx/compose/material/material-icons-extended-android/1.6.4/material-icons-extended-android-1.6.4.aar to /home/work/.gradle/.tmp/gradle_download8915746804536720956bin
Downloading https://dl.google.com/dl/android/maven2/androidx/compose/material/material-icons-core-android/1.6.4/material-icons-core-android-1.6.4.aar to /home/work/.gradle/.tmp/gradle_download14904309937823951491bin
Transforming material-icons-core-release.aar (androidx.compose.material:material-icons-core-android:1.6.4) with ExtractAarTransform
Caching disabled for ExtractAarTransform: /home/work/.gradle/caches/modules-2/files-2.1/androidx.compose.material/material-icons-core-android/1.6.4/9ab9ba20ee33efabb84ecb41ac9e4aa3c0beb52c/material-icons-core-release.aar because:
  Build cache is disabled
  Caching not enabled.
Transforming material-icons-core-release.aar (androidx.compose.material:material-icons-core-android:1.6.4) with AarTransform
Caching disabled for AarTransform: /home/work/.gradle/caches/transforms-4/65aac476dac3ccbca90863b4188fe93d/transformed/material-icons-core-release because:
  Build cache is disabled
  Caching not enabled.
Downloading https://dl.google.com/dl/android/maven2/androidx/compose/material/material-ripple-android/1.6.4/material-ripple-android-1.6.4.aar to /home/work/.gradle/.tmp/gradle_download6508430665411573504bin
Transforming material-ripple-release.aar (androidx.compose.material:material-ripple-android:1.6.4) with ExtractAarTransform
Caching disabled for ExtractAarTransform: /home/work/.gradle/caches/modules-2/files-2.1/androidx.compose.material/material-ripple-android/1.6.4/87440ef85b9a6c34c22b7cc12b9782fdd00d42ac/material-ripple-release.aar because:
  Build cache is disabled
  Caching not enabled.
Transforming material-ripple-release.aar (androidx.compose.material:material-ripple-android:1.6.4) with AarTransform
Caching disabled for AarTransform: /home/work/.gradle/caches/transforms-4/5c31f4ff19bac0d1e372893b593b5628/transformed/material-ripple-release because:
  Build cache is disabled
  Caching not enabled.
Downloading https://dl.google.com/dl/android/maven2/androidx/compose/foundation/foundation-android/1.6.4/foundation-android-1.6.4.aar to /home/work/.gradle/.tmp/gradle_download3728194537346149603bin
Transforming foundation-release.aar (androidx.compose.foundation:foundation-android:1.6.4) with ExtractAarTransform
Caching disabled for ExtractAarTransform: /home/work/.gradle/caches/modules-2/files-2.1/androidx.compose.foundation/foundation-android/1.6.4/da9b045ea1f0797cbb22d2c5339586f16135d301/foundation-release.aar because:
  Build cache is disabled
  Caching not enabled.
Transforming foundation-release.aar (androidx.compose.foundation:foundation-android:1.6.4) with AarTransform
Caching disabled for AarTransform: /home/work/.gradle/caches/transforms-4/51517fb65aebbf2a3917ff84a7680bea/transformed/foundation-release because:
  Build cache is disabled
  Caching not enabled.
Transforming material-icons-extended-release.aar (androidx.compose.material:material-icons-extended-android:1.6.4) with ExtractAarTransform
Downloading https://dl.google.com/dl/android/maven2/androidx/compose/foundation/foundation-layout-android/1.6.4/foundation-layout-android-1.6.4.aar to /home/work/.gradle/.tmp/gradle_download6544137619159368969bin
Transforming foundation-layout-release.aar (androidx.compose.foundation:foundation-layout-android:1.6.4) with ExtractAarTransform
Caching disabled for ExtractAarTransform: /home/work/.gradle/caches/modules-2/files-2.1/androidx.compose.foundation/foundation-layout-android/1.6.4/23e0d52abc77ad4b96ea0e65f06dd9240d572529/foundation-layout-release.aar because:
  Build cache is disabled
  Caching not enabled.
Transforming foundation-layout-release.aar (androidx.compose.foundation:foundation-layout-android:1.6.4) with AarTransform
Caching disabled for AarTransform: /home/work/.gradle/caches/transforms-4/68b5671e2753c7d524c7d182facd781d/transformed/foundation-layout-release because:
  Build cache is disabled
  Caching not enabled.
Downloading https://dl.google.com/dl/android/maven2/androidx/compose/animation/animation-core-android/1.6.4/animation-core-android-1.6.4.aar to /home/work/.gradle/.tmp/gradle_download10028763889422261396bin
Transforming animation-core-release.aar (androidx.compose.animation:animation-core-android:1.6.4) with ExtractAarTransform
Caching disabled for ExtractAarTransform: /home/work/.gradle/caches/modules-2/files-2.1/androidx.compose.animation/animation-core-android/1.6.4/f91eef299791ad46ef1ea809f4b5d7a0d67fac95/animation-core-release.aar because:
  Build cache is disabled
  Caching not enabled.
Transforming animation-core-release.aar (androidx.compose.animation:animation-core-android:1.6.4) with AarTransform
Caching disabled for AarTransform: /home/work/.gradle/caches/transforms-4/904d34962a66b4273a957749abdc921f/transformed/animation-core-release because:
  Build cache is disabled
  Caching not enabled.
Downloading https://dl.google.com/dl/android/maven2/androidx/compose/animation/animation-android/1.6.4/animation-android-1.6.4.aar to /home/work/.gradle/.tmp/gradle_download11365556884891632171bin
Transforming animation-release.aar (androidx.compose.animation:animation-android:1.6.4) with ExtractAarTransform
Caching disabled for ExtractAarTransform: /home/work/.gradle/caches/modules-2/files-2.1/androidx.compose.animation/animation-android/1.6.4/9fc5d5d5812c7babadf9b641f916d4549018d1d3/animation-release.aar because:
  Build cache is disabled
  Caching not enabled.
Transforming animation-release.aar (androidx.compose.animation:animation-android:1.6.4) with AarTransform
Caching disabled for AarTransform: /home/work/.gradle/caches/transforms-4/ab7d9db22cad2ea5feab190f7f1d941b/transformed/animation-release because:
  Build cache is disabled
  Caching not enabled.
Downloading https://dl.google.com/dl/android/maven2/androidx/compose/ui/ui-tooling-data-android/1.6.4/ui-tooling-data-android-1.6.4.aar to /home/work/.gradle/.tmp/gradle_download8283278571503469501bin
Transforming ui-tooling-data-release.aar (androidx.compose.ui:ui-tooling-data-android:1.6.4) with ExtractAarTransform
Caching disabled for ExtractAarTransform: /home/work/.gradle/caches/modules-2/files-2.1/androidx.compose.ui/ui-tooling-data-android/1.6.4/8983a051581210b3305b7c8290d666c9a4a9236a/ui-tooling-data-release.aar because:
  Build cache is disabled
  Caching not enabled.
Transforming ui-tooling-data-release.aar (androidx.compose.ui:ui-tooling-data-android:1.6.4) with AarTransform
Caching disabled for AarTransform: /home/work/.gradle/caches/transforms-4/4ea70a84e182d18e2c9de100a66fda04/transformed/ui-tooling-data-release because:
  Build cache is disabled
  Caching not enabled.
Caching disabled for ExtractAarTransform: /home/work/.gradle/caches/modules-2/files-2.1/androidx.compose.material/material-icons-extended-android/1.6.4/eda9c0c1537e28335361a0db8357616495e1155/material-icons-extended-release.aar because:
  Build cache is disabled
  Caching not enabled.
Downloading https://dl.google.com/dl/android/maven2/androidx/compose/ui/ui-unit-android/1.6.4/ui-unit-android-1.6.4.aar to /home/work/.gradle/.tmp/gradle_download10784002755830419171bin
Transforming ui-unit-release.aar (androidx.compose.ui:ui-unit-android:1.6.4) with ExtractAarTransform
Caching disabled for ExtractAarTransform: /home/work/.gradle/caches/modules-2/files-2.1/androidx.compose.ui/ui-unit-android/1.6.4/15a9e01d08bc887bf297bb2243f17dcbeffd82c3/ui-unit-release.aar because:
  Build cache is disabled
  Caching not enabled.
Transforming ui-unit-release.aar (androidx.compose.ui:ui-unit-android:1.6.4) with AarTransform
Caching disabled for AarTransform: /home/work/.gradle/caches/transforms-4/1a432830b3e498dd23566ccec14a0ee9/transformed/ui-unit-release because:
  Build cache is disabled
  Caching not enabled.
Downloading https://dl.google.com/dl/android/maven2/androidx/compose/ui/ui-geometry-android/1.6.4/ui-geometry-android-1.6.4.aar to /home/work/.gradle/.tmp/gradle_download9103982961790576970bin
Transforming ui-geometry-release.aar (androidx.compose.ui:ui-geometry-android:1.6.4) with ExtractAarTransform
Caching disabled for ExtractAarTransform: /home/work/.gradle/caches/modules-2/files-2.1/androidx.compose.ui/ui-geometry-android/1.6.4/c4c749bc33b965f9ed3f7978fd99c7eedb0cece/ui-geometry-release.aar because:
  Build cache is disabled
  Caching not enabled.
Transforming material-icons-extended-release.aar (androidx.compose.material:material-icons-extended-android:1.6.4) with AarTransform
Transforming ui-geometry-release.aar (androidx.compose.ui:ui-geometry-android:1.6.4) with AarTransform
Caching disabled for AarTransform: /home/work/.gradle/caches/transforms-4/dc0387d60b41ff7f1d6f0f89ac4e97da/transformed/ui-geometry-release because:
  Build cache is disabled
  Caching not enabled.
Downloading https://dl.google.com/dl/android/maven2/androidx/compose/ui/ui-util-android/1.6.4/ui-util-android-1.6.4.aar to /home/work/.gradle/.tmp/gradle_download17128364228648035230bin
Transforming ui-util-release.aar (androidx.compose.ui:ui-util-android:1.6.4) with ExtractAarTransform
Caching disabled for ExtractAarTransform: /home/work/.gradle/caches/modules-2/files-2.1/androidx.compose.ui/ui-util-android/1.6.4/7734783cffb97b4dc3ab867ea8b804de948fd4ca/ui-util-release.aar because:
  Build cache is disabled
  Caching not enabled.
Transforming ui-util-release.aar (androidx.compose.ui:ui-util-android:1.6.4) with AarTransform
Caching disabled for AarTransform: /home/work/.gradle/caches/transforms-4/fe7da7632d16a82ac6a89276c8de26cc/transformed/ui-util-release because:
  Build cache is disabled
  Caching not enabled.
Downloading https://dl.google.com/dl/android/maven2/androidx/compose/ui/ui-text-android/1.6.4/ui-text-android-1.6.4.aar to /home/work/.gradle/.tmp/gradle_download7532779468715710273bin
Transforming ui-text-release.aar (androidx.compose.ui:ui-text-android:1.6.4) with ExtractAarTransform
Caching disabled for ExtractAarTransform: /home/work/.gradle/caches/modules-2/files-2.1/androidx.compose.ui/ui-text-android/1.6.4/348882adfdb930dd04777d742a4f7cdf720aa7e8/ui-text-release.aar because:
  Build cache is disabled
  Caching not enabled.
Transforming ui-text-release.aar (androidx.compose.ui:ui-text-android:1.6.4) with AarTransform
Caching disabled for AarTransform: /home/work/.gradle/caches/transforms-4/340416d5462b46941ea0f70ee70719c9/transformed/ui-text-release because:
  Build cache is disabled
  Caching not enabled.
Downloading https://dl.google.com/dl/android/maven2/androidx/compose/ui/ui-tooling-preview-android/1.6.4/ui-tooling-preview-android-1.6.4.aar to /home/work/.gradle/.tmp/gradle_download16169601008171080258bin
Transforming ui-tooling-preview-release.aar (androidx.compose.ui:ui-tooling-preview-android:1.6.4) with ExtractAarTransform
Caching disabled for ExtractAarTransform: /home/work/.gradle/caches/modules-2/files-2.1/androidx.compose.ui/ui-tooling-preview-android/1.6.4/3ebd5424dc06c9a3fee436ef6c9f2d01a5c8cacb/ui-tooling-preview-release.aar because:
  Build cache is disabled
  Caching not enabled.
Transforming ui-tooling-preview-release.aar (androidx.compose.ui:ui-tooling-preview-android:1.6.4) with AarTransform
Caching disabled for AarTransform: /home/work/.gradle/caches/transforms-4/e73fa152cde1e6f98df427b32aeed442/transformed/ui-tooling-preview-release because:
  Build cache is disabled
  Caching not enabled.
Caching disabled for AarTransform: /home/work/.gradle/caches/transforms-4/f1bab65efcc69580be1609f050af593a/transformed/material-icons-extended-release because:
  Build cache is disabled
  Caching not enabled.
Downloading https://dl.google.com/dl/android/maven2/androidx/compose/ui/ui-test-manifest/1.6.4/ui-test-manifest-1.6.4.aar to /home/work/.gradle/.tmp/gradle_download2982679154385641943bin
Transforming ui-test-manifest-1.6.4.aar (androidx.compose.ui:ui-test-manifest:1.6.4) with ExtractAarTransform
Caching disabled for ExtractAarTransform: /home/work/.gradle/caches/modules-2/files-2.1/androidx.compose.ui/ui-test-manifest/1.6.4/3deeb99bfc949eb80097536d9863ce7bdb228057/ui-test-manifest-1.6.4.aar because:
  Build cache is disabled
  Caching not enabled.
Transforming ui-test-manifest-1.6.4.aar (androidx.compose.ui:ui-test-manifest:1.6.4) with AarTransform
Caching disabled for AarTransform: /home/work/.gradle/caches/transforms-4/8b0a1dc338ddf4a7a9336bb42bcf218f/transformed/ui-test-manifest-1.6.4 because:
  Build cache is disabled
  Caching not enabled.
Downloading https://dl.google.com/dl/android/maven2/androidx/compose/ui/ui-graphics-android/1.6.4/ui-graphics-android-1.6.4.aar to /home/work/.gradle/.tmp/gradle_download7778715768687284197bin
Transforming ui-graphics-release.aar (androidx.compose.ui:ui-graphics-android:1.6.4) with ExtractAarTransform
Downloading https://dl.google.com/dl/android/maven2/androidx/compose/ui/ui-tooling-android/1.6.4/ui-tooling-android-1.6.4.aar to /home/work/.gradle/.tmp/gradle_download6941985004844010128bin
Transforming ui-tooling-release.aar (androidx.compose.ui:ui-tooling-android:1.6.4) with ExtractAarTransform
Caching disabled for ExtractAarTransform: /home/work/.gradle/caches/modules-2/files-2.1/androidx.compose.ui/ui-tooling-android/1.6.4/4fc87b7280890f2580e9166b810f99ecd65e67f6/ui-tooling-release.aar because:
  Build cache is disabled
  Caching not enabled.
Caching disabled for ExtractAarTransform: /home/work/.gradle/caches/modules-2/files-2.1/androidx.compose.ui/ui-graphics-android/1.6.4/72e6f4c10f4d2747c413c9714f8a2c3a448b3194/ui-graphics-release.aar because:
  Build cache is disabled
  Caching not enabled.
Transforming ui-tooling-release.aar (androidx.compose.ui:ui-tooling-android:1.6.4) with AarTransform
Caching disabled for AarTransform: /home/work/.gradle/caches/transforms-4/53dfb837101cc8570fa397135ade4964/transformed/ui-tooling-release because:
  Build cache is disabled
  Caching not enabled.
Transforming ui-graphics-release.aar (androidx.compose.ui:ui-graphics-android:1.6.4) with AarTransform
Caching disabled for AarTransform: /home/work/.gradle/caches/transforms-4/5bc6e2ddca8335badaf97f477f1e4293/transformed/ui-graphics-release because:
  Build cache is disabled
  Caching not enabled.
Downloading https://dl.google.com/dl/android/maven2/androidx/activity/activity-compose/1.8.2/activity-compose-1.8.2.aar to /home/work/.gradle/.tmp/gradle_download4041923454928802506bin
Transforming activity-compose-1.8.2.aar (androidx.activity:activity-compose:1.8.2) with ExtractAarTransform
Caching disabled for ExtractAarTransform: /home/work/.gradle/caches/modules-2/files-2.1/androidx.activity/activity-compose/1.8.2/648fbbfd0bd3b85c4de733dd022fc86741477e43/activity-compose-1.8.2.aar because:
  Build cache is disabled
  Caching not enabled.
Downloading https://dl.google.com/dl/android/maven2/androidx/emoji2/emoji2/1.3.0/emoji2-1.3.0.aar to /home/work/.gradle/.tmp/gradle_download6166582292869093318bin
Transforming emoji2-1.3.0.aar (androidx.emoji2:emoji2:1.3.0) with ExtractAarTransform
Caching disabled for ExtractAarTransform: /home/work/.gradle/caches/modules-2/files-2.1/androidx.emoji2/emoji2/1.3.0/37ed42991ddf77924510472dba632314aab1c9d9/emoji2-1.3.0.aar because:
  Build cache is disabled
  Caching not enabled.
Transforming emoji2-1.3.0.aar (androidx.emoji2:emoji2:1.3.0) with AarTransform
Transforming activity-compose-1.8.2.aar (androidx.activity:activity-compose:1.8.2) with AarTransform
Caching disabled for AarTransform: /home/work/.gradle/caches/transforms-4/2c883cd359a20d3dff7308fd75b76ba6/transformed/emoji2-1.3.0 because:
  Build cache is disabled
  Caching not enabled.
Caching disabled for AarTransform: /home/work/.gradle/caches/transforms-4/99e7b40b04501308747efa568058b5a7/transformed/activity-compose-1.8.2 because:
  Build cache is disabled
  Caching not enabled.
Downloading https://dl.google.com/dl/android/maven2/androidx/lifecycle/lifecycle-livedata-core/2.7.0/lifecycle-livedata-core-2.7.0.aar to /home/work/.gradle/.tmp/gradle_download1406407129261412849bin
Transforming lifecycle-livedata-core-2.7.0.aar (androidx.lifecycle:lifecycle-livedata-core:2.7.0) with ExtractAarTransform
Caching disabled for ExtractAarTransform: /home/work/.gradle/caches/modules-2/files-2.1/androidx.lifecycle/lifecycle-livedata-core/2.7.0/d95c9c0b74a6b9882c416c688f6cf201dc416bed/lifecycle-livedata-core-2.7.0.aar because:
  Build cache is disabled
  Caching not enabled.
Transforming lifecycle-livedata-core-2.7.0.aar (androidx.lifecycle:lifecycle-livedata-core:2.7.0) with AarTransform
Caching disabled for AarTransform: /home/work/.gradle/caches/transforms-4/330671933b3e491680735ff8685ce78b/transformed/lifecycle-livedata-core-2.7.0 because:
  Build cache is disabled
  Caching not enabled.
Downloading https://dl.google.com/dl/android/maven2/androidx/lifecycle/lifecycle-process/2.7.0/lifecycle-process-2.7.0.aar to /home/work/.gradle/.tmp/gradle_download10002677923560555971bin
Transforming lifecycle-process-2.7.0.aar (androidx.lifecycle:lifecycle-process:2.7.0) with ExtractAarTransform
Caching disabled for ExtractAarTransform: /home/work/.gradle/caches/modules-2/files-2.1/androidx.lifecycle/lifecycle-process/2.7.0/10fc9ecc045a9931724c43e710c55680a772d96a/lifecycle-process-2.7.0.aar because:
  Build cache is disabled
  Caching not enabled.
Transforming lifecycle-process-2.7.0.aar (androidx.lifecycle:lifecycle-process:2.7.0) with AarTransform
Caching disabled for AarTransform: /home/work/.gradle/caches/transforms-4/49736cba61bf7c2c4afa895dea62922e/transformed/lifecycle-process-2.7.0 because:
  Build cache is disabled
  Caching not enabled.
Downloading https://dl.google.com/dl/android/maven2/androidx/savedstate/savedstate-ktx/1.2.1/savedstate-ktx-1.2.1.aar to /home/work/.gradle/.tmp/gradle_download12860265349519480096bin
Transforming savedstate-ktx-1.2.1.aar (androidx.savedstate:savedstate-ktx:1.2.1) with ExtractAarTransform
Caching disabled for ExtractAarTransform: /home/work/.gradle/caches/modules-2/files-2.1/androidx.savedstate/savedstate-ktx/1.2.1/b86d338d91b1c26193a42b1d87be9bb02123fa16/savedstate-ktx-1.2.1.aar because:
  Build cache is disabled
  Caching not enabled.
Transforming savedstate-ktx-1.2.1.aar (androidx.savedstate:savedstate-ktx:1.2.1) with AarTransform
Caching disabled for AarTransform: /home/work/.gradle/caches/transforms-4/1c6ae362494740a87122d83b9ea3f00f/transformed/savedstate-ktx-1.2.1 because:
  Build cache is disabled
  Caching not enabled.
Downloading https://dl.google.com/dl/android/maven2/androidx/savedstate/savedstate/1.2.1/savedstate-1.2.1.aar to /home/work/.gradle/.tmp/gradle_download10357750857120411592bin
Transforming savedstate-1.2.1.aar (androidx.savedstate:savedstate:1.2.1) with ExtractAarTransform
Caching disabled for ExtractAarTransform: /home/work/.gradle/caches/modules-2/files-2.1/androidx.savedstate/savedstate/1.2.1/e364fc9dec32aa569d855f85864e50250318a093/savedstate-1.2.1.aar because:
  Build cache is disabled
  Caching not enabled.
Transforming savedstate-1.2.1.aar (androidx.savedstate:savedstate:1.2.1) with AarTransform
Caching disabled for AarTransform: /home/work/.gradle/caches/transforms-4/d263a73481621f9a07a1b657079178d9/transformed/savedstate-1.2.1 because:
  Build cache is disabled
  Caching not enabled.
Downloading https://dl.google.com/dl/android/maven2/androidx/lifecycle/lifecycle-viewmodel-savedstate/2.7.0/lifecycle-viewmodel-savedstate-2.7.0.aar to /home/work/.gradle/.tmp/gradle_download11288096359508235259bin
Transforming lifecycle-viewmodel-savedstate-2.7.0.aar (androidx.lifecycle:lifecycle-viewmodel-savedstate:2.7.0) with ExtractAarTransform
Caching disabled for ExtractAarTransform: /home/work/.gradle/caches/modules-2/files-2.1/androidx.lifecycle/lifecycle-viewmodel-savedstate/2.7.0/1fa14bde5efb3a96fa4fb8ced995f7fdfe99dfd/lifecycle-viewmodel-savedstate-2.7.0.aar because:
  Build cache is disabled
  Caching not enabled.
Transforming lifecycle-viewmodel-savedstate-2.7.0.aar (androidx.lifecycle:lifecycle-viewmodel-savedstate:2.7.0) with AarTransform
Caching disabled for AarTransform: /home/work/.gradle/caches/transforms-4/0256e05e0f5feb2431e1b5ba811ca493/transformed/lifecycle-viewmodel-savedstate-2.7.0 because:
  Build cache is disabled
  Caching not enabled.
Downloading https://dl.google.com/dl/android/maven2/androidx/lifecycle/lifecycle-viewmodel-ktx/2.7.0/lifecycle-viewmodel-ktx-2.7.0.aar to /home/work/.gradle/.tmp/gradle_download15002674697683753096bin
Transforming lifecycle-viewmodel-ktx-2.7.0.aar (androidx.lifecycle:lifecycle-viewmodel-ktx:2.7.0) with ExtractAarTransform
Caching disabled for ExtractAarTransform: /home/work/.gradle/caches/modules-2/files-2.1/androidx.lifecycle/lifecycle-viewmodel-ktx/2.7.0/421575b66dd75fa2a1bd425f9ab335461dd10721/lifecycle-viewmodel-ktx-2.7.0.aar because:
  Build cache is disabled
  Caching not enabled.
Transforming lifecycle-viewmodel-ktx-2.7.0.aar (androidx.lifecycle:lifecycle-viewmodel-ktx:2.7.0) with AarTransform
Caching disabled for AarTransform: /home/work/.gradle/caches/transforms-4/8d30544f7f393ef676ee11e23c532ea3/transformed/lifecycle-viewmodel-ktx-2.7.0 because:
  Build cache is disabled
  Caching not enabled.
Downloading https://dl.google.com/dl/android/maven2/androidx/lifecycle/lifecycle-viewmodel/2.7.0/lifecycle-viewmodel-2.7.0.aar to /home/work/.gradle/.tmp/gradle_download978862064353569666bin
Transforming lifecycle-viewmodel-2.7.0.aar (androidx.lifecycle:lifecycle-viewmodel:2.7.0) with ExtractAarTransform
Caching disabled for ExtractAarTransform: /home/work/.gradle/caches/modules-2/files-2.1/androidx.lifecycle/lifecycle-viewmodel/2.7.0/ea64fb2e504d200f2b7f03c76f51edd7e9ef62a9/lifecycle-viewmodel-2.7.0.aar because:
  Build cache is disabled
  Caching not enabled.
Transforming lifecycle-viewmodel-2.7.0.aar (androidx.lifecycle:lifecycle-viewmodel:2.7.0) with AarTransform
Caching disabled for AarTransform: /home/work/.gradle/caches/transforms-4/14e9670e57b5357726d16598dcae8860/transformed/lifecycle-viewmodel-2.7.0 because:
  Build cache is disabled
  Caching not enabled.
Downloading https://dl.google.com/dl/android/maven2/androidx/lifecycle/lifecycle-runtime-compose/2.7.0/lifecycle-runtime-compose-2.7.0.aar to /home/work/.gradle/.tmp/gradle_download8332634292307041592bin
Transforming lifecycle-runtime-compose-2.7.0.aar (androidx.lifecycle:lifecycle-runtime-compose:2.7.0) with ExtractAarTransform
Caching disabled for ExtractAarTransform: /home/work/.gradle/caches/modules-2/files-2.1/androidx.lifecycle/lifecycle-runtime-compose/2.7.0/3dfbc6e820ee606d0cf80d8ef43faae149906907/lifecycle-runtime-compose-2.7.0.aar because:
  Build cache is disabled
  Caching not enabled.
Transforming lifecycle-runtime-compose-2.7.0.aar (androidx.lifecycle:lifecycle-runtime-compose:2.7.0) with AarTransform
Caching disabled for AarTransform: /home/work/.gradle/caches/transforms-4/c059ae3f656ca7d2252a3066b83ccb4d/transformed/lifecycle-runtime-compose-2.7.0 because:
  Build cache is disabled
  Caching not enabled.
Downloading https://dl.google.com/dl/android/maven2/androidx/lifecycle/lifecycle-runtime/2.7.0/lifecycle-runtime-2.7.0.aar to /home/work/.gradle/.tmp/gradle_download3786519494946640013bin
Transforming lifecycle-runtime-2.7.0.aar (androidx.lifecycle:lifecycle-runtime:2.7.0) with ExtractAarTransform
Caching disabled for ExtractAarTransform: /home/work/.gradle/caches/modules-2/files-2.1/androidx.lifecycle/lifecycle-runtime/2.7.0/e46d7c73ab6cb3e288f51a0ad96bf372e90ceb31/lifecycle-runtime-2.7.0.aar because:
  Build cache is disabled
  Caching not enabled.
Downloading https://dl.google.com/dl/android/maven2/androidx/lifecycle/lifecycle-runtime-ktx/2.7.0/lifecycle-runtime-ktx-2.7.0.aar to /home/work/.gradle/.tmp/gradle_download15423181419370878315bin
Transforming lifecycle-runtime-ktx-2.7.0.aar (androidx.lifecycle:lifecycle-runtime-ktx:2.7.0) with ExtractAarTransform
Caching disabled for ExtractAarTransform: /home/work/.gradle/caches/modules-2/files-2.1/androidx.lifecycle/lifecycle-runtime-ktx/2.7.0/99b5608d5971ae4cb95dea85cd0a2bdb1519b89d/lifecycle-runtime-ktx-2.7.0.aar because:
  Build cache is disabled
  Caching not enabled.
Transforming lifecycle-runtime-2.7.0.aar (androidx.lifecycle:lifecycle-runtime:2.7.0) with AarTransform
Caching disabled for AarTransform: /home/work/.gradle/caches/transforms-4/c8a3dd1570f09a3a1ae256af99533305/transformed/lifecycle-runtime-2.7.0 because:
  Build cache is disabled
  Caching not enabled.
Transforming lifecycle-runtime-ktx-2.7.0.aar (androidx.lifecycle:lifecycle-runtime-ktx:2.7.0) with AarTransform
Caching disabled for AarTransform: /home/work/.gradle/caches/transforms-4/6629fe5921a0c459c28e3a2d7dab383b/transformed/lifecycle-runtime-ktx-2.7.0 because:
  Build cache is disabled
  Caching not enabled.
Downloading https://dl.google.com/dl/android/maven2/androidx/lifecycle/lifecycle-viewmodel-compose/2.7.0/lifecycle-viewmodel-compose-2.7.0.aar to /home/work/.gradle/.tmp/gradle_download16845228258232483244bin
Transforming lifecycle-viewmodel-compose-2.7.0.aar (androidx.lifecycle:lifecycle-viewmodel-compose:2.7.0) with ExtractAarTransform
Caching disabled for ExtractAarTransform: /home/work/.gradle/caches/modules-2/files-2.1/androidx.lifecycle/lifecycle-viewmodel-compose/2.7.0/4b85b0835d9e85593b23862c4c129f31d38ebcd8/lifecycle-viewmodel-compose-2.7.0.aar because:
  Build cache is disabled
  Caching not enabled.
Transforming lifecycle-viewmodel-compose-2.7.0.aar (androidx.lifecycle:lifecycle-viewmodel-compose:2.7.0) with AarTransform
Caching disabled for AarTransform: /home/work/.gradle/caches/transforms-4/aec69a1504fe974cfb651229438fc8a7/transformed/lifecycle-viewmodel-compose-2.7.0 because:
  Build cache is disabled
  Caching not enabled.
Downloading https://dl.google.com/dl/android/maven2/androidx/autofill/autofill/1.0.0/autofill-1.0.0.aar to /home/work/.gradle/.tmp/gradle_download3286746621949723458bin
Transforming autofill-1.0.0.aar (androidx.autofill:autofill:1.0.0) with ExtractAarTransform
Caching disabled for ExtractAarTransform: /home/work/.gradle/caches/modules-2/files-2.1/androidx.autofill/autofill/1.0.0/d95a6e3b895ad8f037dd01d88c87138b6d5eb507/autofill-1.0.0.aar because:
  Build cache is disabled
  Caching not enabled.
Transforming autofill-1.0.0.aar (androidx.autofill:autofill:1.0.0) with AarTransform
Caching disabled for AarTransform: /home/work/.gradle/caches/transforms-4/1f0d4fa644b2fa83f43396a6092fb5d6/transformed/autofill-1.0.0 because:
  Build cache is disabled
  Caching not enabled.
Downloading https://dl.google.com/dl/android/maven2/androidx/compose/ui/ui-android/1.6.4/ui-android-1.6.4.aar to /home/work/.gradle/.tmp/gradle_download8504843178129430738bin
Downloading https://dl.google.com/dl/android/maven2/androidx/core/core/1.12.0/core-1.12.0.aar to /home/work/.gradle/.tmp/gradle_download17429985429078232381bin
Transforming core-1.12.0.aar (androidx.core:core:1.12.0) with ExtractAarTransform
Caching disabled for ExtractAarTransform: /home/work/.gradle/caches/modules-2/files-2.1/androidx.core/core/1.12.0/5aa3088ed93ba8ebaea2b8a83befdfa829339e7a/core-1.12.0.aar because:
  Build cache is disabled
  Caching not enabled.
Transforming ui-release.aar (androidx.compose.ui:ui-android:1.6.4) with ExtractAarTransform
Transforming core-1.12.0.aar (androidx.core:core:1.12.0) with AarTransform
Caching disabled for AarTransform: /home/work/.gradle/caches/transforms-4/e7ac923e151a5f6c2b7920ce86dfcf41/transformed/core-1.12.0 because:
  Build cache is disabled
  Caching not enabled.
Transforming core-1.12.0.aar (androidx.core:core:1.12.0) with ExtractAarTransform
Transforming core-1.12.0.aar (androidx.core:core:1.12.0) with AarTransform
Caching disabled for ExtractAarTransform: /home/work/.gradle/caches/modules-2/files-2.1/androidx.compose.ui/ui-android/1.6.4/3281477affc36fb695383c8fcb32eab44300c908/ui-release.aar because:
  Build cache is disabled
  Caching not enabled.
Transforming ui-release.aar (androidx.compose.ui:ui-android:1.6.4) with AarTransform
Downloading https://dl.google.com/dl/android/maven2/androidx/customview/customview-poolingcontainer/1.0.0/customview-poolingcontainer-1.0.0.aar to /home/work/.gradle/.tmp/gradle_download4233312643524931143bin
Transforming customview-poolingcontainer-1.0.0.aar (androidx.customview:customview-poolingcontainer:1.0.0) with ExtractAarTransform
Caching disabled for ExtractAarTransform: /home/work/.gradle/caches/modules-2/files-2.1/androidx.customview/customview-poolingcontainer/1.0.0/579fc832cf0e5be08d8d9571850b50d22d9de3c/customview-poolingcontainer-1.0.0.aar because:
  Build cache is disabled
  Caching not enabled.
Transforming customview-poolingcontainer-1.0.0.aar (androidx.customview:customview-poolingcontainer:1.0.0) with AarTransform
Caching disabled for AarTransform: /home/work/.gradle/caches/transforms-4/4d0918fac81194817bd56c165cb19099/transformed/customview-poolingcontainer-1.0.0 because:
  Build cache is disabled
  Caching not enabled.
Caching disabled for AarTransform: /home/work/.gradle/caches/transforms-4/8e41a17455f12350e19d821abd7ca6a3/transformed/ui-release because:
  Build cache is disabled
  Caching not enabled.
Downloading https://dl.google.com/dl/android/maven2/androidx/room/room-runtime/2.6.1/room-runtime-2.6.1.aar to /home/work/.gradle/.tmp/gradle_download2296422047601939619bin
Downloading https://dl.google.com/dl/android/maven2/androidx/core/core-ktx/1.12.0/core-ktx-1.12.0.aar to /home/work/.gradle/.tmp/gradle_download16529781271741859003bin
Transforming core-ktx-1.12.0.aar (androidx.core:core-ktx:1.12.0) with ExtractAarTransform
Transforming room-runtime-2.6.1.aar (androidx.room:room-runtime:2.6.1) with ExtractAarTransform
Caching disabled for ExtractAarTransform: /home/work/.gradle/caches/modules-2/files-2.1/androidx.core/core-ktx/1.12.0/1b80a40d6f34eb52c8de87c186feb57aa2a43ada/core-ktx-1.12.0.aar because:
  Build cache is disabled
  Caching not enabled.
Caching disabled for ExtractAarTransform: /home/work/.gradle/caches/modules-2/files-2.1/androidx.room/room-runtime/2.6.1/3ebcd7683411c298dd8aeee635f452c96eaf319/room-runtime-2.6.1.aar because:
  Build cache is disabled
  Caching not enabled.
Transforming room-runtime-2.6.1.aar (androidx.room:room-runtime:2.6.1) with AarTransform
Transforming core-ktx-1.12.0.aar (androidx.core:core-ktx:1.12.0) with AarTransform
Caching disabled for AarTransform: /home/work/.gradle/caches/transforms-4/e3f8ae677022e34f10fc61d9bc95b3fe/transformed/core-ktx-1.12.0 because:
  Build cache is disabled
  Caching not enabled.
Caching disabled for AarTransform: /home/work/.gradle/caches/transforms-4/6dd1d69683217082b68a1485e87e4628/transformed/room-runtime-2.6.1 because:
  Build cache is disabled
  Caching not enabled.
Downloading https://dl.google.com/dl/android/maven2/androidx/datastore/datastore-preferences/1.0.0/datastore-preferences-1.0.0.aar to /home/work/.gradle/.tmp/gradle_download18037321346367956703bin
Transforming datastore-preferences-1.0.0.aar (androidx.datastore:datastore-preferences:1.0.0) with ExtractAarTransform
Caching disabled for ExtractAarTransform: /home/work/.gradle/caches/modules-2/files-2.1/androidx.datastore/datastore-preferences/1.0.0/246d3fe6a8fad89cb125347cd3e66c25c09b791d/datastore-preferences-1.0.0.aar because:
  Build cache is disabled
  Caching not enabled.
Transforming datastore-preferences-1.0.0.aar (androidx.datastore:datastore-preferences:1.0.0) with AarTransform
Caching disabled for AarTransform: /home/work/.gradle/caches/transforms-4/8f5a0e3b0bf5bb578801c1520008a24a/transformed/datastore-preferences-1.0.0 because:
  Build cache is disabled
  Caching not enabled.
Downloading https://dl.google.com/dl/android/maven2/androidx/room/room-ktx/2.6.1/room-ktx-2.6.1.aar to /home/work/.gradle/.tmp/gradle_download10042722846836878519bin
Transforming room-ktx-2.6.1.aar (androidx.room:room-ktx:2.6.1) with ExtractAarTransform
Caching disabled for ExtractAarTransform: /home/work/.gradle/caches/modules-2/files-2.1/androidx.room/room-ktx/2.6.1/1f353808ec8a8b2d0a554d2a3f43f0829982df60/room-ktx-2.6.1.aar because:
  Build cache is disabled
  Caching not enabled.
Transforming room-ktx-2.6.1.aar (androidx.room:room-ktx:2.6.1) with AarTransform
Caching disabled for AarTransform: /home/work/.gradle/caches/transforms-4/16aba03a6df4631803bd1b93a2df4246/transformed/room-ktx-2.6.1 because:
  Build cache is disabled
  Caching not enabled.
Downloading https://dl.google.com/dl/android/maven2/androidx/sqlite/sqlite-framework/2.4.0/sqlite-framework-2.4.0.aar to /home/work/.gradle/.tmp/gradle_download13109547312606774809bin
Transforming sqlite-framework-2.4.0.aar (androidx.sqlite:sqlite-framework:2.4.0) with ExtractAarTransform
Caching disabled for ExtractAarTransform: /home/work/.gradle/caches/modules-2/files-2.1/androidx.sqlite/sqlite-framework/2.4.0/532d56a4f312d78767534ff1cc2f8084baec6c26/sqlite-framework-2.4.0.aar because:
  Build cache is disabled
  Caching not enabled.
Transforming sqlite-framework-2.4.0.aar (androidx.sqlite:sqlite-framework:2.4.0) with AarTransform
Caching disabled for AarTransform: /home/work/.gradle/caches/transforms-4/6f75ef7bddfad6ababb0e969da722b7c/transformed/sqlite-framework-2.4.0 because:
  Build cache is disabled
  Caching not enabled.
Downloading https://dl.google.com/dl/android/maven2/androidx/sqlite/sqlite/2.4.0/sqlite-2.4.0.aar to /home/work/.gradle/.tmp/gradle_download3340611595972404958bin
Transforming sqlite-2.4.0.aar (androidx.sqlite:sqlite:2.4.0) with ExtractAarTransform
Caching disabled for ExtractAarTransform: /home/work/.gradle/caches/modules-2/files-2.1/androidx.sqlite/sqlite/2.4.0/cc553e5621c8ad4e233059a724100afa9e2fd1f4/sqlite-2.4.0.aar because:
  Build cache is disabled
  Caching not enabled.
Transforming sqlite-2.4.0.aar (androidx.sqlite:sqlite:2.4.0) with AarTransform
Caching disabled for AarTransform: /home/work/.gradle/caches/transforms-4/193a9ec678b971d5f3c7549b1a7af662/transformed/sqlite-2.4.0 because:
  Build cache is disabled
  Caching not enabled.
Downloading https://dl.google.com/dl/android/maven2/androidx/datastore/datastore/1.0.0/datastore-1.0.0.aar to /home/work/.gradle/.tmp/gradle_download7259475836154564136bin
Transforming datastore-1.0.0.aar (androidx.datastore:datastore:1.0.0) with ExtractAarTransform
Caching disabled for ExtractAarTransform: /home/work/.gradle/caches/modules-2/files-2.1/androidx.datastore/datastore/1.0.0/3de4862f268c702e0f09e1bc26fa347da3ae33be/datastore-1.0.0.aar because:
  Build cache is disabled
  Caching not enabled.
Transforming datastore-1.0.0.aar (androidx.datastore:datastore:1.0.0) with AarTransform
Caching disabled for AarTransform: /home/work/.gradle/caches/transforms-4/53b4e8308df4e480a8d105867e378376/transformed/datastore-1.0.0 because:
  Build cache is disabled
  Caching not enabled.
Downloading https://dl.google.com/dl/android/maven2/androidx/compose/runtime/runtime-saveable-android/1.6.4/runtime-saveable-android-1.6.4.aar to /home/work/.gradle/.tmp/gradle_download13370777671529105743bin
Transforming runtime-saveable-release.aar (androidx.compose.runtime:runtime-saveable-android:1.6.4) with ExtractAarTransform
Caching disabled for ExtractAarTransform: /home/work/.gradle/caches/modules-2/files-2.1/androidx.compose.runtime/runtime-saveable-android/1.6.4/184c517cb7c13a6f0a2a7c632c9f07a6909a4497/runtime-saveable-release.aar because:
  Build cache is disabled
  Caching not enabled.
Downloading https://dl.google.com/dl/android/maven2/androidx/compose/runtime/runtime-android/1.6.4/runtime-android-1.6.4.aar to /home/work/.gradle/.tmp/gradle_download17661480439340201334bin
Transforming runtime-saveable-release.aar (androidx.compose.runtime:runtime-saveable-android:1.6.4) with AarTransform
Caching disabled for AarTransform: /home/work/.gradle/caches/transforms-4/12f0d85e3fc71c77ca64d46e4efe1176/transformed/runtime-saveable-release because:
  Build cache is disabled
  Caching not enabled.
Transforming runtime-release.aar (androidx.compose.runtime:runtime-android:1.6.4) with ExtractAarTransform
Caching disabled for ExtractAarTransform: /home/work/.gradle/caches/modules-2/files-2.1/androidx.compose.runtime/runtime-android/1.6.4/e070116fd6f01f9fc8379e9ae2260e2d4724b829/runtime-release.aar because:
  Build cache is disabled
  Caching not enabled.
Transforming runtime-release.aar (androidx.compose.runtime:runtime-android:1.6.4) with AarTransform
Downloading https://dl.google.com/dl/android/maven2/androidx/annotation/annotation-experimental/1.4.0/annotation-experimental-1.4.0.aar to /home/work/.gradle/.tmp/gradle_download17217915552485020184bin
Transforming annotation-experimental-1.4.0.aar (androidx.annotation:annotation-experimental:1.4.0) with ExtractAarTransform
Caching disabled for ExtractAarTransform: /home/work/.gradle/caches/modules-2/files-2.1/androidx.annotation/annotation-experimental/1.4.0/c7a2038d831d0cfbfb9a440890b287c2e839ecf/annotation-experimental-1.4.0.aar because:
  Build cache is disabled
  Caching not enabled.
Transforming annotation-experimental-1.4.0.aar (androidx.annotation:annotation-experimental:1.4.0) with AarTransform
Caching disabled for AarTransform: /home/work/.gradle/caches/transforms-4/c422215d4ecc0f7671ad193841b11f35/transformed/annotation-experimental-1.4.0 because:
  Build cache is disabled
  Caching not enabled.
Caching disabled for AarTransform: /home/work/.gradle/caches/transforms-4/c6ca1d71f5553f2dcf4b73060031cf57/transformed/runtime-release because:
  Build cache is disabled
  Caching not enabled.
Downloading https://dl.google.com/dl/android/maven2/androidx/arch/core/core-runtime/2.2.0/core-runtime-2.2.0.aar to /home/work/.gradle/.tmp/gradle_download15720403299402611111bin
Transforming core-runtime-2.2.0.aar (androidx.arch.core:core-runtime:2.2.0) with ExtractAarTransform
Caching disabled for ExtractAarTransform: /home/work/.gradle/caches/modules-2/files-2.1/androidx.arch.core/core-runtime/2.2.0/39705982680d78556b679ef9d5400d4f17509b0b/core-runtime-2.2.0.aar because:
  Build cache is disabled
  Caching not enabled.
Transforming core-runtime-2.2.0.aar (androidx.arch.core:core-runtime:2.2.0) with AarTransform
Caching disabled for AarTransform: /home/work/.gradle/caches/transforms-4/4b895aacf88399647e113a4b46c4f32e/transformed/core-runtime-2.2.0 because:
  Build cache is disabled
  Caching not enabled.
Downloading https://dl.google.com/dl/android/maven2/androidx/versionedparcelable/versionedparcelable/1.1.1/versionedparcelable-1.1.1.aar to /home/work/.gradle/.tmp/gradle_download12294742097414726364bin
Transforming versionedparcelable-1.1.1.aar (androidx.versionedparcelable:versionedparcelable:1.1.1) with ExtractAarTransform
Caching disabled for ExtractAarTransform: /home/work/.gradle/caches/modules-2/files-2.1/androidx.versionedparcelable/versionedparcelable/1.1.1/18e18071e7715679e0593c570217edeb5ca48b9e/versionedparcelable-1.1.1.aar because:
  Build cache is disabled
  Caching not enabled.
Transforming versionedparcelable-1.1.1.aar (androidx.versionedparcelable:versionedparcelable:1.1.1) with AarTransform
Caching disabled for AarTransform: /home/work/.gradle/caches/transforms-4/03c1684486fde00bc2b40e4a64902b2a/transformed/versionedparcelable-1.1.1 because:
  Build cache is disabled
  Caching not enabled.
Downloading https://dl.google.com/dl/android/maven2/androidx/profileinstaller/profileinstaller/1.3.0/profileinstaller-1.3.0.aar to /home/work/.gradle/.tmp/gradle_download10130480924300195501bin
Transforming profileinstaller-1.3.0.aar (androidx.profileinstaller:profileinstaller:1.3.0) with ExtractAarTransform
Caching disabled for ExtractAarTransform: /home/work/.gradle/caches/modules-2/files-2.1/androidx.profileinstaller/profileinstaller/1.3.0/624641814089cd7bebf427aafa68ac089fb38261/profileinstaller-1.3.0.aar because:
  Build cache is disabled
  Caching not enabled.
Transforming profileinstaller-1.3.0.aar (androidx.profileinstaller:profileinstaller:1.3.0) with AarTransform
Caching disabled for AarTransform: /home/work/.gradle/caches/transforms-4/caa965e6ddc8db71b5af1783cb9bedf4/transformed/profileinstaller-1.3.0 because:
  Build cache is disabled
  Caching not enabled.
Downloading https://dl.google.com/dl/android/maven2/androidx/interpolator/interpolator/1.0.0/interpolator-1.0.0.aar to /home/work/.gradle/.tmp/gradle_download8267067922850148658bin
Transforming interpolator-1.0.0.aar (androidx.interpolator:interpolator:1.0.0) with ExtractAarTransform
Caching disabled for ExtractAarTransform: /home/work/.gradle/caches/modules-2/files-2.1/androidx.interpolator/interpolator/1.0.0/8a01fa254a23b9388571eb6334b03707c7d122d7/interpolator-1.0.0.aar because:
  Build cache is disabled
  Caching not enabled.
Transforming interpolator-1.0.0.aar (androidx.interpolator:interpolator:1.0.0) with AarTransform
Caching disabled for AarTransform: /home/work/.gradle/caches/transforms-4/ca5720815127479342f15362fd7f1c0a/transformed/interpolator-1.0.0 because:
  Build cache is disabled
  Caching not enabled.
Downloading https://dl.google.com/dl/android/maven2/androidx/tracing/tracing/1.0.0/tracing-1.0.0.aar to /home/work/.gradle/.tmp/gradle_download9780309321099890070bin
Transforming tracing-1.0.0.aar (androidx.tracing:tracing:1.0.0) with ExtractAarTransform
Caching disabled for ExtractAarTransform: /home/work/.gradle/caches/modules-2/files-2.1/androidx.tracing/tracing/1.0.0/69cef34711dffbc517e7a0a419ec4a98f84f496a/tracing-1.0.0.aar because:
  Build cache is disabled
  Caching not enabled.
Transforming tracing-1.0.0.aar (androidx.tracing:tracing:1.0.0) with AarTransform
Caching disabled for AarTransform: /home/work/.gradle/caches/transforms-4/233d4655400db9c478b7a397c3ed773f/transformed/tracing-1.0.0 because:
  Build cache is disabled
  Caching not enabled.
Downloading https://dl.google.com/dl/android/maven2/androidx/startup/startup-runtime/1.1.1/startup-runtime-1.1.1.aar to /home/work/.gradle/.tmp/gradle_download13547643709572408399bin
Transforming startup-runtime-1.1.1.aar (androidx.startup:startup-runtime:1.1.1) with ExtractAarTransform
Caching disabled for ExtractAarTransform: /home/work/.gradle/caches/modules-2/files-2.1/androidx.startup/startup-runtime/1.1.1/9d4ba67056aff98b69eadc1477c19a1e67cb9470/startup-runtime-1.1.1.aar because:
  Build cache is disabled
  Caching not enabled.
Transforming startup-runtime-1.1.1.aar (androidx.startup:startup-runtime:1.1.1) with AarTransform
Caching disabled for AarTransform: /home/work/.gradle/caches/transforms-4/816ce26281626c774af1d0532f13d024/transformed/startup-runtime-1.1.1 because:
  Build cache is disabled
  Caching not enabled.
Caching disabled for task ':app:checkDebugAarMetadata' because:
  Build cache is disabled
  Caching has been disabled for the task
Task ':app:checkDebugAarMetadata' is not up-to-date because:
  No history is available.

Resolve mutations for :app:generateDebugResValues (Thread[Execution worker,5,main]) started.
:app:generateDebugResValues (Thread[Execution worker,5,main]) started.

> Task :app:generateDebugResValues
Caching disabled for task ':app:generateDebugResValues' because:
  Build cache is disabled
Task ':app:generateDebugResValues' is not up-to-date because:
  No history is available.
Resolve mutations for :app:mapDebugSourceSetPaths (Thread[Execution worker,5,main]) started.
:app:mapDebugSourceSetPaths (Thread[Execution worker,5,main]) started.

> Task :app:mapDebugSourceSetPaths
Transforming navigation-common-2.7.7.aar (androidx.navigation:navigation-common:2.7.7) with ExtractAarTransform
Transforming navigation-common-2.7.7.aar (androidx.navigation:navigation-common:2.7.7) with AarTransform
Transforming navigation-runtime-2.7.7.aar (androidx.navigation:navigation-runtime:2.7.7) with ExtractAarTransform
Transforming navigation-runtime-2.7.7.aar (androidx.navigation:navigation-runtime:2.7.7) with AarTransform
Transforming navigation-common-ktx-2.7.7.aar (androidx.navigation:navigation-common-ktx:2.7.7) with ExtractAarTransform
Transforming navigation-common-ktx-2.7.7.aar (androidx.navigation:navigation-common-ktx:2.7.7) with AarTransform
Transforming navigation-runtime-ktx-2.7.7.aar (androidx.navigation:navigation-runtime-ktx:2.7.7) with ExtractAarTransform
Transforming navigation-runtime-ktx-2.7.7.aar (androidx.navigation:navigation-runtime-ktx:2.7.7) with AarTransform
Transforming navigation-compose-2.7.7.aar (androidx.navigation:navigation-compose:2.7.7) with ExtractAarTransform
Transforming navigation-compose-2.7.7.aar (androidx.navigation:navigation-compose:2.7.7) with AarTransform
Transforming activity-1.8.2.aar (androidx.activity:activity:1.8.2) with ExtractAarTransform
Transforming activity-1.8.2.aar (androidx.activity:activity:1.8.2) with AarTransform
Transforming activity-ktx-1.8.2.aar (androidx.activity:activity-ktx:1.8.2) with ExtractAarTransform
Transforming activity-ktx-1.8.2.aar (androidx.activity:activity-ktx:1.8.2) with AarTransform
Transforming material3-release.aar (androidx.compose.material3:material3-android:1.2.1) with ExtractAarTransform
Transforming material3-release.aar (androidx.compose.material3:material3-android:1.2.1) with AarTransform
Transforming material-release.aar (androidx.compose.material:material-android:1.6.4) with ExtractAarTransform
Transforming material-release.aar (androidx.compose.material:material-android:1.6.4) with AarTransform
Transforming material-icons-core-release.aar (androidx.compose.material:material-icons-core-android:1.6.4) with ExtractAarTransform
Transforming material-icons-core-release.aar (androidx.compose.material:material-icons-core-android:1.6.4) with AarTransform
Transforming material-icons-extended-release.aar (androidx.compose.material:material-icons-extended-android:1.6.4) with ExtractAarTransform
Transforming material-icons-extended-release.aar (androidx.compose.material:material-icons-extended-android:1.6.4) with AarTransform
Transforming material-ripple-release.aar (androidx.compose.material:material-ripple-android:1.6.4) with ExtractAarTransform
Transforming material-ripple-release.aar (androidx.compose.material:material-ripple-android:1.6.4) with AarTransform
Transforming foundation-release.aar (androidx.compose.foundation:foundation-android:1.6.4) with ExtractAarTransform
Transforming foundation-release.aar (androidx.compose.foundation:foundation-android:1.6.4) with AarTransform
Transforming foundation-layout-release.aar (androidx.compose.foundation:foundation-layout-android:1.6.4) with ExtractAarTransform
Transforming foundation-layout-release.aar (androidx.compose.foundation:foundation-layout-android:1.6.4) with AarTransform
Transforming animation-core-release.aar (androidx.compose.animation:animation-core-android:1.6.4) with ExtractAarTransform
Transforming animation-core-release.aar (androidx.compose.animation:animation-core-android:1.6.4) with AarTransform
Transforming animation-release.aar (androidx.compose.animation:animation-android:1.6.4) with ExtractAarTransform
Transforming animation-release.aar (androidx.compose.animation:animation-android:1.6.4) with AarTransform
Transforming ui-tooling-data-release.aar (androidx.compose.ui:ui-tooling-data-android:1.6.4) with ExtractAarTransform
Transforming ui-tooling-data-release.aar (androidx.compose.ui:ui-tooling-data-android:1.6.4) with AarTransform
Transforming ui-unit-release.aar (androidx.compose.ui:ui-unit-android:1.6.4) with ExtractAarTransform
Transforming ui-unit-release.aar (androidx.compose.ui:ui-unit-android:1.6.4) with AarTransform
Transforming ui-geometry-release.aar (androidx.compose.ui:ui-geometry-android:1.6.4) with ExtractAarTransform
Transforming ui-geometry-release.aar (androidx.compose.ui:ui-geometry-android:1.6.4) with AarTransform
Transforming ui-util-release.aar (androidx.compose.ui:ui-util-android:1.6.4) with ExtractAarTransform
Transforming ui-util-release.aar (androidx.compose.ui:ui-util-android:1.6.4) with AarTransform
Transforming ui-text-release.aar (androidx.compose.ui:ui-text-android:1.6.4) with ExtractAarTransform
Transforming ui-text-release.aar (androidx.compose.ui:ui-text-android:1.6.4) with AarTransform
Transforming ui-tooling-preview-release.aar (androidx.compose.ui:ui-tooling-preview-android:1.6.4) with ExtractAarTransform
Transforming ui-tooling-preview-release.aar (androidx.compose.ui:ui-tooling-preview-android:1.6.4) with AarTransform
Transforming ui-graphics-release.aar (androidx.compose.ui:ui-graphics-android:1.6.4) with ExtractAarTransform
Transforming ui-graphics-release.aar (androidx.compose.ui:ui-graphics-android:1.6.4) with AarTransform
Transforming ui-test-manifest-1.6.4.aar (androidx.compose.ui:ui-test-manifest:1.6.4) with ExtractAarTransform
Transforming ui-test-manifest-1.6.4.aar (androidx.compose.ui:ui-test-manifest:1.6.4) with AarTransform
Transforming ui-tooling-release.aar (androidx.compose.ui:ui-tooling-android:1.6.4) with ExtractAarTransform
Transforming ui-tooling-release.aar (androidx.compose.ui:ui-tooling-android:1.6.4) with AarTransform
Transforming activity-compose-1.8.2.aar (androidx.activity:activity-compose:1.8.2) with ExtractAarTransform
Transforming activity-compose-1.8.2.aar (androidx.activity:activity-compose:1.8.2) with AarTransform
Transforming emoji2-1.3.0.aar (androidx.emoji2:emoji2:1.3.0) with ExtractAarTransform
Transforming emoji2-1.3.0.aar (androidx.emoji2:emoji2:1.3.0) with AarTransform
Transforming lifecycle-process-2.7.0.aar (androidx.lifecycle:lifecycle-process:2.7.0) with ExtractAarTransform
Transforming lifecycle-process-2.7.0.aar (androidx.lifecycle:lifecycle-process:2.7.0) with AarTransform
Transforming lifecycle-livedata-core-2.7.0.aar (androidx.lifecycle:lifecycle-livedata-core:2.7.0) with ExtractAarTransform
Transforming lifecycle-livedata-core-2.7.0.aar (androidx.lifecycle:lifecycle-livedata-core:2.7.0) with AarTransform
Transforming savedstate-ktx-1.2.1.aar (androidx.savedstate:savedstate-ktx:1.2.1) with ExtractAarTransform
Transforming savedstate-ktx-1.2.1.aar (androidx.savedstate:savedstate-ktx:1.2.1) with AarTransform
Transforming savedstate-1.2.1.aar (androidx.savedstate:savedstate:1.2.1) with ExtractAarTransform
Transforming savedstate-1.2.1.aar (androidx.savedstate:savedstate:1.2.1) with AarTransform
Transforming lifecycle-viewmodel-savedstate-2.7.0.aar (androidx.lifecycle:lifecycle-viewmodel-savedstate:2.7.0) with ExtractAarTransform
Transforming lifecycle-viewmodel-savedstate-2.7.0.aar (androidx.lifecycle:lifecycle-viewmodel-savedstate:2.7.0) with AarTransform
Transforming lifecycle-viewmodel-ktx-2.7.0.aar (androidx.lifecycle:lifecycle-viewmodel-ktx:2.7.0) with ExtractAarTransform
Transforming lifecycle-viewmodel-ktx-2.7.0.aar (androidx.lifecycle:lifecycle-viewmodel-ktx:2.7.0) with AarTransform
Transforming lifecycle-viewmodel-2.7.0.aar (androidx.lifecycle:lifecycle-viewmodel:2.7.0) with ExtractAarTransform
Transforming lifecycle-viewmodel-2.7.0.aar (androidx.lifecycle:lifecycle-viewmodel:2.7.0) with AarTransform
Transforming lifecycle-runtime-2.7.0.aar (androidx.lifecycle:lifecycle-runtime:2.7.0) with ExtractAarTransform
Transforming lifecycle-runtime-2.7.0.aar (androidx.lifecycle:lifecycle-runtime:2.7.0) with AarTransform
Transforming lifecycle-runtime-compose-2.7.0.aar (androidx.lifecycle:lifecycle-runtime-compose:2.7.0) with ExtractAarTransform
Transforming lifecycle-runtime-compose-2.7.0.aar (androidx.lifecycle:lifecycle-runtime-compose:2.7.0) with AarTransform
Transforming lifecycle-runtime-ktx-2.7.0.aar (androidx.lifecycle:lifecycle-runtime-ktx:2.7.0) with ExtractAarTransform
Transforming lifecycle-runtime-ktx-2.7.0.aar (androidx.lifecycle:lifecycle-runtime-ktx:2.7.0) with AarTransform
Transforming lifecycle-viewmodel-compose-2.7.0.aar (androidx.lifecycle:lifecycle-viewmodel-compose:2.7.0) with ExtractAarTransform
Transforming lifecycle-viewmodel-compose-2.7.0.aar (androidx.lifecycle:lifecycle-viewmodel-compose:2.7.0) with AarTransform
Transforming ui-release.aar (androidx.compose.ui:ui-android:1.6.4) with ExtractAarTransform
Transforming ui-release.aar (androidx.compose.ui:ui-android:1.6.4) with AarTransform
Transforming autofill-1.0.0.aar (androidx.autofill:autofill:1.0.0) with ExtractAarTransform
Transforming autofill-1.0.0.aar (androidx.autofill:autofill:1.0.0) with AarTransform
Transforming core-1.12.0.aar (androidx.core:core:1.12.0) with ExtractAarTransform
Transforming core-1.12.0.aar (androidx.core:core:1.12.0) with AarTransform
Transforming core-1.12.0.aar (androidx.core:core:1.12.0) with ExtractAarTransform
Transforming core-1.12.0.aar (androidx.core:core:1.12.0) with AarTransform
Transforming customview-poolingcontainer-1.0.0.aar (androidx.customview:customview-poolingcontainer:1.0.0) with ExtractAarTransform
Transforming customview-poolingcontainer-1.0.0.aar (androidx.customview:customview-poolingcontainer:1.0.0) with AarTransform
Transforming core-ktx-1.12.0.aar (androidx.core:core-ktx:1.12.0) with ExtractAarTransform
Transforming core-ktx-1.12.0.aar (androidx.core:core-ktx:1.12.0) with AarTransform
Transforming room-runtime-2.6.1.aar (androidx.room:room-runtime:2.6.1) with ExtractAarTransform
Transforming room-runtime-2.6.1.aar (androidx.room:room-runtime:2.6.1) with AarTransform
Transforming room-ktx-2.6.1.aar (androidx.room:room-ktx:2.6.1) with ExtractAarTransform
Transforming room-ktx-2.6.1.aar (androidx.room:room-ktx:2.6.1) with AarTransform
Transforming datastore-preferences-1.0.0.aar (androidx.datastore:datastore-preferences:1.0.0) with ExtractAarTransform
Transforming datastore-preferences-1.0.0.aar (androidx.datastore:datastore-preferences:1.0.0) with AarTransform
Transforming sqlite-framework-2.4.0.aar (androidx.sqlite:sqlite-framework:2.4.0) with ExtractAarTransform
Transforming sqlite-framework-2.4.0.aar (androidx.sqlite:sqlite-framework:2.4.0) with AarTransform
Transforming sqlite-2.4.0.aar (androidx.sqlite:sqlite:2.4.0) with ExtractAarTransform
Transforming sqlite-2.4.0.aar (androidx.sqlite:sqlite:2.4.0) with AarTransform
Transforming datastore-1.0.0.aar (androidx.datastore:datastore:1.0.0) with ExtractAarTransform
Transforming datastore-1.0.0.aar (androidx.datastore:datastore:1.0.0) with AarTransform
Transforming runtime-saveable-release.aar (androidx.compose.runtime:runtime-saveable-android:1.6.4) with ExtractAarTransform
Transforming runtime-saveable-release.aar (androidx.compose.runtime:runtime-saveable-android:1.6.4) with AarTransform
Transforming runtime-release.aar (androidx.compose.runtime:runtime-android:1.6.4) with ExtractAarTransform
Transforming runtime-release.aar (androidx.compose.runtime:runtime-android:1.6.4) with AarTransform
Transforming annotation-experimental-1.4.0.aar (androidx.annotation:annotation-experimental:1.4.0) with ExtractAarTransform
Transforming annotation-experimental-1.4.0.aar (androidx.annotation:annotation-experimental:1.4.0) with AarTransform
Transforming versionedparcelable-1.1.1.aar (androidx.versionedparcelable:versionedparcelable:1.1.1) with ExtractAarTransform
Transforming versionedparcelable-1.1.1.aar (androidx.versionedparcelable:versionedparcelable:1.1.1) with AarTransform
Transforming core-runtime-2.2.0.aar (androidx.arch.core:core-runtime:2.2.0) with ExtractAarTransform
Transforming core-runtime-2.2.0.aar (androidx.arch.core:core-runtime:2.2.0) with AarTransform
Transforming interpolator-1.0.0.aar (androidx.interpolator:interpolator:1.0.0) with ExtractAarTransform
Transforming interpolator-1.0.0.aar (androidx.interpolator:interpolator:1.0.0) with AarTransform
Transforming profileinstaller-1.3.0.aar (androidx.profileinstaller:profileinstaller:1.3.0) with ExtractAarTransform
Transforming profileinstaller-1.3.0.aar (androidx.profileinstaller:profileinstaller:1.3.0) with AarTransform
Transforming startup-runtime-1.1.1.aar (androidx.startup:startup-runtime:1.1.1) with ExtractAarTransform
Transforming startup-runtime-1.1.1.aar (androidx.startup:startup-runtime:1.1.1) with AarTransform
Transforming tracing-1.0.0.aar (androidx.tracing:tracing:1.0.0) with ExtractAarTransform
Transforming tracing-1.0.0.aar (androidx.tracing:tracing:1.0.0) with AarTransform
Caching disabled for AarTransform: /home/work/.gradle/caches/transforms-4/0f4edc7e73eb45fc562d51c0237f5db9/transformed/navigation-common-2.7.7 because:
  Build cache is disabled
  Caching not enabled.
Caching disabled for AarTransform: /home/work/.gradle/caches/transforms-4/4e561c33054fe24aae0240d7f039956c/transformed/navigation-runtime-2.7.7 because:
  Build cache is disabled
  Caching not enabled.
Caching disabled for AarTransform: /home/work/.gradle/caches/transforms-4/31dc9faa96c3ff419b8a0e3fd9cf5ea1/transformed/navigation-common-ktx-2.7.7 because:
  Build cache is disabled
  Caching not enabled.
Caching disabled for AarTransform: /home/work/.gradle/caches/transforms-4/9844cfe113e808b7b13e4bf7e188cd15/transformed/navigation-runtime-ktx-2.7.7 because:
  Build cache is disabled
  Caching not enabled.
Caching disabled for AarTransform: /home/work/.gradle/caches/transforms-4/e89ec385b85ad77850115ac9861f887a/transformed/navigation-compose-2.7.7 because:
  Build cache is disabled
  Caching not enabled.
Caching disabled for AarTransform: /home/work/.gradle/caches/transforms-4/13481ff85102064c196181d8cfb97f3f/transformed/activity-1.8.2 because:
  Build cache is disabled
  Caching not enabled.
Caching disabled for AarTransform: /home/work/.gradle/caches/transforms-4/7495272c4b167b58aed4c9d8265b7e2d/transformed/activity-ktx-1.8.2 because:
  Build cache is disabled
  Caching not enabled.
Caching disabled for AarTransform: /home/work/.gradle/caches/transforms-4/ede5034769eb92ef6fc9c2e32b045eea/transformed/material3-release because:
  Build cache is disabled
  Caching not enabled.
Caching disabled for AarTransform: /home/work/.gradle/caches/transforms-4/440049452ed43fa3a9d4a47eb3e97b8c/transformed/material-release because:
  Build cache is disabled
  Caching not enabled.
Caching disabled for AarTransform: /home/work/.gradle/caches/transforms-4/65aac476dac3ccbca90863b4188fe93d/transformed/material-icons-core-release because:
  Build cache is disabled
  Caching not enabled.
Caching disabled for AarTransform: /home/work/.gradle/caches/transforms-4/f1bab65efcc69580be1609f050af593a/transformed/material-icons-extended-release because:
  Build cache is disabled
  Caching not enabled.
Caching disabled for AarTransform: /home/work/.gradle/caches/transforms-4/5c31f4ff19bac0d1e372893b593b5628/transformed/material-ripple-release because:
  Build cache is disabled
  Caching not enabled.
Caching disabled for AarTransform: /home/work/.gradle/caches/transforms-4/51517fb65aebbf2a3917ff84a7680bea/transformed/foundation-release because:
  Build cache is disabled
  Caching not enabled.
Caching disabled for AarTransform: /home/work/.gradle/caches/transforms-4/68b5671e2753c7d524c7d182facd781d/transformed/foundation-layout-release because:
  Build cache is disabled
  Caching not enabled.
Caching disabled for AarTransform: /home/work/.gradle/caches/transforms-4/904d34962a66b4273a957749abdc921f/transformed/animation-core-release because:
  Build cache is disabled
  Caching not enabled.
Caching disabled for AarTransform: /home/work/.gradle/caches/transforms-4/ab7d9db22cad2ea5feab190f7f1d941b/transformed/animation-release because:
  Build cache is disabled
  Caching not enabled.
Caching disabled for AarTransform: /home/work/.gradle/caches/transforms-4/4ea70a84e182d18e2c9de100a66fda04/transformed/ui-tooling-data-release because:
  Build cache is disabled
  Caching not enabled.
Caching disabled for AarTransform: /home/work/.gradle/caches/transforms-4/1a432830b3e498dd23566ccec14a0ee9/transformed/ui-unit-release because:
  Build cache is disabled
  Caching not enabled.
Caching disabled for AarTransform: /home/work/.gradle/caches/transforms-4/dc0387d60b41ff7f1d6f0f89ac4e97da/transformed/ui-geometry-release because:
  Build cache is disabled
  Caching not enabled.
Caching disabled for AarTransform: /home/work/.gradle/caches/transforms-4/fe7da7632d16a82ac6a89276c8de26cc/transformed/ui-util-release because:
  Build cache is disabled
  Caching not enabled.
Caching disabled for AarTransform: /home/work/.gradle/caches/transforms-4/340416d5462b46941ea0f70ee70719c9/transformed/ui-text-release because:
  Build cache is disabled
  Caching not enabled.
Caching disabled for AarTransform: /home/work/.gradle/caches/transforms-4/e73fa152cde1e6f98df427b32aeed442/transformed/ui-tooling-preview-release because:
  Build cache is disabled
  Caching not enabled.
Caching disabled for AarTransform: /home/work/.gradle/caches/transforms-4/5bc6e2ddca8335badaf97f477f1e4293/transformed/ui-graphics-release because:
  Build cache is disabled
  Caching not enabled.
Caching disabled for AarTransform: /home/work/.gradle/caches/transforms-4/8b0a1dc338ddf4a7a9336bb42bcf218f/transformed/ui-test-manifest-1.6.4 because:
  Build cache is disabled
  Caching not enabled.
Caching disabled for AarTransform: /home/work/.gradle/caches/transforms-4/53dfb837101cc8570fa397135ade4964/transformed/ui-tooling-release because:
  Build cache is disabled
  Caching not enabled.
Caching disabled for AarTransform: /home/work/.gradle/caches/transforms-4/99e7b40b04501308747efa568058b5a7/transformed/activity-compose-1.8.2 because:
  Build cache is disabled
  Caching not enabled.
Caching disabled for AarTransform: /home/work/.gradle/caches/transforms-4/2c883cd359a20d3dff7308fd75b76ba6/transformed/emoji2-1.3.0 because:
  Build cache is disabled
  Caching not enabled.
Caching disabled for AarTransform: /home/work/.gradle/caches/transforms-4/49736cba61bf7c2c4afa895dea62922e/transformed/lifecycle-process-2.7.0 because:
  Build cache is disabled
  Caching not enabled.
Caching disabled for AarTransform: /home/work/.gradle/caches/transforms-4/330671933b3e491680735ff8685ce78b/transformed/lifecycle-livedata-core-2.7.0 because:
  Build cache is disabled
  Caching not enabled.
Caching disabled for AarTransform: /home/work/.gradle/caches/transforms-4/1c6ae362494740a87122d83b9ea3f00f/transformed/savedstate-ktx-1.2.1 because:
  Build cache is disabled
  Caching not enabled.
Caching disabled for AarTransform: /home/work/.gradle/caches/transforms-4/d263a73481621f9a07a1b657079178d9/transformed/savedstate-1.2.1 because:
  Build cache is disabled
  Caching not enabled.
Caching disabled for AarTransform: /home/work/.gradle/caches/transforms-4/0256e05e0f5feb2431e1b5ba811ca493/transformed/lifecycle-viewmodel-savedstate-2.7.0 because:
  Build cache is disabled
  Caching not enabled.
Caching disabled for AarTransform: /home/work/.gradle/caches/transforms-4/8d30544f7f393ef676ee11e23c532ea3/transformed/lifecycle-viewmodel-ktx-2.7.0 because:
  Build cache is disabled
  Caching not enabled.
Caching disabled for AarTransform: /home/work/.gradle/caches/transforms-4/14e9670e57b5357726d16598dcae8860/transformed/lifecycle-viewmodel-2.7.0 because:
  Build cache is disabled
  Caching not enabled.
Caching disabled for AarTransform: /home/work/.gradle/caches/transforms-4/c8a3dd1570f09a3a1ae256af99533305/transformed/lifecycle-runtime-2.7.0 because:
  Build cache is disabled
  Caching not enabled.
Caching disabled for AarTransform: /home/work/.gradle/caches/transforms-4/c059ae3f656ca7d2252a3066b83ccb4d/transformed/lifecycle-runtime-compose-2.7.0 because:
  Build cache is disabled
  Caching not enabled.
Caching disabled for AarTransform: /home/work/.gradle/caches/transforms-4/6629fe5921a0c459c28e3a2d7dab383b/transformed/lifecycle-runtime-ktx-2.7.0 because:
  Build cache is disabled
  Caching not enabled.
Caching disabled for AarTransform: /home/work/.gradle/caches/transforms-4/aec69a1504fe974cfb651229438fc8a7/transformed/lifecycle-viewmodel-compose-2.7.0 because:
  Build cache is disabled
  Caching not enabled.
Caching disabled for AarTransform: /home/work/.gradle/caches/transforms-4/8e41a17455f12350e19d821abd7ca6a3/transformed/ui-release because:
  Build cache is disabled
  Caching not enabled.
Caching disabled for AarTransform: /home/work/.gradle/caches/transforms-4/1f0d4fa644b2fa83f43396a6092fb5d6/transformed/autofill-1.0.0 because:
  Build cache is disabled
  Caching not enabled.
Caching disabled for AarTransform: /home/work/.gradle/caches/transforms-4/e7ac923e151a5f6c2b7920ce86dfcf41/transformed/core-1.12.0 because:
  Build cache is disabled
  Caching not enabled.
Caching disabled for AarTransform: /home/work/.gradle/caches/transforms-4/e3f8ae677022e34f10fc61d9bc95b3fe/transformed/core-ktx-1.12.0 because:
  Build cache is disabled
  Caching not enabled.
Caching disabled for AarTransform: /home/work/.gradle/caches/transforms-4/6dd1d69683217082b68a1485e87e4628/transformed/room-runtime-2.6.1 because:
  Build cache is disabled
  Caching not enabled.
Caching disabled for AarTransform: /home/work/.gradle/caches/transforms-4/4d0918fac81194817bd56c165cb19099/transformed/customview-poolingcontainer-1.0.0 because:
  Build cache is disabled
  Caching not enabled.
Caching disabled for AarTransform: /home/work/.gradle/caches/transforms-4/16aba03a6df4631803bd1b93a2df4246/transformed/room-ktx-2.6.1 because:
  Build cache is disabled
  Caching not enabled.
Caching disabled for AarTransform: /home/work/.gradle/caches/transforms-4/6f75ef7bddfad6ababb0e969da722b7c/transformed/sqlite-framework-2.4.0 because:
  Build cache is disabled
  Caching not enabled.
Caching disabled for AarTransform: /home/work/.gradle/caches/transforms-4/8f5a0e3b0bf5bb578801c1520008a24a/transformed/datastore-preferences-1.0.0 because:
  Build cache is disabled
  Caching not enabled.
Caching disabled for AarTransform: /home/work/.gradle/caches/transforms-4/193a9ec678b971d5f3c7549b1a7af662/transformed/sqlite-2.4.0 because:
  Build cache is disabled
  Caching not enabled.
Caching disabled for AarTransform: /home/work/.gradle/caches/transforms-4/53b4e8308df4e480a8d105867e378376/transformed/datastore-1.0.0 because:
  Build cache is disabled
  Caching not enabled.
Caching disabled for AarTransform: /home/work/.gradle/caches/transforms-4/12f0d85e3fc71c77ca64d46e4efe1176/transformed/runtime-saveable-release because:
  Build cache is disabled
  Caching not enabled.
Caching disabled for AarTransform: /home/work/.gradle/caches/transforms-4/c6ca1d71f5553f2dcf4b73060031cf57/transformed/runtime-release because:
  Build cache is disabled
  Caching not enabled.
Caching disabled for AarTransform: /home/work/.gradle/caches/transforms-4/c422215d4ecc0f7671ad193841b11f35/transformed/annotation-experimental-1.4.0 because:
  Build cache is disabled
  Caching not enabled.
Caching disabled for AarTransform: /home/work/.gradle/caches/transforms-4/03c1684486fde00bc2b40e4a64902b2a/transformed/versionedparcelable-1.1.1 because:
  Build cache is disabled
  Caching not enabled.
Caching disabled for AarTransform: /home/work/.gradle/caches/transforms-4/4b895aacf88399647e113a4b46c4f32e/transformed/core-runtime-2.2.0 because:
  Build cache is disabled
  Caching not enabled.
Caching disabled for AarTransform: /home/work/.gradle/caches/transforms-4/ca5720815127479342f15362fd7f1c0a/transformed/interpolator-1.0.0 because:
  Build cache is disabled
  Caching not enabled.
Caching disabled for AarTransform: /home/work/.gradle/caches/transforms-4/caa965e6ddc8db71b5af1783cb9bedf4/transformed/profileinstaller-1.3.0 because:
  Build cache is disabled
  Caching not enabled.
Caching disabled for AarTransform: /home/work/.gradle/caches/transforms-4/233d4655400db9c478b7a397c3ed773f/transformed/tracing-1.0.0 because:
  Build cache is disabled
  Caching not enabled.
Caching disabled for AarTransform: /home/work/.gradle/caches/transforms-4/816ce26281626c774af1d0532f13d024/transformed/startup-runtime-1.1.1 because:
  Build cache is disabled
  Caching not enabled.
Caching disabled for task ':app:mapDebugSourceSetPaths' because:
  Build cache is disabled
  Caching has been disabled for the task
Task ':app:mapDebugSourceSetPaths' is not up-to-date because:
  No history is available.
Resolve mutations for :app:generateDebugResources (Thread[included builds,5,main]) started.
:app:generateDebugResources (Thread[included builds,5,main]) started.

> Task :app:generateDebugResources
Caching disabled for task ':app:generateDebugResources' because:
  Build cache is disabled
Task ':app:generateDebugResources' is not up-to-date because:
  No history is available.
Resolve mutations for :app:mergeDebugResources (Thread[included builds,5,main]) started.
:app:mergeDebugResources (Thread[included builds,5,main]) started.

> Task :app:mergeDebugResources
Caching disabled for task ':app:mergeDebugResources' because:
  Build cache is disabled
Task ':app:mergeDebugResources' is not up-to-date because:
  No history is available.
The input changes require a full rebuild for incremental task ':app:mergeDebugResources'.
[MergeResources] Inputs are non-incremental full task action.

Resolve mutations for :app:packageDebugResources (Thread[Execution worker,5,main]) started.
:app:packageDebugResources (Thread[Execution worker,5,main]) started.

> Task :app:packageDebugResources
Caching disabled for task ':app:packageDebugResources' because:
  Build cache is disabled
Task ':app:packageDebugResources' is not up-to-date because:
  No history is available.
The input changes require a full rebuild for incremental task ':app:packageDebugResources'.
[MergeResources] Inputs are non-incremental full task action.
Resolve mutations for :app:parseDebugLocalResources (Thread[Execution worker,5,main]) started.
:app:parseDebugLocalResources (Thread[Execution worker,5,main]) started.

> Task :app:mergeDebugResources
Compiling XML table /home/work/dumate/38de3a359c754da5801d140c2e404f0f/workspace/ses_gffe5f74c56b80ffeEC2z3n6Op3yk0K/NovelSeekUltra/app/build/intermediates/incremental/debug/mergeDebugResources/merged.dir/values/values.xml to /home/work/dumate/38de3a359c754da5801d140c2e404f0f/workspace/ses_gffe5f74c56b80ffeEC2z3n6Op3yk0K/NovelSeekUltra/app/build/intermediates/merged_res/debug/mergeDebugResources/values_values.arsc.flat
Compiling XML table /home/work/dumate/38de3a359c754da5801d140c2e404f0f/workspace/ses_gffe5f74c56b80ffeEC2z3n6Op3yk0K/NovelSeekUltra/app/build/intermediates/incremental/debug/mergeDebugResources/merged.dir/values-hi/values-hi.xml to /home/work/dumate/38de3a359c754da5801d140c2e404f0f/workspace/ses_gffe5f74c56b80ffeEC2z3n6Op3yk0K/NovelSeekUltra/app/build/intermediates/merged_res/debug/mergeDebugResources/values-hi_values-hi.arsc.flat
Compiling XML table /home/work/dumate/38de3a359c754da5801d140c2e404f0f/workspace/ses_gffe5f74c56b80ffeEC2z3n6Op3yk0K/NovelSeekUltra/app/build/intermediates/incremental/debug/mergeDebugResources/merged.dir/values-pt/values-pt.xml to /home/work/dumate/38de3a359c754da5801d140c2e404f0f/workspace/ses_gffe5f74c56b80ffeEC2z3n6Op3yk0K/NovelSeekUltra/app/build/intermediates/merged_res/debug/mergeDebugResources/values-pt_values-pt.arsc.flat
Compiling XML table /home/work/dumate/38de3a359c754da5801d140c2e404f0f/workspace/ses_gffe5f74c56b80ffeEC2z3n6Op3yk0K/NovelSeekUltra/app/build/intermediates/incremental/debug/mergeDebugResources/merged.dir/values-lv/values-lv.xml to /home/work/dumate/38de3a359c754da5801d140c2e404f0f/workspace/ses_gffe5f74c56b80ffeEC2z3n6Op3yk0K/NovelSeekUltra/app/build/intermediates/merged_res/debug/mergeDebugResources/values-lv_values-lv.arsc.flat
Compiling XML table /home/work/dumate/38de3a359c754da5801d140c2e404f0f/workspace/ses_gffe5f74c56b80ffeEC2z3n6Op3yk0K/NovelSeekUltra/app/build/intermediates/incremental/debug/mergeDebugResources/merged.dir/values-hu/values-hu.xml to /home/work/dumate/38de3a359c754da5801d140c2e404f0f/workspace/ses_gffe5f74c56b80ffeEC2z3n6Op3yk0K/NovelSeekUltra/app/build/intermediates/merged_res/debug/mergeDebugResources/values-hu_values-hu.arsc.flat
Compiling XML table /home/work/dumate/38de3a359c754da5801d140c2e404f0f/workspace/ses_gffe5f74c56b80ffeEC2z3n6Op3yk0K/NovelSeekUltra/app/build/intermediates/incremental/debug/mergeDebugResources/merged.dir/values-hy/values-hy.xml to /home/work/dumate/38de3a359c754da5801d140c2e404f0f/workspace/ses_gffe5f74c56b80ffeEC2z3n6Op3yk0K/NovelSeekUltra/app/build/intermediates/merged_res/debug/mergeDebugResources/values-hy_values-hy.arsc.flat
Compiling XML table /home/work/dumate/38de3a359c754da5801d140c2e404f0f/workspace/ses_gffe5f74c56b80ffeEC2z3n6Op3yk0K/NovelSeekUltra/app/build/intermediates/incremental/debug/mergeDebugResources/merged.dir/values-v16/values-v16.xml to /home/work/dumate/38de3a359c754da5801d140c2e404f0f/workspace/ses_gffe5f74c56b80ffeEC2z3n6Op3yk0K/NovelSeekUltra/app/build/intermediates/merged_res/debug/mergeDebugResources/values-v16_values-v16.arsc.flat
Compiling XML table /home/work/dumate/38de3a359c754da5801d140c2e404f0f/workspace/ses_gffe5f74c56b80ffeEC2z3n6Op3yk0K/NovelSeekUltra/app/build/intermediates/incremental/debug/mergeDebugResources/merged.dir/values-mk/values-mk.xml to /home/work/dumate/38de3a359c754da5801d140c2e404f0f/workspace/ses_gffe5f74c56b80ffeEC2z3n6Op3yk0K/NovelSeekUltra/app/build/intermediates/merged_res/debug/mergeDebugResources/values-mk_values-mk.arsc.flat
Compiling XML table /home/work/dumate/38de3a359c754da5801d140c2e404f0f/workspace/ses_gffe5f74c56b80ffeEC2z3n6Op3yk0K/NovelSeekUltra/app/build/intermediates/incremental/debug/mergeDebugResources/merged.dir/values-mn/values-mn.xml to /home/work/dumate/38de3a359c754da5801d140c2e404f0f/workspace/ses_gffe5f74c56b80ffeEC2z3n6Op3yk0K/NovelSeekUltra/app/build/intermediates/merged_res/debug/mergeDebugResources/values-mn_values-mn.arsc.flat
Compiling XML table /home/work/dumate/38de3a359c754da5801d140c2e404f0f/workspace/ses_gffe5f74c56b80ffeEC2z3n6Op3yk0K/NovelSeekUltra/app/build/intermediates/incremental/debug/mergeDebugResources/merged.dir/values-mr/values-mr.xml to /home/work/dumate/38de3a359c754da5801d140c2e404f0f/workspace/ses_gffe5f74c56b80ffeEC2z3n6Op3yk0K/NovelSeekUltra/app/build/intermediates/merged_res/debug/mergeDebugResources/values-mr_values-mr.arsc.flat
Compiling XML table /home/work/dumate/38de3a359c754da5801d140c2e404f0f/workspace/ses_gffe5f74c56b80ffeEC2z3n6Op3yk0K/NovelSeekUltra/app/build/intermediates/incremental/debug/mergeDebugResources/merged.dir/values-fr-rCA/values-fr-rCA.xml to /home/work/dumate/38de3a359c754da5801d140c2e404f0f/workspace/ses_gffe5f74c56b80ffeEC2z3n6Op3yk0K/NovelSeekUltra/app/build/intermediates/merged_res/debug/mergeDebugResources/values-fr-rCA_values-fr-rCA.arsc.flat
Compiling XML table /home/work/dumate/38de3a359c754da5801d140c2e404f0f/workspace/ses_gffe5f74c56b80ffeEC2z3n6Op3yk0K/NovelSeekUltra/app/build/intermediates/incremental/debug/mergeDebugResources/merged.dir/values-ms/values-ms.xml to /home/work/dumate/38de3a359c754da5801d140c2e404f0f/workspace/ses_gffe5f74c56b80ffeEC2z3n6Op3yk0K/NovelSeekUltra/app/build/intermediates/merged_res/debug/mergeDebugResources/values-ms_values-ms.arsc.flat
Compiling XML table /home/work/dumate/38de3a359c754da5801d140c2e404f0f/workspace/ses_gffe5f74c56b80ffeEC2z3n6Op3yk0K/NovelSeekUltra/app/build/intermediates/incremental/debug/mergeDebugResources/merged.dir/values-zh-rTW/values-zh-rTW.xml to /home/work/dumate/38de3a359c754da5801d140c2e404f0f/workspace/ses_gffe5f74c56b80ffeEC2z3n6Op3yk0K/NovelSeekUltra/app/build/intermediates/merged_res/debug/mergeDebugResources/values-zh-rTW_values-zh-rTW.arsc.flat
Compiling XML table /home/work/dumate/38de3a359c754da5801d140c2e404f0f/workspace/ses_gffe5f74c56b80ffeEC2z3n6Op3yk0K/NovelSeekUltra/app/build/intermediates/incremental/debug/mergeDebugResources/merged.dir/values-is/values-is.xml to /home/work/dumate/38de3a359c754da5801d140c2e404f0f/workspace/ses_gffe5f74c56b80ffeEC2z3n6Op3yk0K/NovelSeekUltra/app/build/intermediates/merged_res/debug/mergeDebugResources/values-is_values-is.arsc.flat
Compiling XML table /home/work/dumate/38de3a359c754da5801d140c2e404f0f/workspace/ses_gffe5f74c56b80ffeEC2z3n6Op3yk0K/NovelSeekUltra/app/build/intermediates/incremental/debug/mergeDebugResources/merged.dir/values-my/values-my.xml to /home/work/dumate/38de3a359c754da5801d140c2e404f0f/workspace/ses_gffe5f74c56b80ffeEC2z3n6Op3yk0K/NovelSeekUltra/app/build/intermediates/merged_res/debug/mergeDebugResources/values-my_values-my.arsc.flat
Compiling XML table /home/work/dumate/38de3a359c754da5801d140c2e404f0f/workspace/ses_gffe5f74c56b80ffeEC2z3n6Op3yk0K/NovelSeekUltra/app/build/intermediates/incremental/debug/mergeDebugResources/merged.dir/values-iw/values-iw.xml to /home/work/dumate/38de3a359c754da5801d140c2e404f0f/workspace/ses_gffe5f74c56b80ffeEC2z3n6Op3yk0K/NovelSeekUltra/app/build/intermediates/merged_res/debug/mergeDebugResources/values-iw_values-iw.arsc.flat
Compiling XML table /home/work/dumate/38de3a359c754da5801d140c2e404f0f/workspace/ses_gffe5f74c56b80ffeEC2z3n6Op3yk0K/NovelSeekUltra/app/build/intermediates/incremental/debug/mergeDebugResources/merged.dir/values-es/values-es.xml to /home/work/dumate/38de3a359c754da5801d140c2e404f0f/workspace/ses_gffe5f74c56b80ffeEC2z3n6Op3yk0K/NovelSeekUltra/app/build/intermediates/merged_res/debug/mergeDebugResources/values-es_values-es.arsc.flat
Compiling XML table /home/work/dumate/38de3a359c754da5801d140c2e404f0f/workspace/ses_gffe5f74c56b80ffeEC2z3n6Op3yk0K/NovelSeekUltra/app/build/intermediates/incremental/debug/mergeDebugResources/merged.dir/values-eu/values-eu.xml to /home/work/dumate/38de3a359c754da5801d140c2e404f0f/workspace/ses_gffe5f74c56b80ffeEC2z3n6Op3yk0K/NovelSeekUltra/app/build/intermediates/merged_res/debug/mergeDebugResources/values-eu_values-eu.arsc.flat
Compiling XML table /home/work/dumate/38de3a359c754da5801d140c2e404f0f/workspace/ses_gffe5f74c56b80ffeEC2z3n6Op3yk0K/NovelSeekUltra/app/build/intermediates/incremental/debug/mergeDebugResources/merged.dir/values-as/values-as.xml to /home/work/dumate/38de3a359c754da5801d140c2e404f0f/workspace/ses_gffe5f74c56b80ffeEC2z3n6Op3yk0K/NovelSeekUltra/app/build/intermediates/merged_res/debug/mergeDebugResources/values-as_values-as.arsc.flat
Compiling XML table /home/work/dumate/38de3a359c754da5801d140c2e404f0f/workspace/ses_gffe5f74c56b80ffeEC2z3n6Op3yk0K/NovelSeekUltra/app/build/intermediates/incremental/debug/mergeDebugResources/merged.dir/values-nb/values-nb.xml to /home/work/dumate/38de3a359c754da5801d140c2e404f0f/workspace/ses_gffe5f74c56b80ffeEC2z3n6Op3yk0K/NovelSeekUltra/app/build/intermediates/merged_res/debug/mergeDebugResources/values-nb_values-nb.arsc.flat
Compiling XML table /home/work/dumate/38de3a359c754da5801d140c2e404f0f/workspace/ses_gffe5f74c56b80ffeEC2z3n6Op3yk0K/NovelSeekUltra/app/build/intermediates/incremental/debug/mergeDebugResources/merged.dir/values-es-rUS/values-es-rUS.xml to /home/work/dumate/38de3a359c754da5801d140c2e404f0f/workspace/ses_gffe5f74c56b80ffeEC2z3n6Op3yk0K/NovelSeekUltra/app/build/intermediates/merged_res/debug/mergeDebugResources/values-es-rUS_values-es-rUS.arsc.flat
Compiling XML table /home/work/dumate/38de3a359c754da5801d140c2e404f0f/workspace/ses_gffe5f74c56b80ffeEC2z3n6Op3yk0K/NovelSeekUltra/app/build/intermediates/incremental/debug/mergeDebugResources/merged.dir/values-ne/values-ne.xml to /home/work/dumate/38de3a359c754da5801d140c2e404f0f/workspace/ses_gffe5f74c56b80ffeEC2z3n6Op3yk0K/NovelSeekUltra/app/build/intermediates/merged_res/debug/mergeDebugResources/values-ne_values-ne.arsc.flat
Compiling XML table /home/work/dumate/38de3a359c754da5801d140c2e404f0f/workspace/ses_gffe5f74c56b80ffeEC2z3n6Op3yk0K/NovelSeekUltra/app/build/intermediates/incremental/debug/mergeDebugResources/merged.dir/values-pt-rPT/values-pt-rPT.xml to /home/work/dumate/38de3a359c754da5801d140c2e404f0f/workspace/ses_gffe5f74c56b80ffeEC2z3n6Op3yk0K/NovelSeekUltra/app/build/intermediates/merged_res/debug/mergeDebugResources/values-pt-rPT_values-pt-rPT.arsc.flat
Compiling XML table /home/work/dumate/38de3a359c754da5801d140c2e404f0f/workspace/ses_gffe5f74c56b80ffeEC2z3n6Op3yk0K/NovelSeekUltra/app/build/intermediates/incremental/debug/mergeDebugResources/merged.dir/values-fa/values-fa.xml to /home/work/dumate/38de3a359c754da5801d140c2e404f0f/workspace/ses_gffe5f74c56b80ffeEC2z3n6Op3yk0K/NovelSeekUltra/app/build/intermediates/merged_res/debug/mergeDebugResources/values-fa_values-fa.arsc.flat
Compiling XML table /home/work/dumate/38de3a359c754da5801d140c2e404f0f/workspace/ses_gffe5f74c56b80ffeEC2z3n6Op3yk0K/NovelSeekUltra/app/build/intermediates/incremental/debug/mergeDebugResources/merged.dir/values-nl/values-nl.xml to /home/work/dumate/38de3a359c754da5801d140c2e404f0f/workspace/ses_gffe5f74c56b80ffeEC2z3n6Op3yk0K/NovelSeekUltra/app/build/intermediates/merged_res/debug/mergeDebugResources/values-nl_values-nl.arsc.flat
Compiling XML table /home/work/dumate/38de3a359c754da5801d140c2e404f0f/workspace/ses_gffe5f74c56b80ffeEC2z3n6Op3yk0K/NovelSeekUltra/app/build/intermediates/incremental/debug/mergeDebugResources/merged.dir/values-be/values-be.xml to /home/work/dumate/38de3a359c754da5801d140c2e404f0f/workspace/ses_gffe5f74c56b80ffeEC2z3n6Op3yk0K/NovelSeekUltra/app/build/intermediates/merged_res/debug/mergeDebugResources/values-be_values-be.arsc.flat
Compiling XML table /home/work/dumate/38de3a359c754da5801d140c2e404f0f/workspace/ses_gffe5f74c56b80ffeEC2z3n6Op3yk0K/NovelSeekUltra/app/build/intermediates/incremental/debug/mergeDebugResources/merged.dir/values-fi/values-fi.xml to /home/work/dumate/38de3a359c754da5801d140c2e404f0f/workspace/ses_gffe5f74c56b80ffeEC2z3n6Op3yk0K/NovelSeekUltra/app/build/intermediates/merged_res/debug/mergeDebugResources/values-fi_values-fi.arsc.flat
Compiling XML table /home/work/dumate/38de3a359c754da5801d140c2e404f0f/workspace/ses_gffe5f74c56b80ffeEC2z3n6Op3yk0K/NovelSeekUltra/app/build/intermediates/incremental/debug/mergeDebugResources/merged.dir/values-bg/values-bg.xml to /home/work/dumate/38de3a359c754da5801d140c2e404f0f/workspace/ses_gffe5f74c56b80ffeEC2z3n6Op3yk0K/NovelSeekUltra/app/build/intermediates/merged_res/debug/mergeDebugResources/values-bg_values-bg.arsc.flat
Compiling XML table /home/work/dumate/38de3a359c754da5801d140c2e404f0f/workspace/ses_gffe5f74c56b80ffeEC2z3n6Op3yk0K/NovelSeekUltra/app/build/intermediates/incremental/debug/mergeDebugResources/merged.dir/values-bn/values-bn.xml to /home/work/dumate/38de3a359c754da5801d140c2e404f0f/workspace/ses_gffe5f74c56b80ffeEC2z3n6Op3yk0K/NovelSeekUltra/app/build/intermediates/merged_res/debug/mergeDebugResources/values-bn_values-bn.arsc.flat
Compiling XML table /home/work/dumate/38de3a359c754da5801d140c2e404f0f/workspace/ses_gffe5f74c56b80ffeEC2z3n6Op3yk0K/NovelSeekUltra/app/build/intermediates/incremental/debug/mergeDebugResources/merged.dir/values-bs/values-bs.xml to /home/work/dumate/38de3a359c754da5801d140c2e404f0f/workspace/ses_gffe5f74c56b80ffeEC2z3n6Op3yk0K/NovelSeekUltra/app/build/intermediates/merged_res/debug/mergeDebugResources/values-bs_values-bs.arsc.flat
Compiling XML table /home/work/dumate/38de3a359c754da5801d140c2e404f0f/workspace/ses_gffe5f74c56b80ffeEC2z3n6Op3yk0K/NovelSeekUltra/app/build/intermediates/incremental/debug/mergeDebugResources/merged.dir/values-ka/values-ka.xml to /home/work/dumate/38de3a359c754da5801d140c2e404f0f/workspace/ses_gffe5f74c56b80ffeEC2z3n6Op3yk0K/NovelSeekUltra/app/build/intermediates/merged_res/debug/mergeDebugResources/values-ka_values-ka.arsc.flat
Compiling XML table /home/work/dumate/38de3a359c754da5801d140c2e404f0f/workspace/ses_gffe5f74c56b80ffeEC2z3n6Op3yk0K/NovelSeekUltra/app/build/intermediates/incremental/debug/mergeDebugResources/merged.dir/values-sk/values-sk.xml to /home/work/dumate/38de3a359c754da5801d140c2e404f0f/workspace/ses_gffe5f74c56b80ffeEC2z3n6Op3yk0K/NovelSeekUltra/app/build/intermediates/merged_res/debug/mergeDebugResources/values-sk_values-sk.arsc.flat
Compiling XML table /home/work/dumate/38de3a359c754da5801d140c2e404f0f/workspace/ses_gffe5f74c56b80ffeEC2z3n6Op3yk0K/NovelSeekUltra/app/build/intermediates/incremental/debug/mergeDebugResources/merged.dir/values-sq/values-sq.xml to /home/work/dumate/38de3a359c754da5801d140c2e404f0f/workspace/ses_gffe5f74c56b80ffeEC2z3n6Op3yk0K/NovelSeekUltra/app/build/intermediates/merged_res/debug/mergeDebugResources/values-sq_values-sq.arsc.flat
Compiling XML table /home/work/dumate/38de3a359c754da5801d140c2e404f0f/workspace/ses_gffe5f74c56b80ffeEC2z3n6Op3yk0K/NovelSeekUltra/app/build/intermediates/incremental/debug/mergeDebugResources/merged.dir/values-sr/values-sr.xml to /home/work/dumate/38de3a359c754da5801d140c2e404f0f/workspace/ses_gffe5f74c56b80ffeEC2z3n6Op3yk0K/NovelSeekUltra/app/build/intermediates/merged_res/debug/mergeDebugResources/values-sr_values-sr.arsc.flat
Compiling XML table /home/work/dumate/38de3a359c754da5801d140c2e404f0f/workspace/ses_gffe5f74c56b80ffeEC2z3n6Op3yk0K/NovelSeekUltra/app/build/intermediates/incremental/debug/mergeDebugResources/merged.dir/values-km/values-km.xml to /home/work/dumate/38de3a359c754da5801d140c2e404f0f/workspace/ses_gffe5f74c56b80ffeEC2z3n6Op3yk0K/NovelSeekUltra/app/build/intermediates/merged_res/debug/mergeDebugResources/values-km_values-km.arsc.flat
Compiling XML table /home/work/dumate/38de3a359c754da5801d140c2e404f0f/workspace/ses_gffe5f74c56b80ffeEC2z3n6Op3yk0K/NovelSeekUltra/app/build/intermediates/incremental/debug/mergeDebugResources/merged.dir/values-kn/values-kn.xml to /home/work/dumate/38de3a359c754da5801d140c2e404f0f/workspace/ses_gffe5f74c56b80ffeEC2z3n6Op3yk0K/NovelSeekUltra/app/build/intermediates/merged_res/debug/mergeDebugResources/values-kn_values-kn.arsc.flat
Compiling XML table /home/work/dumate/38de3a359c754da5801d140c2e404f0f/workspace/ses_gffe5f74c56b80ffeEC2z3n6Op3yk0K/NovelSeekUltra/app/build/intermediates/incremental/debug/mergeDebugResources/merged.dir/values-ko/values-ko.xml to /home/work/dumate/38de3a359c754da5801d140c2e404f0f/workspace/ses_gffe5f74c56b80ffeEC2z3n6Op3yk0K/NovelSeekUltra/app/build/intermediates/merged_res/debug/mergeDebugResources/values-ko_values-ko.arsc.flat
Compiling XML table /home/work/dumate/38de3a359c754da5801d140c2e404f0f/workspace/ses_gffe5f74c56b80ffeEC2z3n6Op3yk0K/NovelSeekUltra/app/build/intermediates/incremental/debug/mergeDebugResources/merged.dir/values-gl/values-gl.xml to /home/work/dumate/38de3a359c754da5801d140c2e404f0f/workspace/ses_gffe5f74c56b80ffeEC2z3n6Op3yk0K/NovelSeekUltra/app/build/intermediates/merged_res/debug/mergeDebugResources/values-gl_values-gl.arsc.flat
Compiling XML table /home/work/dumate/38de3a359c754da5801d140c2e404f0f/workspace/ses_gffe5f74c56b80ffeEC2z3n6Op3yk0K/NovelSeekUltra/app/build/intermediates/incremental/debug/mergeDebugResources/merged.dir/values-ky/values-ky.xml to /home/work/dumate/38de3a359c754da5801d140c2e404f0f/workspace/ses_gffe5f74c56b80ffeEC2z3n6Op3yk0K/NovelSeekUltra/app/build/intermediates/merged_res/debug/mergeDebugResources/values-ky_values-ky.arsc.flat
Compiling XML table /home/work/dumate/38de3a359c754da5801d140c2e404f0f/workspace/ses_gffe5f74c56b80ffeEC2z3n6Op3yk0K/NovelSeekUltra/app/build/intermediates/incremental/debug/mergeDebugResources/merged.dir/values-pt-rBR/values-pt-rBR.xml to /home/work/dumate/38de3a359c754da5801d140c2e404f0f/workspace/ses_gffe5f74c56b80ffeEC2z3n6Op3yk0K/NovelSeekUltra/app/build/intermediates/merged_res/debug/mergeDebugResources/values-pt-rBR_values-pt-rBR.arsc.flat
Compiling XML table /home/work/dumate/38de3a359c754da5801d140c2e404f0f/workspace/ses_gffe5f74c56b80ffeEC2z3n6Op3yk0K/NovelSeekUltra/app/build/intermediates/incremental/debug/mergeDebugResources/merged.dir/values-te/values-te.xml to /home/work/dumate/38de3a359c754da5801d140c2e404f0f/workspace/ses_gffe5f74c56b80ffeEC2z3n6Op3yk0K/NovelSeekUltra/app/build/intermediates/merged_res/debug/mergeDebugResources/values-te_values-te.arsc.flat
Compiling XML table /home/work/dumate/38de3a359c754da5801d140c2e404f0f/workspace/ses_gffe5f74c56b80ffeEC2z3n6Op3yk0K/NovelSeekUltra/app/build/intermediates/incremental/debug/mergeDebugResources/merged.dir/values-th/values-th.xml to /home/work/dumate/38de3a359c754da5801d140c2e404f0f/workspace/ses_gffe5f74c56b80ffeEC2z3n6Op3yk0K/NovelSeekUltra/app/build/intermediates/merged_res/debug/mergeDebugResources/values-th_values-th.arsc.flat
Compiling XML table /home/work/dumate/38de3a359c754da5801d140c2e404f0f/workspace/ses_gffe5f74c56b80ffeEC2z3n6Op3yk0K/NovelSeekUltra/app/build/intermediates/incremental/debug/mergeDebugResources/merged.dir/values-pl/values-pl.xml to /home/work/dumate/38de3a359c754da5801d140c2e404f0f/workspace/ses_gffe5f74c56b80ffeEC2z3n6Op3yk0K/NovelSeekUltra/app/build/intermediates/merged_res/debug/mergeDebugResources/values-pl_values-pl.arsc.flat
Compiling XML table /home/work/dumate/38de3a359c754da5801d140c2e404f0f/workspace/ses_gffe5f74c56b80ffeEC2z3n6Op3yk0K/NovelSeekUltra/app/build/intermediates/incremental/debug/mergeDebugResources/merged.dir/values-de/values-de.xml to /home/work/dumate/38de3a359c754da5801d140c2e404f0f/workspace/ses_gffe5f74c56b80ffeEC2z3n6Op3yk0K/NovelSeekUltra/app/build/intermediates/merged_res/debug/mergeDebugResources/values-de_values-de.arsc.flat
Compiling XML table /home/work/dumate/38de3a359c754da5801d140c2e404f0f/workspace/ses_gffe5f74c56b80ffeEC2z3n6Op3yk0K/NovelSeekUltra/app/build/intermediates/incremental/debug/mergeDebugResources/merged.dir/values-tr/values-tr.xml to /home/work/dumate/38de3a359c754da5801d140c2e404f0f/workspace/ses_gffe5f74c56b80ffeEC2z3n6Op3yk0K/NovelSeekUltra/app/build/intermediates/merged_res/debug/mergeDebugResources/values-tr_values-tr.arsc.flat
Compiling xml file /home/work/dumate/38de3a359c754da5801d140c2e404f0f/workspace/ses_gffe5f74c56b80ffeEC2z3n6Op3yk0K/NovelSeekUltra/app/src/main/res/xml/network_security_config.xml to /home/work/dumate/38de3a359c754da5801d140c2e404f0f/workspace/ses_gffe5f74c56b80ffeEC2z3n6Op3yk0K/NovelSeekUltra/app/build/intermediates/merged_res/debug/mergeDebugResources/xml_network_security_config.xml.flat
Compiling XML table /home/work/dumate/38de3a359c754da5801d140c2e404f0f/workspace/ses_gffe5f74c56b80ffeEC2z3n6Op3yk0K/NovelSeekUltra/app/build/intermediates/incremental/debug/mergeDebugResources/merged.dir/values-lo/values-lo.xml to /home/work/dumate/38de3a359c754da5801d140c2e404f0f/workspace/ses_gffe5f74c56b80ffeEC2z3n6Op3yk0K/NovelSeekUltra/app/build/intermediates/merged_res/debug/mergeDebugResources/values-lo_values-lo.arsc.flat
Compiling XML table /home/work/dumate/38de3a359c754da5801d140c2e404f0f/workspace/ses_gffe5f74c56b80ffeEC2z3n6Op3yk0K/NovelSeekUltra/app/build/intermediates/incremental/debug/mergeDebugResources/merged.dir/values-lt/values-lt.xml to /home/work/dumate/38de3a359c754da5801d140c2e404f0f/workspace/ses_gffe5f74c56b80ffeEC2z3n6Op3yk0K/NovelSeekUltra/app/build/intermediates/merged_res/debug/mergeDebugResources/values-lt_values-lt.arsc.flat
Compiling XML table /home/work/dumate/38de3a359c754da5801d140c2e404f0f/workspace/ses_gffe5f74c56b80ffeEC2z3n6Op3yk0K/NovelSeekUltra/app/build/intermediates/incremental/debug/mergeDebugResources/merged.dir/values-hr/values-hr.xml to /home/work/dumate/38de3a359c754da5801d140c2e404f0f/workspace/ses_gffe5f74c56b80ffeEC2z3n6Op3yk0K/NovelSeekUltra/app/build/intermediates/merged_res/debug/mergeDebugResources/values-hr_values-hr.arsc.flat
Compiling XML table /home/work/dumate/38de3a359c754da5801d140c2e404f0f/workspace/ses_gffe5f74c56b80ffeEC2z3n6Op3yk0K/NovelSeekUltra/app/build/intermediates/incremental/debug/mergeDebugResources/merged.dir/values-en-rIN/values-en-rIN.xml to /home/work/dumate/38de3a359c754da5801d140c2e404f0f/workspace/ses_gffe5f74c56b80ffeEC2z3n6Op3yk0K/NovelSeekUltra/app/build/intermediates/merged_res/debug/mergeDebugResources/values-en-rIN_values-en-rIN.arsc.flat
Compiling XML table /home/work/dumate/38de3a359c754da5801d140c2e404f0f/workspace/ses_gffe5f74c56b80ffeEC2z3n6Op3yk0K/NovelSeekUltra/app/build/intermediates/incremental/debug/mergeDebugResources/merged.dir/values-uk/values-uk.xml to /home/work/dumate/38de3a359c754da5801d140c2e404f0f/workspace/ses_gffe5f74c56b80ffeEC2z3n6Op3yk0K/NovelSeekUltra/app/build/intermediates/merged_res/debug/mergeDebugResources/values-uk_values-uk.arsc.flat
Compiling XML table /home/work/dumate/38de3a359c754da5801d140c2e404f0f/workspace/ses_gffe5f74c56b80ffeEC2z3n6Op3yk0K/NovelSeekUltra/app/build/intermediates/incremental/debug/mergeDebugResources/merged.dir/values-ur/values-ur.xml to /home/work/dumate/38de3a359c754da5801d140c2e404f0f/workspace/ses_gffe5f74c56b80ffeEC2z3n6Op3yk0K/NovelSeekUltra/app/build/intermediates/merged_res/debug/mergeDebugResources/values-ur_values-ur.arsc.flat
Compiling XML table /home/work/dumate/38de3a359c754da5801d140c2e404f0f/workspace/ses_gffe5f74c56b80ffeEC2z3n6Op3yk0K/NovelSeekUltra/app/build/intermediates/incremental/debug/mergeDebugResources/merged.dir/values-ml/values-ml.xml to /home/work/dumate/38de3a359c754da5801d140c2e404f0f/workspace/ses_gffe5f74c56b80ffeEC2z3n6Op3yk0K/NovelSeekUltra/app/build/intermediates/merged_res/debug/mergeDebugResources/values-ml_values-ml.arsc.flat
Compiling XML table /home/work/dumate/38de3a359c754da5801d140c2e404f0f/workspace/ses_gffe5f74c56b80ffeEC2z3n6Op3yk0K/NovelSeekUltra/app/build/intermediates/incremental/debug/mergeDebugResources/merged.dir/values-uz/values-uz.xml to /home/work/dumate/38de3a359c754da5801d140c2e404f0f/workspace/ses_gffe5f74c56b80ffeEC2z3n6Op3yk0K/NovelSeekUltra/app/build/intermediates/merged_res/debug/mergeDebugResources/values-uz_values-uz.arsc.flat
Compiling XML table /home/work/dumate/38de3a359c754da5801d140c2e404f0f/workspace/ses_gffe5f74c56b80ffeEC2z3n6Op3yk0K/NovelSeekUltra/app/build/intermediates/incremental/debug/mergeDebugResources/merged.dir/values-af/values-af.xml to /home/work/dumate/38de3a359c754da5801d140c2e404f0f/workspace/ses_gffe5f74c56b80ffeEC2z3n6Op3yk0K/NovelSeekUltra/app/build/intermediates/merged_res/debug/mergeDebugResources/values-af_values-af.arsc.flat
Compiling XML table /home/work/dumate/38de3a359c754da5801d140c2e404f0f/workspace/ses_gffe5f74c56b80ffeEC2z3n6Op3yk0K/NovelSeekUltra/app/build/intermediates/incremental/debug/mergeDebugResources/merged.dir/values-in/values-in.xml to /home/work/dumate/38de3a359c754da5801d140c2e404f0f/workspace/ses_gffe5f74c56b80ffeEC2z3n6Op3yk0K/NovelSeekUltra/app/build/intermediates/merged_res/debug/mergeDebugResources/values-in_values-in.arsc.flat
Compiling XML table /home/work/dumate/38de3a359c754da5801d140c2e404f0f/workspace/ses_gffe5f74c56b80ffeEC2z3n6Op3yk0K/NovelSeekUltra/app/build/intermediates/incremental/debug/mergeDebugResources/merged.dir/values-el/values-el.xml to /home/work/dumate/38de3a359c754da5801d140c2e404f0f/workspace/ses_gffe5f74c56b80ffeEC2z3n6Op3yk0K/NovelSeekUltra/app/build/intermediates/merged_res/debug/mergeDebugResources/values-el_values-el.arsc.flat
Compiling XML table /home/work/dumate/38de3a359c754da5801d140c2e404f0f/workspace/ses_gffe5f74c56b80ffeEC2z3n6Op3yk0K/NovelSeekUltra/app/build/intermediates/incremental/debug/mergeDebugResources/merged.dir/values-zh-rHK/values-zh-rHK.xml to /home/work/dumate/38de3a359c754da5801d140c2e404f0f/workspace/ses_gffe5f74c56b80ffeEC2z3n6Op3yk0K/NovelSeekUltra/app/build/intermediates/merged_res/debug/mergeDebugResources/values-zh-rHK_values-zh-rHK.arsc.flat
Compiling XML table /home/work/dumate/38de3a359c754da5801d140c2e404f0f/workspace/ses_gffe5f74c56b80ffeEC2z3n6Op3yk0K/NovelSeekUltra/app/build/intermediates/incremental/debug/mergeDebugResources/merged.dir/values-it/values-it.xml to /home/work/dumate/38de3a359c754da5801d140c2e404f0f/workspace/ses_gffe5f74c56b80ffeEC2z3n6Op3yk0K/NovelSeekUltra/app/build/intermediates/merged_res/debug/mergeDebugResources/values-it_values-it.arsc.flat
Compiling XML table /home/work/dumate/38de3a359c754da5801d140c2e404f0f/workspace/ses_gffe5f74c56b80ffeEC2z3n6Op3yk0K/NovelSeekUltra/app/build/intermediates/incremental/debug/mergeDebugResources/merged.dir/values-am/values-am.xml to /home/work/dumate/38de3a359c754da5801d140c2e404f0f/workspace/ses_gffe5f74c56b80ffeEC2z3n6Op3yk0K/NovelSeekUltra/app/build/intermediates/merged_res/debug/mergeDebugResources/values-am_values-am.arsc.flat
Compiling XML table /home/work/dumate/38de3a359c754da5801d140c2e404f0f/workspace/ses_gffe5f74c56b80ffeEC2z3n6Op3yk0K/NovelSeekUltra/app/build/intermediates/incremental/debug/mergeDebugResources/merged.dir/values-b+sr+Latn/values-b+sr+Latn.xml to /home/work/dumate/38de3a359c754da5801d140c2e404f0f/workspace/ses_gffe5f74c56b80ffeEC2z3n6Op3yk0K/NovelSeekUltra/app/build/intermediates/merged_res/debug/mergeDebugResources/values-b+sr+Latn_values-b+sr+Latn.arsc.flat
Compiling XML table /home/work/dumate/38de3a359c754da5801d140c2e404f0f/workspace/ses_gffe5f74c56b80ffeEC2z3n6Op3yk0K/NovelSeekUltra/app/build/intermediates/incremental/debug/mergeDebugResources/merged.dir/values-et/values-et.xml to /home/work/dumate/38de3a359c754da5801d140c2e404f0f/workspace/ses_gffe5f74c56b80ffeEC2z3n6Op3yk0K/NovelSeekUltra/app/build/intermediates/merged_res/debug/mergeDebugResources/values-et_values-et.arsc.flat

> Task :app:parseDebugLocalResources
Transforming android.jar with PlatformAttrTransform
Caching disabled for PlatformAttrTransform: /home/work/dumate/38de3a359c754da5801d140c2e404f0f/workspace/.android-build/sdk/platforms/android-34/android.jar because:
  Build cache is disabled
Transforming android.jar with PlatformAttrTransform
Caching disabled for task ':app:parseDebugLocalResources' because:
  Build cache is disabled
Task ':app:parseDebugLocalResources' is not up-to-date because:
  No history is available.
The input changes require a full rebuild for incremental task ':app:parseDebugLocalResources'.
Transforming android.jar with PlatformAttrTransform
Resolve mutations for :app:createDebugCompatibleScreenManifests (Thread[Execution worker,5,main]) started.
:app:createDebugCompatibleScreenManifests (Thread[Execution worker,5,main]) started.

> Task :app:createDebugCompatibleScreenManifests
Caching disabled for task ':app:createDebugCompatibleScreenManifests' because:
  Build cache is disabled
  Caching has been disabled for the task
Task ':app:createDebugCompatibleScreenManifests' is not up-to-date because:
  No history is available.
Resolve mutations for :app:extractDeepLinksDebug (Thread[Execution worker,5,main]) started.
:app:extractDeepLinksDebug (Thread[Execution worker,5,main]) started.

> Task :app:extractDeepLinksDebug
Caching disabled for task ':app:extractDeepLinksDebug' because:
  Build cache is disabled
Task ':app:extractDeepLinksDebug' is not up-to-date because:
  No history is available.
Resolve mutations for :app:processDebugMainManifest (Thread[Execution worker,5,main]) started.
:app:processDebugMainManifest (Thread[Execution worker,5,main]) started.

> Task :app:processDebugMainManifest
Transforming navigation-common-2.7.7.aar (androidx.navigation:navigation-common:2.7.7) with ExtractAarTransform
Transforming navigation-common-2.7.7.aar (androidx.navigation:navigation-common:2.7.7) with AarTransform
Transforming navigation-runtime-2.7.7.aar (androidx.navigation:navigation-runtime:2.7.7) with ExtractAarTransform
Transforming navigation-runtime-2.7.7.aar (androidx.navigation:navigation-runtime:2.7.7) with AarTransform
Transforming navigation-common-ktx-2.7.7.aar (androidx.navigation:navigation-common-ktx:2.7.7) with ExtractAarTransform
Transforming navigation-common-ktx-2.7.7.aar (androidx.navigation:navigation-common-ktx:2.7.7) with AarTransform
Transforming navigation-runtime-ktx-2.7.7.aar (androidx.navigation:navigation-runtime-ktx:2.7.7) with ExtractAarTransform
Transforming navigation-runtime-ktx-2.7.7.aar (androidx.navigation:navigation-runtime-ktx:2.7.7) with AarTransform
Transforming navigation-compose-2.7.7.aar (androidx.navigation:navigation-compose:2.7.7) with ExtractAarTransform
Transforming navigation-compose-2.7.7.aar (androidx.navigation:navigation-compose:2.7.7) with AarTransform
Transforming activity-1.8.2.aar (androidx.activity:activity:1.8.2) with ExtractAarTransform
Transforming activity-1.8.2.aar (androidx.activity:activity:1.8.2) with AarTransform
Transforming activity-ktx-1.8.2.aar (androidx.activity:activity-ktx:1.8.2) with ExtractAarTransform
Transforming activity-ktx-1.8.2.aar (androidx.activity:activity-ktx:1.8.2) with AarTransform
Transforming material3-release.aar (androidx.compose.material3:material3-android:1.2.1) with ExtractAarTransform
Transforming material3-release.aar (androidx.compose.material3:material3-android:1.2.1) with AarTransform
Transforming material-release.aar (androidx.compose.material:material-android:1.6.4) with ExtractAarTransform
Transforming material-release.aar (androidx.compose.material:material-android:1.6.4) with AarTransform
Transforming material-icons-core-release.aar (androidx.compose.material:material-icons-core-android:1.6.4) with ExtractAarTransform
Transforming material-icons-core-release.aar (androidx.compose.material:material-icons-core-android:1.6.4) with AarTransform
Transforming material-icons-extended-release.aar (androidx.compose.material:material-icons-extended-android:1.6.4) with ExtractAarTransform
Transforming material-icons-extended-release.aar (androidx.compose.material:material-icons-extended-android:1.6.4) with AarTransform
Transforming material-ripple-release.aar (androidx.compose.material:material-ripple-android:1.6.4) with ExtractAarTransform
Transforming material-ripple-release.aar (androidx.compose.material:material-ripple-android:1.6.4) with AarTransform
Transforming foundation-release.aar (androidx.compose.foundation:foundation-android:1.6.4) with ExtractAarTransform
Transforming foundation-release.aar (androidx.compose.foundation:foundation-android:1.6.4) with AarTransform
Transforming foundation-layout-release.aar (androidx.compose.foundation:foundation-layout-android:1.6.4) with ExtractAarTransform
Transforming foundation-layout-release.aar (androidx.compose.foundation:foundation-layout-android:1.6.4) with AarTransform
Transforming animation-core-release.aar (androidx.compose.animation:animation-core-android:1.6.4) with ExtractAarTransform
Transforming animation-core-release.aar (androidx.compose.animation:animation-core-android:1.6.4) with AarTransform
Transforming animation-release.aar (androidx.compose.animation:animation-android:1.6.4) with ExtractAarTransform
Transforming animation-release.aar (androidx.compose.animation:animation-android:1.6.4) with AarTransform
Transforming ui-tooling-data-release.aar (androidx.compose.ui:ui-tooling-data-android:1.6.4) with ExtractAarTransform
Transforming ui-tooling-data-release.aar (androidx.compose.ui:ui-tooling-data-android:1.6.4) with AarTransform
Transforming ui-unit-release.aar (androidx.compose.ui:ui-unit-android:1.6.4) with ExtractAarTransform
Transforming ui-unit-release.aar (androidx.compose.ui:ui-unit-android:1.6.4) with AarTransform
Transforming ui-geometry-release.aar (androidx.compose.ui:ui-geometry-android:1.6.4) with ExtractAarTransform
Transforming ui-geometry-release.aar (androidx.compose.ui:ui-geometry-android:1.6.4) with AarTransform
Transforming ui-util-release.aar (androidx.compose.ui:ui-util-android:1.6.4) with ExtractAarTransform
Transforming ui-util-release.aar (androidx.compose.ui:ui-util-android:1.6.4) with AarTransform
Transforming ui-text-release.aar (androidx.compose.ui:ui-text-android:1.6.4) with ExtractAarTransform
Transforming ui-text-release.aar (androidx.compose.ui:ui-text-android:1.6.4) with AarTransform
Transforming ui-tooling-preview-release.aar (androidx.compose.ui:ui-tooling-preview-android:1.6.4) with ExtractAarTransform
Transforming ui-tooling-preview-release.aar (androidx.compose.ui:ui-tooling-preview-android:1.6.4) with AarTransform
Transforming ui-graphics-release.aar (androidx.compose.ui:ui-graphics-android:1.6.4) with ExtractAarTransform
Transforming ui-graphics-release.aar (androidx.compose.ui:ui-graphics-android:1.6.4) with AarTransform
Transforming ui-test-manifest-1.6.4.aar (androidx.compose.ui:ui-test-manifest:1.6.4) with ExtractAarTransform
Transforming ui-test-manifest-1.6.4.aar (androidx.compose.ui:ui-test-manifest:1.6.4) with AarTransform
Transforming ui-tooling-release.aar (androidx.compose.ui:ui-tooling-android:1.6.4) with ExtractAarTransform
Transforming ui-tooling-release.aar (androidx.compose.ui:ui-tooling-android:1.6.4) with AarTransform
Transforming activity-compose-1.8.2.aar (androidx.activity:activity-compose:1.8.2) with ExtractAarTransform
Transforming activity-compose-1.8.2.aar (androidx.activity:activity-compose:1.8.2) with AarTransform
Transforming emoji2-1.3.0.aar (androidx.emoji2:emoji2:1.3.0) with ExtractAarTransform
Transforming emoji2-1.3.0.aar (androidx.emoji2:emoji2:1.3.0) with AarTransform
Transforming lifecycle-process-2.7.0.aar (androidx.lifecycle:lifecycle-process:2.7.0) with ExtractAarTransform
Transforming lifecycle-process-2.7.0.aar (androidx.lifecycle:lifecycle-process:2.7.0) with AarTransform
Transforming lifecycle-livedata-core-2.7.0.aar (androidx.lifecycle:lifecycle-livedata-core:2.7.0) with ExtractAarTransform
Transforming lifecycle-livedata-core-2.7.0.aar (androidx.lifecycle:lifecycle-livedata-core:2.7.0) with AarTransform
Transforming savedstate-ktx-1.2.1.aar (androidx.savedstate:savedstate-ktx:1.2.1) with ExtractAarTransform
Transforming savedstate-ktx-1.2.1.aar (androidx.savedstate:savedstate-ktx:1.2.1) with AarTransform
Transforming savedstate-1.2.1.aar (androidx.savedstate:savedstate:1.2.1) with ExtractAarTransform
Transforming savedstate-1.2.1.aar (androidx.savedstate:savedstate:1.2.1) with AarTransform
Transforming lifecycle-viewmodel-savedstate-2.7.0.aar (androidx.lifecycle:lifecycle-viewmodel-savedstate:2.7.0) with ExtractAarTransform
Transforming lifecycle-viewmodel-savedstate-2.7.0.aar (androidx.lifecycle:lifecycle-viewmodel-savedstate:2.7.0) with AarTransform
Transforming lifecycle-viewmodel-ktx-2.7.0.aar (androidx.lifecycle:lifecycle-viewmodel-ktx:2.7.0) with ExtractAarTransform
Transforming lifecycle-viewmodel-ktx-2.7.0.aar (androidx.lifecycle:lifecycle-viewmodel-ktx:2.7.0) with AarTransform
Transforming lifecycle-viewmodel-2.7.0.aar (androidx.lifecycle:lifecycle-viewmodel:2.7.0) with ExtractAarTransform
Transforming lifecycle-viewmodel-2.7.0.aar (androidx.lifecycle:lifecycle-viewmodel:2.7.0) with AarTransform
Transforming lifecycle-runtime-2.7.0.aar (androidx.lifecycle:lifecycle-runtime:2.7.0) with ExtractAarTransform
Transforming lifecycle-runtime-2.7.0.aar (androidx.lifecycle:lifecycle-runtime:2.7.0) with AarTransform
Transforming lifecycle-runtime-compose-2.7.0.aar (androidx.lifecycle:lifecycle-runtime-compose:2.7.0) with ExtractAarTransform
Transforming lifecycle-runtime-compose-2.7.0.aar (androidx.lifecycle:lifecycle-runtime-compose:2.7.0) with AarTransform
Transforming lifecycle-runtime-ktx-2.7.0.aar (androidx.lifecycle:lifecycle-runtime-ktx:2.7.0) with ExtractAarTransform
Transforming lifecycle-runtime-ktx-2.7.0.aar (androidx.lifecycle:lifecycle-runtime-ktx:2.7.0) with AarTransform
Transforming lifecycle-viewmodel-compose-2.7.0.aar (androidx.lifecycle:lifecycle-viewmodel-compose:2.7.0) with ExtractAarTransform
Transforming lifecycle-viewmodel-compose-2.7.0.aar (androidx.lifecycle:lifecycle-viewmodel-compose:2.7.0) with AarTransform
Transforming ui-release.aar (androidx.compose.ui:ui-android:1.6.4) with ExtractAarTransform
Transforming ui-release.aar (androidx.compose.ui:ui-android:1.6.4) with AarTransform
Transforming autofill-1.0.0.aar (androidx.autofill:autofill:1.0.0) with ExtractAarTransform
Transforming autofill-1.0.0.aar (androidx.autofill:autofill:1.0.0) with AarTransform
Transforming core-1.12.0.aar (androidx.core:core:1.12.0) with ExtractAarTransform
Transforming core-1.12.0.aar (androidx.core:core:1.12.0) with AarTransform
Transforming core-1.12.0.aar (androidx.core:core:1.12.0) with ExtractAarTransform
Transforming core-1.12.0.aar (androidx.core:core:1.12.0) with AarTransform
Transforming customview-poolingcontainer-1.0.0.aar (androidx.customview:customview-poolingcontainer:1.0.0) with ExtractAarTransform
Transforming customview-poolingcontainer-1.0.0.aar (androidx.customview:customview-poolingcontainer:1.0.0) with AarTransform
Transforming core-ktx-1.12.0.aar (androidx.core:core-ktx:1.12.0) with ExtractAarTransform
Transforming core-ktx-1.12.0.aar (androidx.core:core-ktx:1.12.0) with AarTransform
Transforming room-runtime-2.6.1.aar (androidx.room:room-runtime:2.6.1) with ExtractAarTransform
Transforming room-runtime-2.6.1.aar (androidx.room:room-runtime:2.6.1) with AarTransform
Transforming room-ktx-2.6.1.aar (androidx.room:room-ktx:2.6.1) with ExtractAarTransform
Transforming room-ktx-2.6.1.aar (androidx.room:room-ktx:2.6.1) with AarTransform
Transforming datastore-preferences-1.0.0.aar (androidx.datastore:datastore-preferences:1.0.0) with ExtractAarTransform
Transforming datastore-preferences-1.0.0.aar (androidx.datastore:datastore-preferences:1.0.0) with AarTransform
Transforming sqlite-framework-2.4.0.aar (androidx.sqlite:sqlite-framework:2.4.0) with ExtractAarTransform
Transforming sqlite-framework-2.4.0.aar (androidx.sqlite:sqlite-framework:2.4.0) with AarTransform
Transforming sqlite-2.4.0.aar (androidx.sqlite:sqlite:2.4.0) with ExtractAarTransform
Transforming sqlite-2.4.0.aar (androidx.sqlite:sqlite:2.4.0) with AarTransform
Transforming datastore-1.0.0.aar (androidx.datastore:datastore:1.0.0) with ExtractAarTransform
Transforming datastore-1.0.0.aar (androidx.datastore:datastore:1.0.0) with AarTransform
Transforming runtime-saveable-release.aar (androidx.compose.runtime:runtime-saveable-android:1.6.4) with ExtractAarTransform
Transforming runtime-saveable-release.aar (androidx.compose.runtime:runtime-saveable-android:1.6.4) with AarTransform
Transforming runtime-release.aar (androidx.compose.runtime:runtime-android:1.6.4) with ExtractAarTransform
Transforming runtime-release.aar (androidx.compose.runtime:runtime-android:1.6.4) with AarTransform
Transforming annotation-experimental-1.4.0.aar (androidx.annotation:annotation-experimental:1.4.0) with ExtractAarTransform
Transforming annotation-experimental-1.4.0.aar (androidx.annotation:annotation-experimental:1.4.0) with AarTransform
Transforming versionedparcelable-1.1.1.aar (androidx.versionedparcelable:versionedparcelable:1.1.1) with ExtractAarTransform
Transforming versionedparcelable-1.1.1.aar (androidx.versionedparcelable:versionedparcelable:1.1.1) with AarTransform
Transforming core-runtime-2.2.0.aar (androidx.arch.core:core-runtime:2.2.0) with ExtractAarTransform
Transforming core-runtime-2.2.0.aar (androidx.arch.core:core-runtime:2.2.0) with AarTransform
Transforming interpolator-1.0.0.aar (androidx.interpolator:interpolator:1.0.0) with ExtractAarTransform
Transforming interpolator-1.0.0.aar (androidx.interpolator:interpolator:1.0.0) with AarTransform
Transforming profileinstaller-1.3.0.aar (androidx.profileinstaller:profileinstaller:1.3.0) with ExtractAarTransform
Transforming profileinstaller-1.3.0.aar (androidx.profileinstaller:profileinstaller:1.3.0) with AarTransform
Transforming startup-runtime-1.1.1.aar (androidx.startup:startup-runtime:1.1.1) with ExtractAarTransform
Transforming startup-runtime-1.1.1.aar (androidx.startup:startup-runtime:1.1.1) with AarTransform
Transforming tracing-1.0.0.aar (androidx.tracing:tracing:1.0.0) with ExtractAarTransform
Transforming tracing-1.0.0.aar (androidx.tracing:tracing:1.0.0) with AarTransform
Caching disabled for AarTransform: /home/work/.gradle/caches/transforms-4/4e561c33054fe24aae0240d7f039956c/transformed/navigation-runtime-2.7.7 because:
  Build cache is disabled
  Caching not enabled.
Caching disabled for AarTransform: /home/work/.gradle/caches/transforms-4/31dc9faa96c3ff419b8a0e3fd9cf5ea1/transformed/navigation-common-ktx-2.7.7 because:
  Build cache is disabled
  Caching not enabled.
Caching disabled for AarTransform: /home/work/.gradle/caches/transforms-4/9844cfe113e808b7b13e4bf7e188cd15/transformed/navigation-runtime-ktx-2.7.7 because:
  Build cache is disabled
  Caching not enabled.
Caching disabled for AarTransform: /home/work/.gradle/caches/transforms-4/e89ec385b85ad77850115ac9861f887a/transformed/navigation-compose-2.7.7 because:
  Build cache is disabled
  Caching not enabled.
Caching disabled for AarTransform: /home/work/.gradle/caches/transforms-4/13481ff85102064c196181d8cfb97f3f/transformed/activity-1.8.2 because:
  Build cache is disabled
  Caching not enabled.
Caching disabled for AarTransform: /home/work/.gradle/caches/transforms-4/7495272c4b167b58aed4c9d8265b7e2d/transformed/activity-ktx-1.8.2 because:
  Build cache is disabled
  Caching not enabled.
Caching disabled for AarTransform: /home/work/.gradle/caches/transforms-4/ede5034769eb92ef6fc9c2e32b045eea/transformed/material3-release because:
  Build cache is disabled
  Caching not enabled.
Caching disabled for AarTransform: /home/work/.gradle/caches/transforms-4/440049452ed43fa3a9d4a47eb3e97b8c/transformed/material-release because:
  Build cache is disabled
  Caching not enabled.
Caching disabled for AarTransform: /home/work/.gradle/caches/transforms-4/65aac476dac3ccbca90863b4188fe93d/transformed/material-icons-core-release because:
  Build cache is disabled
  Caching not enabled.
Caching disabled for AarTransform: /home/work/.gradle/caches/transforms-4/f1bab65efcc69580be1609f050af593a/transformed/material-icons-extended-release because:
  Build cache is disabled
  Caching not enabled.
Caching disabled for AarTransform: /home/work/.gradle/caches/transforms-4/5c31f4ff19bac0d1e372893b593b5628/transformed/material-ripple-release because:
  Build cache is disabled
  Caching not enabled.
Caching disabled for AarTransform: /home/work/.gradle/caches/transforms-4/51517fb65aebbf2a3917ff84a7680bea/transformed/foundation-release because:
  Build cache is disabled
  Caching not enabled.
Caching disabled for AarTransform: /home/work/.gradle/caches/transforms-4/68b5671e2753c7d524c7d182facd781d/transformed/foundation-layout-release because:
  Build cache is disabled
  Caching not enabled.
Caching disabled for AarTransform: /home/work/.gradle/caches/transforms-4/904d34962a66b4273a957749abdc921f/transformed/animation-core-release because:
  Build cache is disabled
  Caching not enabled.
Caching disabled for AarTransform: /home/work/.gradle/caches/transforms-4/ab7d9db22cad2ea5feab190f7f1d941b/transformed/animation-release because:
  Build cache is disabled
  Caching not enabled.
Caching disabled for AarTransform: /home/work/.gradle/caches/transforms-4/4ea70a84e182d18e2c9de100a66fda04/transformed/ui-tooling-data-release because:
  Build cache is disabled
  Caching not enabled.
Caching disabled for AarTransform: /home/work/.gradle/caches/transforms-4/1a432830b3e498dd23566ccec14a0ee9/transformed/ui-unit-release because:
  Build cache is disabled
  Caching not enabled.
Caching disabled for AarTransform: /home/work/.gradle/caches/transforms-4/dc0387d60b41ff7f1d6f0f89ac4e97da/transformed/ui-geometry-release because:
  Build cache is disabled
  Caching not enabled.
Caching disabled for AarTransform: /home/work/.gradle/caches/transforms-4/fe7da7632d16a82ac6a89276c8de26cc/transformed/ui-util-release because:
  Build cache is disabled
  Caching not enabled.
Caching disabled for AarTransform: /home/work/.gradle/caches/transforms-4/340416d5462b46941ea0f70ee70719c9/transformed/ui-text-release because:
  Build cache is disabled
  Caching not enabled.
Caching disabled for AarTransform: /home/work/.gradle/caches/transforms-4/e73fa152cde1e6f98df427b32aeed442/transformed/ui-tooling-preview-release because:
  Build cache is disabled
  Caching not enabled.
Caching disabled for AarTransform: /home/work/.gradle/caches/transforms-4/5bc6e2ddca8335badaf97f477f1e4293/transformed/ui-graphics-release because:
  Build cache is disabled
  Caching not enabled.
Caching disabled for AarTransform: /home/work/.gradle/caches/transforms-4/8b0a1dc338ddf4a7a9336bb42bcf218f/transformed/ui-test-manifest-1.6.4 because:
  Build cache is disabled
  Caching not enabled.
Caching disabled for AarTransform: /home/work/.gradle/caches/transforms-4/53dfb837101cc8570fa397135ade4964/transformed/ui-tooling-release because:
  Build cache is disabled
  Caching not enabled.
Caching disabled for AarTransform: /home/work/.gradle/caches/transforms-4/99e7b40b04501308747efa568058b5a7/transformed/activity-compose-1.8.2 because:
  Build cache is disabled
  Caching not enabled.
Caching disabled for AarTransform: /home/work/.gradle/caches/transforms-4/2c883cd359a20d3dff7308fd75b76ba6/transformed/emoji2-1.3.0 because:
  Build cache is disabled
  Caching not enabled.
Caching disabled for AarTransform: /home/work/.gradle/caches/transforms-4/49736cba61bf7c2c4afa895dea62922e/transformed/lifecycle-process-2.7.0 because:
  Build cache is disabled
  Caching not enabled.
Caching disabled for AarTransform: /home/work/.gradle/caches/transforms-4/330671933b3e491680735ff8685ce78b/transformed/lifecycle-livedata-core-2.7.0 because:
  Build cache is disabled
  Caching not enabled.
Caching disabled for AarTransform: /home/work/.gradle/caches/transforms-4/1c6ae362494740a87122d83b9ea3f00f/transformed/savedstate-ktx-1.2.1 because:
  Build cache is disabled
  Caching not enabled.
Caching disabled for AarTransform: /home/work/.gradle/caches/transforms-4/d263a73481621f9a07a1b657079178d9/transformed/savedstate-1.2.1 because:
  Build cache is disabled
  Caching not enabled.
Caching disabled for AarTransform: /home/work/.gradle/caches/transforms-4/0256e05e0f5feb2431e1b5ba811ca493/transformed/lifecycle-viewmodel-savedstate-2.7.0 because:
  Build cache is disabled
  Caching not enabled.
Caching disabled for AarTransform: /home/work/.gradle/caches/transforms-4/8d30544f7f393ef676ee11e23c532ea3/transformed/lifecycle-viewmodel-ktx-2.7.0 because:
  Build cache is disabled
  Caching not enabled.
Caching disabled for AarTransform: /home/work/.gradle/caches/transforms-4/14e9670e57b5357726d16598dcae8860/transformed/lifecycle-viewmodel-2.7.0 because:
  Build cache is disabled
  Caching not enabled.
Caching disabled for AarTransform: /home/work/.gradle/caches/transforms-4/c8a3dd1570f09a3a1ae256af99533305/transformed/lifecycle-runtime-2.7.0 because:
  Build cache is disabled
  Caching not enabled.
Caching disabled for AarTransform: /home/work/.gradle/caches/transforms-4/c059ae3f656ca7d2252a3066b83ccb4d/transformed/lifecycle-runtime-compose-2.7.0 because:
  Build cache is disabled
  Caching not enabled.
Caching disabled for AarTransform: /home/work/.gradle/caches/transforms-4/6629fe5921a0c459c28e3a2d7dab383b/transformed/lifecycle-runtime-ktx-2.7.0 because:
  Build cache is disabled
  Caching not enabled.
Caching disabled for AarTransform: /home/work/.gradle/caches/transforms-4/aec69a1504fe974cfb651229438fc8a7/transformed/lifecycle-viewmodel-compose-2.7.0 because:
  Build cache is disabled
  Caching not enabled.
Caching disabled for AarTransform: /home/work/.gradle/caches/transforms-4/8e41a17455f12350e19d821abd7ca6a3/transformed/ui-release because:
  Build cache is disabled
  Caching not enabled.
Caching disabled for AarTransform: /home/work/.gradle/caches/transforms-4/1f0d4fa644b2fa83f43396a6092fb5d6/transformed/autofill-1.0.0 because:
  Build cache is disabled
  Caching not enabled.
Caching disabled for AarTransform: /home/work/.gradle/caches/transforms-4/e7ac923e151a5f6c2b7920ce86dfcf41/transformed/core-1.12.0 because:
  Build cache is disabled
  Caching not enabled.
Caching disabled for AarTransform: /home/work/.gradle/caches/transforms-4/4d0918fac81194817bd56c165cb19099/transformed/customview-poolingcontainer-1.0.0 because:
  Build cache is disabled
  Caching not enabled.
Caching disabled for AarTransform: /home/work/.gradle/caches/transforms-4/e3f8ae677022e34f10fc61d9bc95b3fe/transformed/core-ktx-1.12.0 because:
  Build cache is disabled
  Caching not enabled.
Caching disabled for AarTransform: /home/work/.gradle/caches/transforms-4/6dd1d69683217082b68a1485e87e4628/transformed/room-runtime-2.6.1 because:
  Build cache is disabled
  Caching not enabled.
Caching disabled for AarTransform: /home/work/.gradle/caches/transforms-4/16aba03a6df4631803bd1b93a2df4246/transformed/room-ktx-2.6.1 because:
  Build cache is disabled
  Caching not enabled.
Caching disabled for AarTransform: /home/work/.gradle/caches/transforms-4/8f5a0e3b0bf5bb578801c1520008a24a/transformed/datastore-preferences-1.0.0 because:
  Build cache is disabled
  Caching not enabled.
Caching disabled for AarTransform: /home/work/.gradle/caches/transforms-4/6f75ef7bddfad6ababb0e969da722b7c/transformed/sqlite-framework-2.4.0 because:
  Build cache is disabled
  Caching not enabled.
Caching disabled for AarTransform: /home/work/.gradle/caches/transforms-4/193a9ec678b971d5f3c7549b1a7af662/transformed/sqlite-2.4.0 because:
  Build cache is disabled
  Caching not enabled.
Caching disabled for AarTransform: /home/work/.gradle/caches/transforms-4/53b4e8308df4e480a8d105867e378376/transformed/datastore-1.0.0 because:
  Build cache is disabled
  Caching not enabled.
Caching disabled for AarTransform: /home/work/.gradle/caches/transforms-4/12f0d85e3fc71c77ca64d46e4efe1176/transformed/runtime-saveable-release because:
  Build cache is disabled
  Caching not enabled.
Caching disabled for AarTransform: /home/work/.gradle/caches/transforms-4/c6ca1d71f5553f2dcf4b73060031cf57/transformed/runtime-release because:
  Build cache is disabled
  Caching not enabled.
Caching disabled for AarTransform: /home/work/.gradle/caches/transforms-4/c422215d4ecc0f7671ad193841b11f35/transformed/annotation-experimental-1.4.0 because:
  Build cache is disabled
  Caching not enabled.
Caching disabled for AarTransform: /home/work/.gradle/caches/transforms-4/03c1684486fde00bc2b40e4a64902b2a/transformed/versionedparcelable-1.1.1 because:
  Build cache is disabled
  Caching not enabled.
Caching disabled for AarTransform: /home/work/.gradle/caches/transforms-4/4b895aacf88399647e113a4b46c4f32e/transformed/core-runtime-2.2.0 because:
  Build cache is disabled
  Caching not enabled.
Caching disabled for AarTransform: /home/work/.gradle/caches/transforms-4/ca5720815127479342f15362fd7f1c0a/transformed/interpolator-1.0.0 because:
  Build cache is disabled
  Caching not enabled.
Caching disabled for AarTransform: /home/work/.gradle/caches/transforms-4/caa965e6ddc8db71b5af1783cb9bedf4/transformed/profileinstaller-1.3.0 because:
  Build cache is disabled
  Caching not enabled.
Caching disabled for AarTransform: /home/work/.gradle/caches/transforms-4/816ce26281626c774af1d0532f13d024/transformed/startup-runtime-1.1.1 because:
  Build cache is disabled
  Caching not enabled.
Caching disabled for AarTransform: /home/work/.gradle/caches/transforms-4/233d4655400db9c478b7a397c3ed773f/transformed/tracing-1.0.0 because:
  Build cache is disabled
  Caching not enabled.
Caching disabled for AarTransform: /home/work/.gradle/caches/transforms-4/0f4edc7e73eb45fc562d51c0237f5db9/transformed/navigation-common-2.7.7 because:
  Build cache is disabled
  Caching not enabled.
Transforming navigation-common-2.7.7.aar (androidx.navigation:navigation-common:2.7.7) with ExtractAarTransform
Transforming navigation-common-2.7.7.aar (androidx.navigation:navigation-common:2.7.7) with AarTransform
Transforming navigation-runtime-2.7.7.aar (androidx.navigation:navigation-runtime:2.7.7) with ExtractAarTransform
Transforming navigation-runtime-2.7.7.aar (androidx.navigation:navigation-runtime:2.7.7) with AarTransform
Transforming navigation-common-ktx-2.7.7.aar (androidx.navigation:navigation-common-ktx:2.7.7) with ExtractAarTransform
Transforming navigation-common-ktx-2.7.7.aar (androidx.navigation:navigation-common-ktx:2.7.7) with AarTransform
Transforming navigation-runtime-ktx-2.7.7.aar (androidx.navigation:navigation-runtime-ktx:2.7.7) with ExtractAarTransform
Transforming navigation-runtime-ktx-2.7.7.aar (androidx.navigation:navigation-runtime-ktx:2.7.7) with AarTransform
Transforming navigation-compose-2.7.7.aar (androidx.navigation:navigation-compose:2.7.7) with ExtractAarTransform
Transforming navigation-compose-2.7.7.aar (androidx.navigation:navigation-compose:2.7.7) with AarTransform
Transforming activity-1.8.2.aar (androidx.activity:activity:1.8.2) with ExtractAarTransform
Transforming activity-1.8.2.aar (androidx.activity:activity:1.8.2) with AarTransform
Transforming activity-ktx-1.8.2.aar (androidx.activity:activity-ktx:1.8.2) with ExtractAarTransform
Transforming activity-ktx-1.8.2.aar (androidx.activity:activity-ktx:1.8.2) with AarTransform
Transforming material3-release.aar (androidx.compose.material3:material3-android:1.2.1) with ExtractAarTransform
Transforming material3-release.aar (androidx.compose.material3:material3-android:1.2.1) with AarTransform
Transforming material-release.aar (androidx.compose.material:material-android:1.6.4) with ExtractAarTransform
Transforming material-release.aar (androidx.compose.material:material-android:1.6.4) with AarTransform
Transforming material-icons-core-release.aar (androidx.compose.material:material-icons-core-android:1.6.4) with ExtractAarTransform
Transforming material-icons-core-release.aar (androidx.compose.material:material-icons-core-android:1.6.4) with AarTransform
Transforming material-icons-extended-release.aar (androidx.compose.material:material-icons-extended-android:1.6.4) with ExtractAarTransform
Transforming material-icons-extended-release.aar (androidx.compose.material:material-icons-extended-android:1.6.4) with AarTransform
Transforming material-ripple-release.aar (androidx.compose.material:material-ripple-android:1.6.4) with ExtractAarTransform
Transforming material-ripple-release.aar (androidx.compose.material:material-ripple-android:1.6.4) with AarTransform
Transforming foundation-release.aar (androidx.compose.foundation:foundation-android:1.6.4) with ExtractAarTransform
Transforming foundation-release.aar (androidx.compose.foundation:foundation-android:1.6.4) with AarTransform
Transforming foundation-layout-release.aar (androidx.compose.foundation:foundation-layout-android:1.6.4) with ExtractAarTransform
Transforming foundation-layout-release.aar (androidx.compose.foundation:foundation-layout-android:1.6.4) with AarTransform
Transforming animation-core-release.aar (androidx.compose.animation:animation-core-android:1.6.4) with ExtractAarTransform
Transforming animation-core-release.aar (androidx.compose.animation:animation-core-android:1.6.4) with AarTransform
Transforming animation-release.aar (androidx.compose.animation:animation-android:1.6.4) with ExtractAarTransform
Transforming animation-release.aar (androidx.compose.animation:animation-android:1.6.4) with AarTransform
Transforming ui-tooling-data-release.aar (androidx.compose.ui:ui-tooling-data-android:1.6.4) with ExtractAarTransform
Transforming ui-tooling-data-release.aar (androidx.compose.ui:ui-tooling-data-android:1.6.4) with AarTransform
Transforming ui-unit-release.aar (androidx.compose.ui:ui-unit-android:1.6.4) with ExtractAarTransform
Transforming ui-unit-release.aar (androidx.compose.ui:ui-unit-android:1.6.4) with AarTransform
Transforming ui-geometry-release.aar (androidx.compose.ui:ui-geometry-android:1.6.4) with ExtractAarTransform
Transforming ui-geometry-release.aar (androidx.compose.ui:ui-geometry-android:1.6.4) with AarTransform
Transforming ui-util-release.aar (androidx.compose.ui:ui-util-android:1.6.4) with ExtractAarTransform
Transforming ui-util-release.aar (androidx.compose.ui:ui-util-android:1.6.4) with AarTransform
Transforming ui-text-release.aar (androidx.compose.ui:ui-text-android:1.6.4) with ExtractAarTransform
Transforming ui-text-release.aar (androidx.compose.ui:ui-text-android:1.6.4) with AarTransform
Transforming ui-tooling-preview-release.aar (androidx.compose.ui:ui-tooling-preview-android:1.6.4) with ExtractAarTransform
Transforming ui-tooling-preview-release.aar (androidx.compose.ui:ui-tooling-preview-android:1.6.4) with AarTransform
Transforming ui-graphics-release.aar (androidx.compose.ui:ui-graphics-android:1.6.4) with ExtractAarTransform
Transforming ui-graphics-release.aar (androidx.compose.ui:ui-graphics-android:1.6.4) with AarTransform
Transforming ui-test-manifest-1.6.4.aar (androidx.compose.ui:ui-test-manifest:1.6.4) with ExtractAarTransform
Transforming ui-test-manifest-1.6.4.aar (androidx.compose.ui:ui-test-manifest:1.6.4) with AarTransform
Transforming ui-tooling-release.aar (androidx.compose.ui:ui-tooling-android:1.6.4) with ExtractAarTransform
Transforming ui-tooling-release.aar (androidx.compose.ui:ui-tooling-android:1.6.4) with AarTransform
Transforming activity-compose-1.8.2.aar (androidx.activity:activity-compose:1.8.2) with ExtractAarTransform
Transforming activity-compose-1.8.2.aar (androidx.activity:activity-compose:1.8.2) with AarTransform
Transforming emoji2-1.3.0.aar (androidx.emoji2:emoji2:1.3.0) with ExtractAarTransform
Transforming emoji2-1.3.0.aar (androidx.emoji2:emoji2:1.3.0) with AarTransform
Transforming lifecycle-process-2.7.0.aar (androidx.lifecycle:lifecycle-process:2.7.0) with ExtractAarTransform
Transforming lifecycle-process-2.7.0.aar (androidx.lifecycle:lifecycle-process:2.7.0) with AarTransform
Transforming lifecycle-livedata-core-2.7.0.aar (androidx.lifecycle:lifecycle-livedata-core:2.7.0) with ExtractAarTransform
Transforming lifecycle-livedata-core-2.7.0.aar (androidx.lifecycle:lifecycle-livedata-core:2.7.0) with AarTransform
Transforming savedstate-ktx-1.2.1.aar (androidx.savedstate:savedstate-ktx:1.2.1) with ExtractAarTransform
Transforming savedstate-ktx-1.2.1.aar (androidx.savedstate:savedstate-ktx:1.2.1) with AarTransform
Transforming savedstate-1.2.1.aar (androidx.savedstate:savedstate:1.2.1) with ExtractAarTransform
Transforming savedstate-1.2.1.aar (androidx.savedstate:savedstate:1.2.1) with AarTransform
Transforming lifecycle-viewmodel-savedstate-2.7.0.aar (androidx.lifecycle:lifecycle-viewmodel-savedstate:2.7.0) with ExtractAarTransform
Transforming lifecycle-viewmodel-savedstate-2.7.0.aar (androidx.lifecycle:lifecycle-viewmodel-savedstate:2.7.0) with AarTransform
Transforming lifecycle-viewmodel-ktx-2.7.0.aar (androidx.lifecycle:lifecycle-viewmodel-ktx:2.7.0) with ExtractAarTransform
Transforming lifecycle-viewmodel-ktx-2.7.0.aar (androidx.lifecycle:lifecycle-viewmodel-ktx:2.7.0) with AarTransform
Transforming lifecycle-viewmodel-2.7.0.aar (androidx.lifecycle:lifecycle-viewmodel:2.7.0) with ExtractAarTransform
Transforming lifecycle-viewmodel-2.7.0.aar (androidx.lifecycle:lifecycle-viewmodel:2.7.0) with AarTransform
Transforming lifecycle-runtime-2.7.0.aar (androidx.lifecycle:lifecycle-runtime:2.7.0) with ExtractAarTransform
Transforming lifecycle-runtime-2.7.0.aar (androidx.lifecycle:lifecycle-runtime:2.7.0) with AarTransform
Transforming lifecycle-runtime-compose-2.7.0.aar (androidx.lifecycle:lifecycle-runtime-compose:2.7.0) with ExtractAarTransform
Transforming lifecycle-runtime-compose-2.7.0.aar (androidx.lifecycle:lifecycle-runtime-compose:2.7.0) with AarTransform
Transforming lifecycle-runtime-ktx-2.7.0.aar (androidx.lifecycle:lifecycle-runtime-ktx:2.7.0) with ExtractAarTransform
Transforming lifecycle-runtime-ktx-2.7.0.aar (androidx.lifecycle:lifecycle-runtime-ktx:2.7.0) with AarTransform
Transforming lifecycle-viewmodel-compose-2.7.0.aar (androidx.lifecycle:lifecycle-viewmodel-compose:2.7.0) with ExtractAarTransform
Transforming lifecycle-viewmodel-compose-2.7.0.aar (androidx.lifecycle:lifecycle-viewmodel-compose:2.7.0) with AarTransform
Transforming ui-release.aar (androidx.compose.ui:ui-android:1.6.4) with ExtractAarTransform
Transforming ui-release.aar (androidx.compose.ui:ui-android:1.6.4) with AarTransform
Transforming autofill-1.0.0.aar (androidx.autofill:autofill:1.0.0) with ExtractAarTransform
Transforming autofill-1.0.0.aar (androidx.autofill:autofill:1.0.0) with AarTransform
Transforming core-1.12.0.aar (androidx.core:core:1.12.0) with ExtractAarTransform
Transforming core-1.12.0.aar (androidx.core:core:1.12.0) with AarTransform
Transforming core-1.12.0.aar (androidx.core:core:1.12.0) with ExtractAarTransform
Transforming core-1.12.0.aar (androidx.core:core:1.12.0) with AarTransform
Transforming customview-poolingcontainer-1.0.0.aar (androidx.customview:customview-poolingcontainer:1.0.0) with ExtractAarTransform
Transforming customview-poolingcontainer-1.0.0.aar (androidx.customview:customview-poolingcontainer:1.0.0) with AarTransform
Transforming core-ktx-1.12.0.aar (androidx.core:core-ktx:1.12.0) with ExtractAarTransform
Transforming core-ktx-1.12.0.aar (androidx.core:core-ktx:1.12.0) with AarTransform
Transforming room-runtime-2.6.1.aar (androidx.room:room-runtime:2.6.1) with ExtractAarTransform
Transforming room-runtime-2.6.1.aar (androidx.room:room-runtime:2.6.1) with AarTransform
Transforming room-ktx-2.6.1.aar (androidx.room:room-ktx:2.6.1) with ExtractAarTransform
Transforming room-ktx-2.6.1.aar (androidx.room:room-ktx:2.6.1) with AarTransform
Transforming datastore-preferences-1.0.0.aar (androidx.datastore:datastore-preferences:1.0.0) with ExtractAarTransform
Transforming datastore-preferences-1.0.0.aar (androidx.datastore:datastore-preferences:1.0.0) with AarTransform
Transforming sqlite-framework-2.4.0.aar (androidx.sqlite:sqlite-framework:2.4.0) with ExtractAarTransform
Transforming sqlite-framework-2.4.0.aar (androidx.sqlite:sqlite-framework:2.4.0) with AarTransform
Transforming sqlite-2.4.0.aar (androidx.sqlite:sqlite:2.4.0) with ExtractAarTransform
Transforming sqlite-2.4.0.aar (androidx.sqlite:sqlite:2.4.0) with AarTransform
Transforming datastore-1.0.0.aar (androidx.datastore:datastore:1.0.0) with ExtractAarTransform
Transforming datastore-1.0.0.aar (androidx.datastore:datastore:1.0.0) with AarTransform
Transforming runtime-saveable-release.aar (androidx.compose.runtime:runtime-saveable-android:1.6.4) with ExtractAarTransform
Transforming runtime-saveable-release.aar (androidx.compose.runtime:runtime-saveable-android:1.6.4) with AarTransform
Transforming runtime-release.aar (androidx.compose.runtime:runtime-android:1.6.4) with ExtractAarTransform
Transforming runtime-release.aar (androidx.compose.runtime:runtime-android:1.6.4) with AarTransform
Transforming annotation-experimental-1.4.0.aar (androidx.annotation:annotation-experimental:1.4.0) with ExtractAarTransform
Transforming annotation-experimental-1.4.0.aar (androidx.annotation:annotation-experimental:1.4.0) with AarTransform
Transforming versionedparcelable-1.1.1.aar (androidx.versionedparcelable:versionedparcelable:1.1.1) with ExtractAarTransform
Transforming versionedparcelable-1.1.1.aar (androidx.versionedparcelable:versionedparcelable:1.1.1) with AarTransform
Transforming core-runtime-2.2.0.aar (androidx.arch.core:core-runtime:2.2.0) with ExtractAarTransform
Transforming core-runtime-2.2.0.aar (androidx.arch.core:core-runtime:2.2.0) with AarTransform
Transforming interpolator-1.0.0.aar (androidx.interpolator:interpolator:1.0.0) with ExtractAarTransform
Transforming interpolator-1.0.0.aar (androidx.interpolator:interpolator:1.0.0) with AarTransform
Transforming profileinstaller-1.3.0.aar (androidx.profileinstaller:profileinstaller:1.3.0) with ExtractAarTransform
Transforming profileinstaller-1.3.0.aar (androidx.profileinstaller:profileinstaller:1.3.0) with AarTransform
Transforming startup-runtime-1.1.1.aar (androidx.startup:startup-runtime:1.1.1) with ExtractAarTransform
Transforming startup-runtime-1.1.1.aar (androidx.startup:startup-runtime:1.1.1) with AarTransform
Transforming tracing-1.0.0.aar (androidx.tracing:tracing:1.0.0) with ExtractAarTransform
Transforming tracing-1.0.0.aar (androidx.tracing:tracing:1.0.0) with AarTransform
Caching disabled for AarTransform: /home/work/.gradle/caches/transforms-4/4e561c33054fe24aae0240d7f039956c/transformed/navigation-runtime-2.7.7 because:
  Build cache is disabled
  Caching not enabled.
Caching disabled for AarTransform: /home/work/.gradle/caches/transforms-4/31dc9faa96c3ff419b8a0e3fd9cf5ea1/transformed/navigation-common-ktx-2.7.7 because:
  Build cache is disabled
  Caching not enabled.
Caching disabled for AarTransform: /home/work/.gradle/caches/transforms-4/9844cfe113e808b7b13e4bf7e188cd15/transformed/navigation-runtime-ktx-2.7.7 because:
  Build cache is disabled
  Caching not enabled.
Caching disabled for AarTransform: /home/work/.gradle/caches/transforms-4/e89ec385b85ad77850115ac9861f887a/transformed/navigation-compose-2.7.7 because:
  Build cache is disabled
  Caching not enabled.
Caching disabled for AarTransform: /home/work/.gradle/caches/transforms-4/13481ff85102064c196181d8cfb97f3f/transformed/activity-1.8.2 because:
  Build cache is disabled
  Caching not enabled.
Caching disabled for AarTransform: /home/work/.gradle/caches/transforms-4/7495272c4b167b58aed4c9d8265b7e2d/transformed/activity-ktx-1.8.2 because:
  Build cache is disabled
  Caching not enabled.
Caching disabled for AarTransform: /home/work/.gradle/caches/transforms-4/ede5034769eb92ef6fc9c2e32b045eea/transformed/material3-release because:
  Build cache is disabled
  Caching not enabled.
Caching disabled for AarTransform: /home/work/.gradle/caches/transforms-4/440049452ed43fa3a9d4a47eb3e97b8c/transformed/material-release because:
  Build cache is disabled
  Caching not enabled.
Caching disabled for AarTransform: /home/work/.gradle/caches/transforms-4/65aac476dac3ccbca90863b4188fe93d/transformed/material-icons-core-release because:
  Build cache is disabled
  Caching not enabled.
Caching disabled for AarTransform: /home/work/.gradle/caches/transforms-4/f1bab65efcc69580be1609f050af593a/transformed/material-icons-extended-release because:
  Build cache is disabled
  Caching not enabled.
Caching disabled for AarTransform: /home/work/.gradle/caches/transforms-4/5c31f4ff19bac0d1e372893b593b5628/transformed/material-ripple-release because:
  Build cache is disabled
  Caching not enabled.
Caching disabled for AarTransform: /home/work/.gradle/caches/transforms-4/51517fb65aebbf2a3917ff84a7680bea/transformed/foundation-release because:
  Build cache is disabled
  Caching not enabled.
Caching disabled for AarTransform: /home/work/.gradle/caches/transforms-4/68b5671e2753c7d524c7d182facd781d/transformed/foundation-layout-release because:
  Build cache is disabled
  Caching not enabled.
Caching disabled for AarTransform: /home/work/.gradle/caches/transforms-4/904d34962a66b4273a957749abdc921f/transformed/animation-core-release because:
  Build cache is disabled
  Caching not enabled.
Caching disabled for AarTransform: /home/work/.gradle/caches/transforms-4/ab7d9db22cad2ea5feab190f7f1d941b/transformed/animation-release because:
  Build cache is disabled
  Caching not enabled.
Caching disabled for AarTransform: /home/work/.gradle/caches/transforms-4/4ea70a84e182d18e2c9de100a66fda04/transformed/ui-tooling-data-release because:
  Build cache is disabled
  Caching not enabled.
Caching disabled for AarTransform: /home/work/.gradle/caches/transforms-4/1a432830b3e498dd23566ccec14a0ee9/transformed/ui-unit-release because:
  Build cache is disabled
  Caching not enabled.
Caching disabled for AarTransform: /home/work/.gradle/caches/transforms-4/dc0387d60b41ff7f1d6f0f89ac4e97da/transformed/ui-geometry-release because:
  Build cache is disabled
  Caching not enabled.
Caching disabled for AarTransform: /home/work/.gradle/caches/transforms-4/fe7da7632d16a82ac6a89276c8de26cc/transformed/ui-util-release because:
  Build cache is disabled
  Caching not enabled.
Caching disabled for AarTransform: /home/work/.gradle/caches/transforms-4/340416d5462b46941ea0f70ee70719c9/transformed/ui-text-release because:
  Build cache is disabled
  Caching not enabled.
Caching disabled for AarTransform: /home/work/.gradle/caches/transforms-4/e73fa152cde1e6f98df427b32aeed442/transformed/ui-tooling-preview-release because:
  Build cache is disabled
  Caching not enabled.
Caching disabled for AarTransform: /home/work/.gradle/caches/transforms-4/5bc6e2ddca8335badaf97f477f1e4293/transformed/ui-graphics-release because:
  Build cache is disabled
  Caching not enabled.
Caching disabled for AarTransform: /home/work/.gradle/caches/transforms-4/8b0a1dc338ddf4a7a9336bb42bcf218f/transformed/ui-test-manifest-1.6.4 because:
  Build cache is disabled
  Caching not enabled.
Caching disabled for AarTransform: /home/work/.gradle/caches/transforms-4/53dfb837101cc8570fa397135ade4964/transformed/ui-tooling-release because:
  Build cache is disabled
  Caching not enabled.
Caching disabled for AarTransform: /home/work/.gradle/caches/transforms-4/99e7b40b04501308747efa568058b5a7/transformed/activity-compose-1.8.2 because:
  Build cache is disabled
  Caching not enabled.
Caching disabled for AarTransform: /home/work/.gradle/caches/transforms-4/0f4edc7e73eb45fc562d51c0237f5db9/transformed/navigation-common-2.7.7 because:
  Build cache is disabled
  Caching not enabled.
Caching disabled for AarTransform: /home/work/.gradle/caches/transforms-4/2c883cd359a20d3dff7308fd75b76ba6/transformed/emoji2-1.3.0 because:
  Build cache is disabled
  Caching not enabled.
Caching disabled for AarTransform: /home/work/.gradle/caches/transforms-4/49736cba61bf7c2c4afa895dea62922e/transformed/lifecycle-process-2.7.0 because:
  Build cache is disabled
  Caching not enabled.
Caching disabled for AarTransform: /home/work/.gradle/caches/transforms-4/330671933b3e491680735ff8685ce78b/transformed/lifecycle-livedata-core-2.7.0 because:
  Build cache is disabled
  Caching not enabled.
Caching disabled for AarTransform: /home/work/.gradle/caches/transforms-4/1c6ae362494740a87122d83b9ea3f00f/transformed/savedstate-ktx-1.2.1 because:
  Build cache is disabled
  Caching not enabled.
Caching disabled for AarTransform: /home/work/.gradle/caches/transforms-4/d263a73481621f9a07a1b657079178d9/transformed/savedstate-1.2.1 because:
  Build cache is disabled
  Caching not enabled.
Caching disabled for AarTransform: /home/work/.gradle/caches/transforms-4/0256e05e0f5feb2431e1b5ba811ca493/transformed/lifecycle-viewmodel-savedstate-2.7.0 because:
  Build cache is disabled
  Caching not enabled.
Caching disabled for AarTransform: /home/work/.gradle/caches/transforms-4/8d30544f7f393ef676ee11e23c532ea3/transformed/lifecycle-viewmodel-ktx-2.7.0 because:
  Build cache is disabled
  Caching not enabled.
Caching disabled for AarTransform: /home/work/.gradle/caches/transforms-4/14e9670e57b5357726d16598dcae8860/transformed/lifecycle-viewmodel-2.7.0 because:
  Build cache is disabled
  Caching not enabled.
Caching disabled for AarTransform: /home/work/.gradle/caches/transforms-4/c8a3dd1570f09a3a1ae256af99533305/transformed/lifecycle-runtime-2.7.0 because:
  Build cache is disabled
  Caching not enabled.
Caching disabled for AarTransform: /home/work/.gradle/caches/transforms-4/c059ae3f656ca7d2252a3066b83ccb4d/transformed/lifecycle-runtime-compose-2.7.0 because:
  Build cache is disabled
  Caching not enabled.
Caching disabled for AarTransform: /home/work/.gradle/caches/transforms-4/6629fe5921a0c459c28e3a2d7dab383b/transformed/lifecycle-runtime-ktx-2.7.0 because:
  Build cache is disabled
  Caching not enabled.
Caching disabled for AarTransform: /home/work/.gradle/caches/transforms-4/aec69a1504fe974cfb651229438fc8a7/transformed/lifecycle-viewmodel-compose-2.7.0 because:
  Build cache is disabled
  Caching not enabled.
Caching disabled for AarTransform: /home/work/.gradle/caches/transforms-4/8e41a17455f12350e19d821abd7ca6a3/transformed/ui-release because:
  Build cache is disabled
  Caching not enabled.
Caching disabled for AarTransform: /home/work/.gradle/caches/transforms-4/1f0d4fa644b2fa83f43396a6092fb5d6/transformed/autofill-1.0.0 because:
  Build cache is disabled
  Caching not enabled.
Caching disabled for AarTransform: /home/work/.gradle/caches/transforms-4/e7ac923e151a5f6c2b7920ce86dfcf41/transformed/core-1.12.0 because:
  Build cache is disabled
  Caching not enabled.
Caching disabled for AarTransform: /home/work/.gradle/caches/transforms-4/4d0918fac81194817bd56c165cb19099/transformed/customview-poolingcontainer-1.0.0 because:
  Build cache is disabled
  Caching not enabled.
Caching disabled for AarTransform: /home/work/.gradle/caches/transforms-4/e3f8ae677022e34f10fc61d9bc95b3fe/transformed/core-ktx-1.12.0 because:
  Build cache is disabled
  Caching not enabled.
Caching disabled for AarTransform: /home/work/.gradle/caches/transforms-4/6dd1d69683217082b68a1485e87e4628/transformed/room-runtime-2.6.1 because:
  Build cache is disabled
  Caching not enabled.
Caching disabled for AarTransform: /home/work/.gradle/caches/transforms-4/16aba03a6df4631803bd1b93a2df4246/transformed/room-ktx-2.6.1 because:
  Build cache is disabled
  Caching not enabled.
Caching disabled for AarTransform: /home/work/.gradle/caches/transforms-4/8f5a0e3b0bf5bb578801c1520008a24a/transformed/datastore-preferences-1.0.0 because:
  Build cache is disabled
  Caching not enabled.
Caching disabled for AarTransform: /home/work/.gradle/caches/transforms-4/6f75ef7bddfad6ababb0e969da722b7c/transformed/sqlite-framework-2.4.0 because:
  Build cache is disabled
  Caching not enabled.
Caching disabled for AarTransform: /home/work/.gradle/caches/transforms-4/193a9ec678b971d5f3c7549b1a7af662/transformed/sqlite-2.4.0 because:
  Build cache is disabled
  Caching not enabled.
Caching disabled for AarTransform: /home/work/.gradle/caches/transforms-4/53b4e8308df4e480a8d105867e378376/transformed/datastore-1.0.0 because:
  Build cache is disabled
  Caching not enabled.
Caching disabled for AarTransform: /home/work/.gradle/caches/transforms-4/12f0d85e3fc71c77ca64d46e4efe1176/transformed/runtime-saveable-release because:
  Build cache is disabled
  Caching not enabled.
Caching disabled for AarTransform: /home/work/.gradle/caches/transforms-4/c6ca1d71f5553f2dcf4b73060031cf57/transformed/runtime-release because:
  Build cache is disabled
  Caching not enabled.
Caching disabled for AarTransform: /home/work/.gradle/caches/transforms-4/c422215d4ecc0f7671ad193841b11f35/transformed/annotation-experimental-1.4.0 because:
  Build cache is disabled
  Caching not enabled.
Caching disabled for AarTransform: /home/work/.gradle/caches/transforms-4/03c1684486fde00bc2b40e4a64902b2a/transformed/versionedparcelable-1.1.1 because:
  Build cache is disabled
  Caching not enabled.
Caching disabled for AarTransform: /home/work/.gradle/caches/transforms-4/4b895aacf88399647e113a4b46c4f32e/transformed/core-runtime-2.2.0 because:
  Build cache is disabled
  Caching not enabled.
Caching disabled for AarTransform: /home/work/.gradle/caches/transforms-4/ca5720815127479342f15362fd7f1c0a/transformed/interpolator-1.0.0 because:
  Build cache is disabled
  Caching not enabled.
Caching disabled for AarTransform: /home/work/.gradle/caches/transforms-4/caa965e6ddc8db71b5af1783cb9bedf4/transformed/profileinstaller-1.3.0 because:
  Build cache is disabled
  Caching not enabled.
Caching disabled for AarTransform: /home/work/.gradle/caches/transforms-4/816ce26281626c774af1d0532f13d024/transformed/startup-runtime-1.1.1 because:
  Build cache is disabled
  Caching not enabled.
Caching disabled for AarTransform: /home/work/.gradle/caches/transforms-4/233d4655400db9c478b7a397c3ed773f/transformed/tracing-1.0.0 because:
  Build cache is disabled
  Caching not enabled.
Caching disabled for task ':app:processDebugMainManifest' because:
  Build cache is disabled
Task ':app:processDebugMainManifest' is not up-to-date because:
  No history is available.
package="com.novelseek.ultra" found in source AndroidManifest.xml: /home/work/dumate/38de3a359c754da5801d140c2e404f0f/workspace/ses_gffe5f74c56b80ffeEC2z3n6Op3yk0K/NovelSeekUltra/app/src/main/AndroidManifest.xml.
Setting the namespace via the package attribute in the source AndroidManifest.xml is no longer supported, and the value is ignored.
Recommendation: remove package="com.novelseek.ultra" from the source AndroidManifest.xml: /home/work/dumate/38de3a359c754da5801d140c2e404f0f/workspace/ses_gffe5f74c56b80ffeEC2z3n6Op3yk0K/NovelSeekUltra/app/src/main/AndroidManifest.xml.
Loading library manifest /home/work/.gradle/caches/transforms-4/0f4edc7e73eb45fc562d51c0237f5db9/transformed/navigation-common-2.7.7/AndroidManifest.xml
Loading library manifest /home/work/.gradle/caches/transforms-4/4e561c33054fe24aae0240d7f039956c/transformed/navigation-runtime-2.7.7/AndroidManifest.xml
Loading library manifest /home/work/.gradle/caches/transforms-4/31dc9faa96c3ff419b8a0e3fd9cf5ea1/transformed/navigation-common-ktx-2.7.7/AndroidManifest.xml
Loading library manifest /home/work/.gradle/caches/transforms-4/9844cfe113e808b7b13e4bf7e188cd15/transformed/navigation-runtime-ktx-2.7.7/AndroidManifest.xml
Loading library manifest /home/work/.gradle/caches/transforms-4/e89ec385b85ad77850115ac9861f887a/transformed/navigation-compose-2.7.7/AndroidManifest.xml
Loading library manifest /home/work/.gradle/caches/transforms-4/13481ff85102064c196181d8cfb97f3f/transformed/activity-1.8.2/AndroidManifest.xml
Loading library manifest /home/work/.gradle/caches/transforms-4/7495272c4b167b58aed4c9d8265b7e2d/transformed/activity-ktx-1.8.2/AndroidManifest.xml
Loading library manifest /home/work/.gradle/caches/transforms-4/ede5034769eb92ef6fc9c2e32b045eea/transformed/material3-release/AndroidManifest.xml
Loading library manifest /home/work/.gradle/caches/transforms-4/440049452ed43fa3a9d4a47eb3e97b8c/transformed/material-release/AndroidManifest.xml
Loading library manifest /home/work/.gradle/caches/transforms-4/65aac476dac3ccbca90863b4188fe93d/transformed/material-icons-core-release/AndroidManifest.xml
Loading library manifest /home/work/.gradle/caches/transforms-4/f1bab65efcc69580be1609f050af593a/transformed/material-icons-extended-release/AndroidManifest.xml
Loading library manifest /home/work/.gradle/caches/transforms-4/5c31f4ff19bac0d1e372893b593b5628/transformed/material-ripple-release/AndroidManifest.xml
Loading library manifest /home/work/.gradle/caches/transforms-4/51517fb65aebbf2a3917ff84a7680bea/transformed/foundation-release/AndroidManifest.xml
Loading library manifest /home/work/.gradle/caches/transforms-4/68b5671e2753c7d524c7d182facd781d/transformed/foundation-layout-release/AndroidManifest.xml
Loading library manifest /home/work/.gradle/caches/transforms-4/904d34962a66b4273a957749abdc921f/transformed/animation-core-release/AndroidManifest.xml
Loading library manifest /home/work/.gradle/caches/transforms-4/ab7d9db22cad2ea5feab190f7f1d941b/transformed/animation-release/AndroidManifest.xml
Loading library manifest /home/work/.gradle/caches/transforms-4/4ea70a84e182d18e2c9de100a66fda04/transformed/ui-tooling-data-release/AndroidManifest.xml
Loading library manifest /home/work/.gradle/caches/transforms-4/1a432830b3e498dd23566ccec14a0ee9/transformed/ui-unit-release/AndroidManifest.xml
Loading library manifest /home/work/.gradle/caches/transforms-4/dc0387d60b41ff7f1d6f0f89ac4e97da/transformed/ui-geometry-release/AndroidManifest.xml
Loading library manifest /home/work/.gradle/caches/transforms-4/fe7da7632d16a82ac6a89276c8de26cc/transformed/ui-util-release/AndroidManifest.xml
Loading library manifest /home/work/.gradle/caches/transforms-4/340416d5462b46941ea0f70ee70719c9/transformed/ui-text-release/AndroidManifest.xml
Loading library manifest /home/work/.gradle/caches/transforms-4/e73fa152cde1e6f98df427b32aeed442/transformed/ui-tooling-preview-release/AndroidManifest.xml
Loading library manifest /home/work/.gradle/caches/transforms-4/5bc6e2ddca8335badaf97f477f1e4293/transformed/ui-graphics-release/AndroidManifest.xml
Loading library manifest /home/work/.gradle/caches/transforms-4/8b0a1dc338ddf4a7a9336bb42bcf218f/transformed/ui-test-manifest-1.6.4/AndroidManifest.xml
Loading library manifest /home/work/.gradle/caches/transforms-4/53dfb837101cc8570fa397135ade4964/transformed/ui-tooling-release/AndroidManifest.xml
Loading library manifest /home/work/.gradle/caches/transforms-4/99e7b40b04501308747efa568058b5a7/transformed/activity-compose-1.8.2/AndroidManifest.xml
Loading library manifest /home/work/.gradle/caches/transforms-4/2c883cd359a20d3dff7308fd75b76ba6/transformed/emoji2-1.3.0/AndroidManifest.xml
Loading library manifest /home/work/.gradle/caches/transforms-4/49736cba61bf7c2c4afa895dea62922e/transformed/lifecycle-process-2.7.0/AndroidManifest.xml
Loading library manifest /home/work/.gradle/caches/transforms-4/330671933b3e491680735ff8685ce78b/transformed/lifecycle-livedata-core-2.7.0/AndroidManifest.xml
Loading library manifest /home/work/.gradle/caches/transforms-4/1c6ae362494740a87122d83b9ea3f00f/transformed/savedstate-ktx-1.2.1/AndroidManifest.xml
Loading library manifest /home/work/.gradle/caches/transforms-4/d263a73481621f9a07a1b657079178d9/transformed/savedstate-1.2.1/AndroidManifest.xml
Loading library manifest /home/work/.gradle/caches/transforms-4/0256e05e0f5feb2431e1b5ba811ca493/transformed/lifecycle-viewmodel-savedstate-2.7.0/AndroidManifest.xml
Loading library manifest /home/work/.gradle/caches/transforms-4/8d30544f7f393ef676ee11e23c532ea3/transformed/lifecycle-viewmodel-ktx-2.7.0/AndroidManifest.xml
Loading library manifest /home/work/.gradle/caches/transforms-4/14e9670e57b5357726d16598dcae8860/transformed/lifecycle-viewmodel-2.7.0/AndroidManifest.xml
Loading library manifest /home/work/.gradle/caches/transforms-4/c8a3dd1570f09a3a1ae256af99533305/transformed/lifecycle-runtime-2.7.0/AndroidManifest.xml
Loading library manifest /home/work/.gradle/caches/transforms-4/c059ae3f656ca7d2252a3066b83ccb4d/transformed/lifecycle-runtime-compose-2.7.0/AndroidManifest.xml
Loading library manifest /home/work/.gradle/caches/transforms-4/6629fe5921a0c459c28e3a2d7dab383b/transformed/lifecycle-runtime-ktx-2.7.0/AndroidManifest.xml
Loading library manifest /home/work/.gradle/caches/transforms-4/aec69a1504fe974cfb651229438fc8a7/transformed/lifecycle-viewmodel-compose-2.7.0/AndroidManifest.xml
Loading library manifest /home/work/.gradle/caches/transforms-4/8e41a17455f12350e19d821abd7ca6a3/transformed/ui-release/AndroidManifest.xml
Loading library manifest /home/work/.gradle/caches/transforms-4/1f0d4fa644b2fa83f43396a6092fb5d6/transformed/autofill-1.0.0/AndroidManifest.xml
Loading library manifest /home/work/.gradle/caches/transforms-4/e7ac923e151a5f6c2b7920ce86dfcf41/transformed/core-1.12.0/AndroidManifest.xml
Loading library manifest /home/work/.gradle/caches/transforms-4/4d0918fac81194817bd56c165cb19099/transformed/customview-poolingcontainer-1.0.0/AndroidManifest.xml
Loading library manifest /home/work/.gradle/caches/transforms-4/e3f8ae677022e34f10fc61d9bc95b3fe/transformed/core-ktx-1.12.0/AndroidManifest.xml
Loading library manifest /home/work/.gradle/caches/transforms-4/6dd1d69683217082b68a1485e87e4628/transformed/room-runtime-2.6.1/AndroidManifest.xml
Loading library manifest /home/work/.gradle/caches/transforms-4/16aba03a6df4631803bd1b93a2df4246/transformed/room-ktx-2.6.1/AndroidManifest.xml
Loading library manifest /home/work/.gradle/caches/transforms-4/8f5a0e3b0bf5bb578801c1520008a24a/transformed/datastore-preferences-1.0.0/AndroidManifest.xml
Loading library manifest /home/work/.gradle/caches/transforms-4/6f75ef7bddfad6ababb0e969da722b7c/transformed/sqlite-framework-2.4.0/AndroidManifest.xml
Loading library manifest /home/work/.gradle/caches/transforms-4/193a9ec678b971d5f3c7549b1a7af662/transformed/sqlite-2.4.0/AndroidManifest.xml
Loading library manifest /home/work/.gradle/caches/transforms-4/53b4e8308df4e480a8d105867e378376/transformed/datastore-1.0.0/AndroidManifest.xml
Loading library manifest /home/work/.gradle/caches/transforms-4/12f0d85e3fc71c77ca64d46e4efe1176/transformed/runtime-saveable-release/AndroidManifest.xml
Loading library manifest /home/work/.gradle/caches/transforms-4/c6ca1d71f5553f2dcf4b73060031cf57/transformed/runtime-release/AndroidManifest.xml
Loading library manifest /home/work/.gradle/caches/transforms-4/c422215d4ecc0f7671ad193841b11f35/transformed/annotation-experimental-1.4.0/AndroidManifest.xml
Loading library manifest /home/work/.gradle/caches/transforms-4/03c1684486fde00bc2b40e4a64902b2a/transformed/versionedparcelable-1.1.1/AndroidManifest.xml
Loading library manifest /home/work/.gradle/caches/transforms-4/4b895aacf88399647e113a4b46c4f32e/transformed/core-runtime-2.2.0/AndroidManifest.xml
Loading library manifest /home/work/.gradle/caches/transforms-4/ca5720815127479342f15362fd7f1c0a/transformed/interpolator-1.0.0/AndroidManifest.xml
Loading library manifest /home/work/.gradle/caches/transforms-4/caa965e6ddc8db71b5af1783cb9bedf4/transformed/profileinstaller-1.3.0/AndroidManifest.xml
Loading library manifest /home/work/.gradle/caches/transforms-4/816ce26281626c774af1d0532f13d024/transformed/startup-runtime-1.1.1/AndroidManifest.xml
Loading library manifest /home/work/.gradle/caches/transforms-4/233d4655400db9c478b7a397c3ed773f/transformed/tracing-1.0.0/AndroidManifest.xml
Merging main manifest /home/work/dumate/38de3a359c754da5801d140c2e404f0f/workspace/ses_gffe5f74c56b80ffeEC2z3n6Op3yk0K/NovelSeekUltra/app/src/main/AndroidManifest.xml

Merging library manifest /home/work/.gradle/caches/transforms-4/0f4edc7e73eb45fc562d51c0237f5db9/transformed/navigation-common-2.7.7/AndroidManifest.xml
Merging manifest with lower [androidx.navigation:navigation-common:2.7.7] AndroidManifest.xml:17:1-22:12
uses-sdk defined in both files...
Merging uses-sdk with lower [androidx.navigation:navigation-common:2.7.7] AndroidManifest.xml:20:5-44
Merging library manifest /home/work/.gradle/caches/transforms-4/4e561c33054fe24aae0240d7f039956c/transformed/navigation-runtime-2.7.7/AndroidManifest.xml
Merging manifest with lower [androidx.navigation:navigation-runtime:2.7.7] AndroidManifest.xml:17:1-22:12
uses-sdk defined in both files...
Merging uses-sdk with lower [androidx.navigation:navigation-runtime:2.7.7] AndroidManifest.xml:20:5-44
Merging library manifest /home/work/.gradle/caches/transforms-4/31dc9faa96c3ff419b8a0e3fd9cf5ea1/transformed/navigation-common-ktx-2.7.7/AndroidManifest.xml
Merging manifest with lower [androidx.navigation:navigation-common-ktx:2.7.7] AndroidManifest.xml:2:1-7:12
uses-sdk defined in both files...
Merging uses-sdk with lower [androidx.navigation:navigation-common-ktx:2.7.7] AndroidManifest.xml:5:5-44
Merging library manifest /home/work/.gradle/caches/transforms-4/9844cfe113e808b7b13e4bf7e188cd15/transformed/navigation-runtime-ktx-2.7.7/AndroidManifest.xml
Merging manifest with lower [androidx.navigation:navigation-runtime-ktx:2.7.7] AndroidManifest.xml:2:1-7:12
uses-sdk defined in both files...
Merging uses-sdk with lower [androidx.navigation:navigation-runtime-ktx:2.7.7] AndroidManifest.xml:5:5-44
Merging library manifest /home/work/.gradle/caches/transforms-4/e89ec385b85ad77850115ac9861f887a/transformed/navigation-compose-2.7.7/AndroidManifest.xml
Merging manifest with lower [androidx.navigation:navigation-compose:2.7.7] AndroidManifest.xml:2:1-7:12
uses-sdk defined in both files...
Merging uses-sdk with lower [androidx.navigation:navigation-compose:2.7.7] AndroidManifest.xml:5:5-44
Merging library manifest /home/work/.gradle/caches/transforms-4/13481ff85102064c196181d8cfb97f3f/transformed/activity-1.8.2/AndroidManifest.xml
Merging manifest with lower [androidx.activity:activity:1.8.2] AndroidManifest.xml:17:1-22:12
uses-sdk defined in both files...
Merging uses-sdk with lower [androidx.activity:activity:1.8.2] AndroidManifest.xml:20:5-44
Merging library manifest /home/work/.gradle/caches/transforms-4/7495272c4b167b58aed4c9d8265b7e2d/transformed/activity-ktx-1.8.2/AndroidManifest.xml
Merging manifest with lower [androidx.activity:activity-ktx:1.8.2] AndroidManifest.xml:2:1-7:12
uses-sdk defined in both files...
Merging uses-sdk with lower [androidx.activity:activity-ktx:1.8.2] AndroidManifest.xml:5:5-44
Merging library manifest /home/work/.gradle/caches/transforms-4/ede5034769eb92ef6fc9c2e32b045eea/transformed/material3-release/AndroidManifest.xml
Merging manifest with lower [androidx.compose.material3:material3-android:1.2.1] AndroidManifest.xml:17:1-22:12
uses-sdk defined in both files...
Merging uses-sdk with lower [androidx.compose.material3:material3-android:1.2.1] AndroidManifest.xml:20:5-44
Merging library manifest /home/work/.gradle/caches/transforms-4/440049452ed43fa3a9d4a47eb3e97b8c/transformed/material-release/AndroidManifest.xml
Merging manifest with lower [androidx.compose.material:material-android:1.6.4] AndroidManifest.xml:2:1-7:12
uses-sdk defined in both files...
Merging uses-sdk with lower [androidx.compose.material:material-android:1.6.4] AndroidManifest.xml:5:5-44
Merging library manifest /home/work/.gradle/caches/transforms-4/65aac476dac3ccbca90863b4188fe93d/transformed/material-icons-core-release/AndroidManifest.xml
Merging manifest with lower [androidx.compose.material:material-icons-core-android:1.6.4] AndroidManifest.xml:2:1-7:12
uses-sdk defined in both files...
Merging uses-sdk with lower [androidx.compose.material:material-icons-core-android:1.6.4] AndroidManifest.xml:5:5-44
Merging library manifest /home/work/.gradle/caches/transforms-4/f1bab65efcc69580be1609f050af593a/transformed/material-icons-extended-release/AndroidManifest.xml
Merging manifest with lower [androidx.compose.material:material-icons-extended-android:1.6.4] AndroidManifest.xml:2:1-7:12
uses-sdk defined in both files...
Merging uses-sdk with lower [androidx.compose.material:material-icons-extended-android:1.6.4] AndroidManifest.xml:5:5-44
Merging library manifest /home/work/.gradle/caches/transforms-4/5c31f4ff19bac0d1e372893b593b5628/transformed/material-ripple-release/AndroidManifest.xml
Merging manifest with lower [androidx.compose.material:material-ripple-android:1.6.4] AndroidManifest.xml:2:1-7:12
uses-sdk defined in both files...
Merging uses-sdk with lower [androidx.compose.material:material-ripple-android:1.6.4] AndroidManifest.xml:5:5-44
Merging library manifest /home/work/.gradle/caches/transforms-4/51517fb65aebbf2a3917ff84a7680bea/transformed/foundation-release/AndroidManifest.xml
Merging manifest with lower [androidx.compose.foundation:foundation-android:1.6.4] AndroidManifest.xml:2:1-7:12
uses-sdk defined in both files...
Merging uses-sdk with lower [androidx.compose.foundation:foundation-android:1.6.4] AndroidManifest.xml:5:5-44
Merging library manifest /home/work/.gradle/caches/transforms-4/68b5671e2753c7d524c7d182facd781d/transformed/foundation-layout-release/AndroidManifest.xml
Merging manifest with lower [androidx.compose.foundation:foundation-layout-android:1.6.4] AndroidManifest.xml:2:1-7:12
uses-sdk defined in both files...
Merging uses-sdk with lower [androidx.compose.foundation:foundation-layout-android:1.6.4] AndroidManifest.xml:5:5-44
Merging library manifest /home/work/.gradle/caches/transforms-4/904d34962a66b4273a957749abdc921f/transformed/animation-core-release/AndroidManifest.xml
Merging manifest with lower [androidx.compose.animation:animation-core-android:1.6.4] AndroidManifest.xml:2:1-7:12
uses-sdk defined in both files...
Merging uses-sdk with lower [androidx.compose.animation:animation-core-android:1.6.4] AndroidManifest.xml:5:5-44
Merging library manifest /home/work/.gradle/caches/transforms-4/ab7d9db22cad2ea5feab190f7f1d941b/transformed/animation-release/AndroidManifest.xml
Merging manifest with lower [androidx.compose.animation:animation-android:1.6.4] AndroidManifest.xml:2:1-7:12
uses-sdk defined in both files...
Merging uses-sdk with lower [androidx.compose.animation:animation-android:1.6.4] AndroidManifest.xml:5:5-44
Merging library manifest /home/work/.gradle/caches/transforms-4/4ea70a84e182d18e2c9de100a66fda04/transformed/ui-tooling-data-release/AndroidManifest.xml
Merging manifest with lower [androidx.compose.ui:ui-tooling-data-android:1.6.4] AndroidManifest.xml:2:1-7:12
uses-sdk defined in both files...
Merging uses-sdk with lower [androidx.compose.ui:ui-tooling-data-android:1.6.4] AndroidManifest.xml:5:5-44
Merging library manifest /home/work/.gradle/caches/transforms-4/1a432830b3e498dd23566ccec14a0ee9/transformed/ui-unit-release/AndroidManifest.xml
Merging manifest with lower [androidx.compose.ui:ui-unit-android:1.6.4] AndroidManifest.xml:2:1-7:12
uses-sdk defined in both files...
Merging uses-sdk with lower [androidx.compose.ui:ui-unit-android:1.6.4] AndroidManifest.xml:5:5-44
Merging library manifest /home/work/.gradle/caches/transforms-4/dc0387d60b41ff7f1d6f0f89ac4e97da/transformed/ui-geometry-release/AndroidManifest.xml
Merging manifest with lower [androidx.compose.ui:ui-geometry-android:1.6.4] AndroidManifest.xml:2:1-7:12
uses-sdk defined in both files...
Merging uses-sdk with lower [androidx.compose.ui:ui-geometry-android:1.6.4] AndroidManifest.xml:5:5-44
Merging library manifest /home/work/.gradle/caches/transforms-4/fe7da7632d16a82ac6a89276c8de26cc/transformed/ui-util-release/AndroidManifest.xml
Merging manifest with lower [androidx.compose.ui:ui-util-android:1.6.4] AndroidManifest.xml:2:1-7:12
uses-sdk defined in both files...
Merging uses-sdk with lower [androidx.compose.ui:ui-util-android:1.6.4] AndroidManifest.xml:5:5-44
Merging library manifest /home/work/.gradle/caches/transforms-4/340416d5462b46941ea0f70ee70719c9/transformed/ui-text-release/AndroidManifest.xml
Merging manifest with lower [androidx.compose.ui:ui-text-android:1.6.4] AndroidManifest.xml:2:1-7:12
uses-sdk defined in both files...
Merging uses-sdk with lower [androidx.compose.ui:ui-text-android:1.6.4] AndroidManifest.xml:5:5-44
Merging library manifest /home/work/.gradle/caches/transforms-4/e73fa152cde1e6f98df427b32aeed442/transformed/ui-tooling-preview-release/AndroidManifest.xml
Merging manifest with lower [androidx.compose.ui:ui-tooling-preview-android:1.6.4] AndroidManifest.xml:17:1-22:12
uses-sdk defined in both files...
Merging uses-sdk with lower [androidx.compose.ui:ui-tooling-preview-android:1.6.4] AndroidManifest.xml:20:5-44
Merging library manifest /home/work/.gradle/caches/transforms-4/5bc6e2ddca8335badaf97f477f1e4293/transformed/ui-graphics-release/AndroidManifest.xml
Merging manifest with lower [androidx.compose.ui:ui-graphics-android:1.6.4] AndroidManifest.xml:2:1-7:12
uses-sdk defined in both files...
Merging uses-sdk with lower [androidx.compose.ui:ui-graphics-android:1.6.4] AndroidManifest.xml:5:5-44
Merging library manifest /home/work/.gradle/caches/transforms-4/8b0a1dc338ddf4a7a9336bb42bcf218f/transformed/ui-test-manifest-1.6.4/AndroidManifest.xml
Merging manifest with lower [androidx.compose.ui:ui-test-manifest:1.6.4] AndroidManifest.xml:17:1-28:12
uses-sdk defined in both files...
Merging uses-sdk with lower [androidx.compose.ui:ui-test-manifest:1.6.4] AndroidManifest.xml:20:5-44
application defined in both files...
Merging application with lower [androidx.compose.ui:ui-test-manifest:1.6.4] AndroidManifest.xml:22:5-26:19
Adopted [activity: null]
Merging library manifest /home/work/.gradle/caches/transforms-4/53dfb837101cc8570fa397135ade4964/transformed/ui-tooling-release/AndroidManifest.xml
Merging manifest with lower [androidx.compose.ui:ui-tooling-android:1.6.4] AndroidManifest.xml:17:1-28:12
uses-sdk defined in both files...
Merging uses-sdk with lower [androidx.compose.ui:ui-tooling-android:1.6.4] AndroidManifest.xml:20:5-44
application defined in both files...
Merging application with lower [androidx.compose.ui:ui-tooling-android:1.6.4] AndroidManifest.xml:22:5-26:19
Adopted [activity: null]
Merging library manifest /home/work/.gradle/caches/transforms-4/99e7b40b04501308747efa568058b5a7/transformed/activity-compose-1.8.2/AndroidManifest.xml
Merging manifest with lower [androidx.activity:activity-compose:1.8.2] AndroidManifest.xml:2:1-7:12
uses-sdk defined in both files...
Merging uses-sdk with lower [androidx.activity:activity-compose:1.8.2] AndroidManifest.xml:5:5-44
Merging library manifest /home/work/.gradle/caches/transforms-4/2c883cd359a20d3dff7308fd75b76ba6/transformed/emoji2-1.3.0/AndroidManifest.xml
Merging manifest with lower [androidx.emoji2:emoji2:1.3.0] AndroidManifest.xml:17:1-35:12
uses-sdk defined in both files...
Merging uses-sdk with lower [androidx.emoji2:emoji2:1.3.0] AndroidManifest.xml:21:5-44
application defined in both files...
Merging application with lower [androidx.emoji2:emoji2:1.3.0] AndroidManifest.xml:23:5-33:19
Adopted [provider: null]
Merging library manifest /home/work/.gradle/caches/transforms-4/49736cba61bf7c2c4afa895dea62922e/transformed/lifecycle-process-2.7.0/AndroidManifest.xml
Merging manifest with lower [androidx.lifecycle:lifecycle-process:2.7.0] AndroidManifest.xml:17:1-35:12
uses-sdk defined in both files...
Merging uses-sdk with lower [androidx.lifecycle:lifecycle-process:2.7.0] AndroidManifest.xml:21:5-44
application defined in both files...
Merging application with lower [androidx.lifecycle:lifecycle-process:2.7.0] AndroidManifest.xml:23:5-33:19
provider#androidx.startup.InitializationProvider defined in both files...
Merging provider#androidx.startup.InitializationProvider with lower [androidx.lifecycle:lifecycle-process:2.7.0] AndroidManifest.xml:24:9-32:20
Adopted [meta-data: null]
Merging library manifest /home/work/.gradle/caches/transforms-4/330671933b3e491680735ff8685ce78b/transformed/lifecycle-livedata-core-2.7.0/AndroidManifest.xml
Merging manifest with lower [androidx.lifecycle:lifecycle-livedata-core:2.7.0] AndroidManifest.xml:17:1-22:12
uses-sdk defined in both files...
Merging uses-sdk with lower [androidx.lifecycle:lifecycle-livedata-core:2.7.0] AndroidManifest.xml:20:5-44
Merging library manifest /home/work/.gradle/caches/transforms-4/1c6ae362494740a87122d83b9ea3f00f/transformed/savedstate-ktx-1.2.1/AndroidManifest.xml
Merging manifest with lower [androidx.savedstate:savedstate-ktx:1.2.1] AndroidManifest.xml:17:1-22:12
uses-sdk defined in both files...
Merging uses-sdk with lower [androidx.savedstate:savedstate-ktx:1.2.1] AndroidManifest.xml:20:5-44
Merging library manifest /home/work/.gradle/caches/transforms-4/d263a73481621f9a07a1b657079178d9/transformed/savedstate-1.2.1/AndroidManifest.xml
Merging manifest with lower [androidx.savedstate:savedstate:1.2.1] AndroidManifest.xml:17:1-22:12
uses-sdk defined in both files...
Merging uses-sdk with lower [androidx.savedstate:savedstate:1.2.1] AndroidManifest.xml:20:5-44
Merging library manifest /home/work/.gradle/caches/transforms-4/0256e05e0f5feb2431e1b5ba811ca493/transformed/lifecycle-viewmodel-savedstate-2.7.0/AndroidManifest.xml
Merging manifest with lower [androidx.lifecycle:lifecycle-viewmodel-savedstate:2.7.0] AndroidManifest.xml:17:1-22:12
uses-sdk defined in both files...
Merging uses-sdk with lower [androidx.lifecycle:lifecycle-viewmodel-savedstate:2.7.0] AndroidManifest.xml:20:5-44
Merging library manifest /home/work/.gradle/caches/transforms-4/8d30544f7f393ef676ee11e23c532ea3/transformed/lifecycle-viewmodel-ktx-2.7.0/AndroidManifest.xml
Merging manifest with lower [androidx.lifecycle:lifecycle-viewmodel-ktx:2.7.0] AndroidManifest.xml:2:1-7:12
uses-sdk defined in both files...
Merging uses-sdk with lower [androidx.lifecycle:lifecycle-viewmodel-ktx:2.7.0] AndroidManifest.xml:5:5-44
Merging library manifest /home/work/.gradle/caches/transforms-4/14e9670e57b5357726d16598dcae8860/transformed/lifecycle-viewmodel-2.7.0/AndroidManifest.xml
Merging manifest with lower [androidx.lifecycle:lifecycle-viewmodel:2.7.0] AndroidManifest.xml:17:1-22:12
uses-sdk defined in both files...
Merging uses-sdk with lower [androidx.lifecycle:lifecycle-viewmodel:2.7.0] AndroidManifest.xml:20:5-44
Merging library manifest /home/work/.gradle/caches/transforms-4/c8a3dd1570f09a3a1ae256af99533305/transformed/lifecycle-runtime-2.7.0/AndroidManifest.xml
Merging manifest with lower [androidx.lifecycle:lifecycle-runtime:2.7.0] AndroidManifest.xml:2:1-7:12
uses-sdk defined in both files...
Merging uses-sdk with lower [androidx.lifecycle:lifecycle-runtime:2.7.0] AndroidManifest.xml:5:5-44
Merging library manifest /home/work/.gradle/caches/transforms-4/c059ae3f656ca7d2252a3066b83ccb4d/transformed/lifecycle-runtime-compose-2.7.0/AndroidManifest.xml
Merging manifest with lower [androidx.lifecycle:lifecycle-runtime-compose:2.7.0] AndroidManifest.xml:2:1-7:12
uses-sdk defined in both files...
Merging uses-sdk with lower [androidx.lifecycle:lifecycle-runtime-compose:2.7.0] AndroidManifest.xml:5:5-44
Merging library manifest /home/work/.gradle/caches/transforms-4/6629fe5921a0c459c28e3a2d7dab383b/transformed/lifecycle-runtime-ktx-2.7.0/AndroidManifest.xml
Merging manifest with lower [androidx.lifecycle:lifecycle-runtime-ktx:2.7.0] AndroidManifest.xml:17:1-22:12
uses-sdk defined in both files...
Merging uses-sdk with lower [androidx.lifecycle:lifecycle-runtime-ktx:2.7.0] AndroidManifest.xml:20:5-44
Merging library manifest /home/work/.gradle/caches/transforms-4/aec69a1504fe974cfb651229438fc8a7/transformed/lifecycle-viewmodel-compose-2.7.0/AndroidManifest.xml
Merging manifest with lower [androidx.lifecycle:lifecycle-viewmodel-compose:2.7.0] AndroidManifest.xml:2:1-7:12
uses-sdk defined in both files...
Merging uses-sdk with lower [androidx.lifecycle:lifecycle-viewmodel-compose:2.7.0] AndroidManifest.xml:5:5-44
Merging library manifest /home/work/.gradle/caches/transforms-4/8e41a17455f12350e19d821abd7ca6a3/transformed/ui-release/AndroidManifest.xml
Merging manifest with lower [androidx.compose.ui:ui-android:1.6.4] AndroidManifest.xml:2:1-7:12
uses-sdk defined in both files...
Merging uses-sdk with lower [androidx.compose.ui:ui-android:1.6.4] AndroidManifest.xml:5:5-44
Merging library manifest /home/work/.gradle/caches/transforms-4/1f0d4fa644b2fa83f43396a6092fb5d6/transformed/autofill-1.0.0/AndroidManifest.xml
Merging manifest with lower [androidx.autofill:autofill:1.0.0] AndroidManifest.xml:17:1-24:12
uses-sdk defined in both files...
Merging uses-sdk with lower [androidx.autofill:autofill:1.0.0] AndroidManifest.xml:20:5-22:41
Merging library manifest /home/work/.gradle/caches/transforms-4/e7ac923e151a5f6c2b7920ce86dfcf41/transformed/core-1.12.0/AndroidManifest.xml
Merging manifest with lower [androidx.core:core:1.12.0] AndroidManifest.xml:17:1-30:12
uses-sdk defined in both files...
Merging uses-sdk with lower [androidx.core:core:1.12.0] AndroidManifest.xml:20:5-44
Adopted [permission: null]
Adopted [uses-permission: null]
application defined in both files...
Merging application with lower [androidx.core:core:1.12.0] AndroidManifest.xml:28:5-89
Merging library manifest /home/work/.gradle/caches/transforms-4/4d0918fac81194817bd56c165cb19099/transformed/customview-poolingcontainer-1.0.0/AndroidManifest.xml
Merging manifest with lower [androidx.customview:customview-poolingcontainer:1.0.0] AndroidManifest.xml:17:1-23:12
uses-sdk defined in both files...
Merging uses-sdk with lower [androidx.customview:customview-poolingcontainer:1.0.0] AndroidManifest.xml:20:5-21:38
Merging library manifest /home/work/.gradle/caches/transforms-4/e3f8ae677022e34f10fc61d9bc95b3fe/transformed/core-ktx-1.12.0/AndroidManifest.xml
Merging manifest with lower [androidx.core:core-ktx:1.12.0] AndroidManifest.xml:2:1-7:12
uses-sdk defined in both files...
Merging uses-sdk with lower [androidx.core:core-ktx:1.12.0] AndroidManifest.xml:5:5-44
Merging library manifest /home/work/.gradle/caches/transforms-4/6dd1d69683217082b68a1485e87e4628/transformed/room-runtime-2.6.1/AndroidManifest.xml
Merging manifest with lower [androidx.room:room-runtime:2.6.1] AndroidManifest.xml:17:1-31:12
uses-sdk defined in both files...
Merging uses-sdk with lower [androidx.room:room-runtime:2.6.1] AndroidManifest.xml:21:5-44
application defined in both files...
Merging application with lower [androidx.room:room-runtime:2.6.1] AndroidManifest.xml:23:5-29:19
Adopted [service: null]
Merging library manifest /home/work/.gradle/caches/transforms-4/16aba03a6df4631803bd1b93a2df4246/transformed/room-ktx-2.6.1/AndroidManifest.xml
Merging manifest with lower [androidx.room:room-ktx:2.6.1] AndroidManifest.xml:17:1-22:12
uses-sdk defined in both files...
Merging uses-sdk with lower [androidx.room:room-ktx:2.6.1] AndroidManifest.xml:20:5-44
Merging library manifest /home/work/.gradle/caches/transforms-4/8f5a0e3b0bf5bb578801c1520008a24a/transformed/datastore-preferences-1.0.0/AndroidManifest.xml
Merging manifest with lower [androidx.datastore:datastore-preferences:1.0.0] AndroidManifest.xml:17:1-24:12
uses-sdk defined in both files...
Merging uses-sdk with lower [androidx.datastore:datastore-preferences:1.0.0] AndroidManifest.xml:20:5-22:41
Merging library manifest /home/work/.gradle/caches/transforms-4/6f75ef7bddfad6ababb0e969da722b7c/transformed/sqlite-framework-2.4.0/AndroidManifest.xml
Merging manifest with lower [androidx.sqlite:sqlite-framework:2.4.0] AndroidManifest.xml:17:1-22:12
uses-sdk defined in both files...
Merging uses-sdk with lower [androidx.sqlite:sqlite-framework:2.4.0] AndroidManifest.xml:20:5-44
Merging library manifest /home/work/.gradle/caches/transforms-4/193a9ec678b971d5f3c7549b1a7af662/transformed/sqlite-2.4.0/AndroidManifest.xml
Merging manifest with lower [androidx.sqlite:sqlite:2.4.0] AndroidManifest.xml:17:1-22:12
uses-sdk defined in both files...
Merging uses-sdk with lower [androidx.sqlite:sqlite:2.4.0] AndroidManifest.xml:20:5-44
Merging library manifest /home/work/.gradle/caches/transforms-4/53b4e8308df4e480a8d105867e378376/transformed/datastore-1.0.0/AndroidManifest.xml
Merging manifest with lower [androidx.datastore:datastore:1.0.0] AndroidManifest.xml:17:1-24:12
uses-sdk defined in both files...
Merging uses-sdk with lower [androidx.datastore:datastore:1.0.0] AndroidManifest.xml:20:5-22:41
Merging library manifest /home/work/.gradle/caches/transforms-4/12f0d85e3fc71c77ca64d46e4efe1176/transformed/runtime-saveable-release/AndroidManifest.xml
Merging manifest with lower [androidx.compose.runtime:runtime-saveable-android:1.6.4] AndroidManifest.xml:2:1-7:12
uses-sdk defined in both files...
Merging uses-sdk with lower [androidx.compose.runtime:runtime-saveable-android:1.6.4] AndroidManifest.xml:5:5-44
Merging library manifest /home/work/.gradle/caches/transforms-4/c6ca1d71f5553f2dcf4b73060031cf57/transformed/runtime-release/AndroidManifest.xml
Merging manifest with lower [androidx.compose.runtime:runtime-android:1.6.4] AndroidManifest.xml:2:1-7:12
uses-sdk defined in both files...
Merging uses-sdk with lower [androidx.compose.runtime:runtime-android:1.6.4] AndroidManifest.xml:5:5-44
Merging library manifest /home/work/.gradle/caches/transforms-4/c422215d4ecc0f7671ad193841b11f35/transformed/annotation-experimental-1.4.0/AndroidManifest.xml
Merging manifest with lower [androidx.annotation:annotation-experimental:1.4.0] AndroidManifest.xml:2:1-7:12
uses-sdk defined in both files...
Merging uses-sdk with lower [androidx.annotation:annotation-experimental:1.4.0] AndroidManifest.xml:5:5-44
Merging library manifest /home/work/.gradle/caches/transforms-4/03c1684486fde00bc2b40e4a64902b2a/transformed/versionedparcelable-1.1.1/AndroidManifest.xml
Merging manifest with lower [androidx.versionedparcelable:versionedparcelable:1.1.1] AndroidManifest.xml:17:1-27:12
uses-sdk defined in both files...
Merging uses-sdk with lower [androidx.versionedparcelable:versionedparcelable:1.1.1] AndroidManifest.xml:20:5-22:41
application defined in both files...
Merging application with lower [androidx.versionedparcelable:versionedparcelable:1.1.1] AndroidManifest.xml:24:5-25:19
Merging library manifest /home/work/.gradle/caches/transforms-4/4b895aacf88399647e113a4b46c4f32e/transformed/core-runtime-2.2.0/AndroidManifest.xml
Merging manifest with lower [androidx.arch.core:core-runtime:2.2.0] AndroidManifest.xml:17:1-22:12
uses-sdk defined in both files...
Merging uses-sdk with lower [androidx.arch.core:core-runtime:2.2.0] AndroidManifest.xml:20:5-44
Merging library manifest /home/work/.gradle/caches/transforms-4/ca5720815127479342f15362fd7f1c0a/transformed/interpolator-1.0.0/AndroidManifest.xml
Merging manifest with lower [androidx.interpolator:interpolator:1.0.0] AndroidManifest.xml:17:1-22:12
uses-sdk defined in both files...
Merging uses-sdk with lower [androidx.interpolator:interpolator:1.0.0] AndroidManifest.xml:20:5-44
Merging library manifest /home/work/.gradle/caches/transforms-4/caa965e6ddc8db71b5af1783cb9bedf4/transformed/profileinstaller-1.3.0/AndroidManifest.xml
Merging manifest with lower [androidx.profileinstaller:profileinstaller:1.3.0] AndroidManifest.xml:17:1-55:12
uses-sdk defined in both files...
Merging uses-sdk with lower [androidx.profileinstaller:profileinstaller:1.3.0] AndroidManifest.xml:21:5-44
application defined in both files...
Merging application with lower [androidx.profileinstaller:profileinstaller:1.3.0] AndroidManifest.xml:23:5-53:19
provider#androidx.startup.InitializationProvider defined in both files...
Merging provider#androidx.startup.InitializationProvider with lower [androidx.profileinstaller:profileinstaller:1.3.0] AndroidManifest.xml:24:9-32:20
Adopted [meta-data: null]
Adopted [receiver: null]
Merging library manifest /home/work/.gradle/caches/transforms-4/816ce26281626c774af1d0532f13d024/transformed/startup-runtime-1.1.1/AndroidManifest.xml
Merging manifest with lower [androidx.startup:startup-runtime:1.1.1] AndroidManifest.xml:17:1-33:12
uses-sdk defined in both files...
Merging uses-sdk with lower [androidx.startup:startup-runtime:1.1.1] AndroidManifest.xml:21:5-23:41
application defined in both files...
Merging application with lower [androidx.startup:startup-runtime:1.1.1] AndroidManifest.xml:25:5-31:19
provider#androidx.startup.InitializationProvider defined in both files...
Merging provider#androidx.startup.InitializationProvider with lower [androidx.startup:startup-runtime:1.1.1] AndroidManifest.xml:26:9-30:34
Merging library manifest /home/work/.gradle/caches/transforms-4/233d4655400db9c478b7a397c3ed773f/transformed/tracing-1.0.0/AndroidManifest.xml
Merging manifest with lower [androidx.tracing:tracing:1.0.0] AndroidManifest.xml:17:1-24:12
uses-sdk defined in both files...
Merging uses-sdk with lower [androidx.tracing:tracing:1.0.0] AndroidManifest.xml:20:5-22:41
Merging result: SUCCESS
1<?xml version="1.0" encoding="utf-8"?>
2<manifest xmlns:android="http://schemas.android.com/apk/res/android"
3    package="com.novelseek.ultra"
4    android:versionCode="1"
5    android:versionName="1.0.0" >
6
7    <uses-sdk
8        android:minSdkVersion="24"
9        android:targetSdkVersion="34" />
10
11    <uses-permission android:name="android.permission.INTERNET" />
11-->/home/work/dumate/38de3a359c754da5801d140c2e404f0f/workspace/ses_gffe5f74c56b80ffeEC2z3n6Op3yk0K/NovelSeekUltra/app/src/main/AndroidManifest.xml:5:5-67
11-->/home/work/dumate/38de3a359c754da5801d140c2e404f0f/workspace/ses_gffe5f74c56b80ffeEC2z3n6Op3yk0K/NovelSeekUltra/app/src/main/AndroidManifest.xml:5:22-64
12    <uses-permission android:name="android.permission.ACCESS_NETWORK_STATE" />
12-->/home/work/dumate/38de3a359c754da5801d140c2e404f0f/workspace/ses_gffe5f74c56b80ffeEC2z3n6Op3yk0K/NovelSeekUltra/app/src/main/AndroidManifest.xml:6:5-79
12-->/home/work/dumate/38de3a359c754da5801d140c2e404f0f/workspace/ses_gffe5f74c56b80ffeEC2z3n6Op3yk0K/NovelSeekUltra/app/src/main/AndroidManifest.xml:6:22-76
13
14    <permission
14-->[androidx.core:core:1.12.0] /home/work/.gradle/caches/transforms-4/e7ac923e151a5f6c2b7920ce86dfcf41/transformed/core-1.12.0/AndroidManifest.xml:22:5-24:47
15        android:name="com.novelseek.ultra.DYNAMIC_RECEIVER_NOT_EXPORTED_PERMISSION"
15-->[androidx.core:core:1.12.0] /home/work/.gradle/caches/transforms-4/e7ac923e151a5f6c2b7920ce86dfcf41/transformed/core-1.12.0/AndroidManifest.xml:23:9-81
16        android:protectionLevel="signature" />
16-->[androidx.core:core:1.12.0] /home/work/.gradle/caches/transforms-4/e7ac923e151a5f6c2b7920ce86dfcf41/transformed/core-1.12.0/AndroidManifest.xml:24:9-44
17
18    <uses-permission android:name="com.novelseek.ultra.DYNAMIC_RECEIVER_NOT_EXPORTED_PERMISSION" />
18-->[androidx.core:core:1.12.0] /home/work/.gradle/caches/transforms-4/e7ac923e151a5f6c2b7920ce86dfcf41/transformed/core-1.12.0/AndroidManifest.xml:26:5-97
18-->[androidx.core:core:1.12.0] /home/work/.gradle/caches/transforms-4/e7ac923e151a5f6c2b7920ce86dfcf41/transformed/core-1.12.0/AndroidManifest.xml:26:22-94
19
20    <application
20-->/home/work/dumate/38de3a359c754da5801d140c2e404f0f/workspace/ses_gffe5f74c56b80ffeEC2z3n6Op3yk0K/NovelSeekUltra/app/src/main/AndroidManifest.xml:8:5-29:19
21        android:name="com.novelseek.ultra.NovelSeekApplication"
21-->/home/work/dumate/38de3a359c754da5801d140c2e404f0f/workspace/ses_gffe5f74c56b80ffeEC2z3n6Op3yk0K/NovelSeekUltra/app/src/main/AndroidManifest.xml:9:9-45
22        android:allowBackup="true"
22-->/home/work/dumate/38de3a359c754da5801d140c2e404f0f/workspace/ses_gffe5f74c56b80ffeEC2z3n6Op3yk0K/NovelSeekUltra/app/src/main/AndroidManifest.xml:10:9-35
23        android:appComponentFactory="androidx.core.app.CoreComponentFactory"
23-->[androidx.core:core:1.12.0] /home/work/.gradle/caches/transforms-4/e7ac923e151a5f6c2b7920ce86dfcf41/transformed/core-1.12.0/AndroidManifest.xml:28:18-86
24        android:debuggable="true"
25        android:extractNativeLibs="false"
26        android:icon="@mipmap/ic_launcher"
26-->/home/work/dumate/38de3a359c754da5801d140c2e404f0f/workspace/ses_gffe5f74c56b80ffeEC2z3n6Op3yk0K/NovelSeekUltra/app/src/main/AndroidManifest.xml:11:9-43
27        android:label="@string/app_name"
27-->/home/work/dumate/38de3a359c754da5801d140c2e404f0f/workspace/ses_gffe5f74c56b80ffeEC2z3n6Op3yk0K/NovelSeekUltra/app/src/main/AndroidManifest.xml:12:9-41
28        android:networkSecurityConfig="@xml/network_security_config"
28-->/home/work/dumate/38de3a359c754da5801d140c2e404f0f/workspace/ses_gffe5f74c56b80ffeEC2z3n6Op3yk0K/NovelSeekUltra/app/src/main/AndroidManifest.xml:16:9-69
29        android:roundIcon="@mipmap/ic_launcher_round"
29-->/home/work/dumate/38de3a359c754da5801d140c2e404f0f/workspace/ses_gffe5f74c56b80ffeEC2z3n6Op3yk0K/NovelSeekUltra/app/src/main/AndroidManifest.xml:13:9-54
30        android:supportsRtl="true"
30-->/home/work/dumate/38de3a359c754da5801d140c2e404f0f/workspace/ses_gffe5f74c56b80ffeEC2z3n6Op3yk0K/NovelSeekUltra/app/src/main/AndroidManifest.xml:14:9-35
31        android:theme="@style/Theme.NovelSeekUltra"
31-->/home/work/dumate/38de3a359c754da5801d140c2e404f0f/workspace/ses_gffe5f74c56b80ffeEC2z3n6Op3yk0K/NovelSeekUltra/app/src/main/AndroidManifest.xml:15:9-52
32        android:usesCleartextTraffic="true" >
32-->/home/work/dumate/38de3a359c754da5801d140c2e404f0f/workspace/ses_gffe5f74c56b80ffeEC2z3n6Op3yk0K/NovelSeekUltra/app/src/main/AndroidManifest.xml:17:9-44
33        <activity
33-->/home/work/dumate/38de3a359c754da5801d140c2e404f0f/workspace/ses_gffe5f74c56b80ffeEC2z3n6Op3yk0K/NovelSeekUltra/app/src/main/AndroidManifest.xml:19:9-27:20
34            android:name="com.novelseek.ultra.MainActivity"
34-->/home/work/dumate/38de3a359c754da5801d140c2e404f0f/workspace/ses_gffe5f74c56b80ffeEC2z3n6Op3yk0K/NovelSeekUltra/app/src/main/AndroidManifest.xml:20:13-41
35            android:exported="true"
35-->/home/work/dumate/38de3a359c754da5801d140c2e404f0f/workspace/ses_gffe5f74c56b80ffeEC2z3n6Op3yk0K/NovelSeekUltra/app/src/main/AndroidManifest.xml:21:13-36
36            android:theme="@style/Theme.NovelSeekUltra" >
36-->/home/work/dumate/38de3a359c754da5801d140c2e404f0f/workspace/ses_gffe5f74c56b80ffeEC2z3n6Op3yk0K/NovelSeekUltra/app/src/main/AndroidManifest.xml:22:13-56
37            <intent-filter>
37-->/home/work/dumate/38de3a359c754da5801d140c2e404f0f/workspace/ses_gffe5f74c56b80ffeEC2z3n6Op3yk0K/NovelSeekUltra/app/src/main/AndroidManifest.xml:23:13-26:29
38                <action android:name="android.intent.action.MAIN" />
38-->/home/work/dumate/38de3a359c754da5801d140c2e404f0f/workspace/ses_gffe5f74c56b80ffeEC2z3n6Op3yk0K/NovelSeekUltra/app/src/main/AndroidManifest.xml:24:17-69
38-->/home/work/dumate/38de3a359c754da5801d140c2e404f0f/workspace/ses_gffe5f74c56b80ffeEC2z3n6Op3yk0K/NovelSeekUltra/app/src/main/AndroidManifest.xml:24:25-66
39
40                <category android:name="android.intent.category.LAUNCHER" />
40-->/home/work/dumate/38de3a359c754da5801d140c2e404f0f/workspace/ses_gffe5f74c56b80ffeEC2z3n6Op3yk0K/NovelSeekUltra/app/src/main/AndroidManifest.xml:25:17-77
40-->/home/work/dumate/38de3a359c754da5801d140c2e404f0f/workspace/ses_gffe5f74c56b80ffeEC2z3n6Op3yk0K/NovelSeekUltra/app/src/main/AndroidManifest.xml:25:27-74
41            </intent-filter>
42        </activity>
43        <activity
43-->[androidx.compose.ui:ui-test-manifest:1.6.4] /home/work/.gradle/caches/transforms-4/8b0a1dc338ddf4a7a9336bb42bcf218f/transformed/ui-test-manifest-1.6.4/AndroidManifest.xml:23:9-25:39
44            android:name="androidx.activity.ComponentActivity"
44-->[androidx.compose.ui:ui-test-manifest:1.6.4] /home/work/.gradle/caches/transforms-4/8b0a1dc338ddf4a7a9336bb42bcf218f/transformed/ui-test-manifest-1.6.4/AndroidManifest.xml:24:13-63
45            android:exported="true" />
45-->[androidx.compose.ui:ui-test-manifest:1.6.4] /home/work/.gradle/caches/transforms-4/8b0a1dc338ddf4a7a9336bb42bcf218f/transformed/ui-test-manifest-1.6.4/AndroidManifest.xml:25:13-36
46        <activity
46-->[androidx.compose.ui:ui-tooling-android:1.6.4] /home/work/.gradle/caches/transforms-4/53dfb837101cc8570fa397135ade4964/transformed/ui-tooling-release/AndroidManifest.xml:23:9-25:39
47            android:name="androidx.compose.ui.tooling.PreviewActivity"
47-->[androidx.compose.ui:ui-tooling-android:1.6.4] /home/work/.gradle/caches/transforms-4/53dfb837101cc8570fa397135ade4964/transformed/ui-tooling-release/AndroidManifest.xml:24:13-71
48            android:exported="true" />
48-->[androidx.compose.ui:ui-tooling-android:1.6.4] /home/work/.gradle/caches/transforms-4/53dfb837101cc8570fa397135ade4964/transformed/ui-tooling-release/AndroidManifest.xml:25:13-36
49
50        <provider
50-->[androidx.emoji2:emoji2:1.3.0] /home/work/.gradle/caches/transforms-4/2c883cd359a20d3dff7308fd75b76ba6/transformed/emoji2-1.3.0/AndroidManifest.xml:24:9-32:20
51            android:name="androidx.startup.InitializationProvider"
51-->[androidx.emoji2:emoji2:1.3.0] /home/work/.gradle/caches/transforms-4/2c883cd359a20d3dff7308fd75b76ba6/transformed/emoji2-1.3.0/AndroidManifest.xml:25:13-67
52            android:authorities="com.novelseek.ultra.androidx-startup"
52-->[androidx.emoji2:emoji2:1.3.0] /home/work/.gradle/caches/transforms-4/2c883cd359a20d3dff7308fd75b76ba6/transformed/emoji2-1.3.0/AndroidManifest.xml:26:13-68
53            android:exported="false" >
53-->[androidx.emoji2:emoji2:1.3.0] /home/work/.gradle/caches/transforms-4/2c883cd359a20d3dff7308fd75b76ba6/transformed/emoji2-1.3.0/AndroidManifest.xml:27:13-37
54            <meta-data
54-->[androidx.emoji2:emoji2:1.3.0] /home/work/.gradle/caches/transforms-4/2c883cd359a20d3dff7308fd75b76ba6/transformed/emoji2-1.3.0/AndroidManifest.xml:29:13-31:52
55                android:name="androidx.emoji2.text.EmojiCompatInitializer"
55-->[androidx.emoji2:emoji2:1.3.0] /home/work/.gradle/caches/transforms-4/2c883cd359a20d3dff7308fd75b76ba6/transformed/emoji2-1.3.0/AndroidManifest.xml:30:17-75
56                android:value="androidx.startup" />
56-->[androidx.emoji2:emoji2:1.3.0] /home/work/.gradle/caches/transforms-4/2c883cd359a20d3dff7308fd75b76ba6/transformed/emoji2-1.3.0/AndroidManifest.xml:31:17-49
57            <meta-data
57-->[androidx.lifecycle:lifecycle-process:2.7.0] /home/work/.gradle/caches/transforms-4/49736cba61bf7c2c4afa895dea62922e/transformed/lifecycle-process-2.7.0/AndroidManifest.xml:29:13-31:52
58                android:name="androidx.lifecycle.ProcessLifecycleInitializer"
58-->[androidx.lifecycle:lifecycle-process:2.7.0] /home/work/.gradle/caches/transforms-4/49736cba61bf7c2c4afa895dea62922e/transformed/lifecycle-process-2.7.0/AndroidManifest.xml:30:17-78
59                android:value="androidx.startup" />
59-->[androidx.lifecycle:lifecycle-process:2.7.0] /home/work/.gradle/caches/transforms-4/49736cba61bf7c2c4afa895dea62922e/transformed/lifecycle-process-2.7.0/AndroidManifest.xml:31:17-49
60            <meta-data
60-->[androidx.profileinstaller:profileinstaller:1.3.0] /home/work/.gradle/caches/transforms-4/caa965e6ddc8db71b5af1783cb9bedf4/transformed/profileinstaller-1.3.0/AndroidManifest.xml:29:13-31:52
61                android:name="androidx.profileinstaller.ProfileInstallerInitializer"
61-->[androidx.profileinstaller:profileinstaller:1.3.0] /home/work/.gradle/caches/transforms-4/caa965e6ddc8db71b5af1783cb9bedf4/transformed/profileinstaller-1.3.0/AndroidManifest.xml:30:17-85
62                android:value="androidx.startup" />
62-->[androidx.profileinstaller:profileinstaller:1.3.0] /home/work/.gradle/caches/transforms-4/caa965e6ddc8db71b5af1783cb9bedf4/transformed/profileinstaller-1.3.0/AndroidManifest.xml:31:17-49
63        </provider>
64
65        <service
65-->[androidx.room:room-runtime:2.6.1] /home/work/.gradle/caches/transforms-4/6dd1d69683217082b68a1485e87e4628/transformed/room-runtime-2.6.1/AndroidManifest.xml:24:9-28:63
66            android:name="androidx.room.MultiInstanceInvalidationService"
66-->[androidx.room:room-runtime:2.6.1] /home/work/.gradle/caches/transforms-4/6dd1d69683217082b68a1485e87e4628/transformed/room-runtime-2.6.1/AndroidManifest.xml:25:13-74
67            android:directBootAware="true"
67-->[androidx.room:room-runtime:2.6.1] /home/work/.gradle/caches/transforms-4/6dd1d69683217082b68a1485e87e4628/transformed/room-runtime-2.6.1/AndroidManifest.xml:26:13-43
68            android:exported="false" />
68-->[androidx.room:room-runtime:2.6.1] /home/work/.gradle/caches/transforms-4/6dd1d69683217082b68a1485e87e4628/transformed/room-runtime-2.6.1/AndroidManifest.xml:27:13-37
69
70        <receiver
70-->[androidx.profileinstaller:profileinstaller:1.3.0] /home/work/.gradle/caches/transforms-4/caa965e6ddc8db71b5af1783cb9bedf4/transformed/profileinstaller-1.3.0/AndroidManifest.xml:34:9-52:20
71            android:name="androidx.profileinstaller.ProfileInstallReceiver"
71-->[androidx.profileinstaller:profileinstaller:1.3.0] /home/work/.gradle/caches/transforms-4/caa965e6ddc8db71b5af1783cb9bedf4/transformed/profileinstaller-1.3.0/AndroidManifest.xml:35:13-76
72            android:directBootAware="false"
72-->[androidx.profileinstaller:profileinstaller:1.3.0] /home/work/.gradle/caches/transforms-4/caa965e6ddc8db71b5af1783cb9bedf4/transformed/profileinstaller-1.3.0/AndroidManifest.xml:36:13-44
73            android:enabled="true"
73-->[androidx.profileinstaller:profileinstaller:1.3.0] /home/work/.gradle/caches/transforms-4/caa965e6ddc8db71b5af1783cb9bedf4/transformed/profileinstaller-1.3.0/AndroidManifest.xml:37:13-35
74            android:exported="true"
74-->[androidx.profileinstaller:profileinstaller:1.3.0] /home/work/.gradle/caches/transforms-4/caa965e6ddc8db71b5af1783cb9bedf4/transformed/profileinstaller-1.3.0/AndroidManifest.xml:38:13-36
75            android:permission="android.permission.DUMP" >
75-->[androidx.profileinstaller:profileinstaller:1.3.0] /home/work/.gradle/caches/transforms-4/caa965e6ddc8db71b5af1783cb9bedf4/transformed/profileinstaller-1.3.0/AndroidManifest.xml:39:13-57
76            <intent-filter>
76-->[androidx.profileinstaller:profileinstaller:1.3.0] /home/work/.gradle/caches/transforms-4/caa965e6ddc8db71b5af1783cb9bedf4/transformed/profileinstaller-1.3.0/AndroidManifest.xml:40:13-42:29
77                <action android:name="androidx.profileinstaller.action.INSTALL_PROFILE" />
77-->[androidx.profileinstaller:profileinstaller:1.3.0] /home/work/.gradle/caches/transforms-4/caa965e6ddc8db71b5af1783cb9bedf4/transformed/profileinstaller-1.3.0/AndroidManifest.xml:41:17-91
77-->[androidx.profileinstaller:profileinstaller:1.3.0] /home/work/.gradle/caches/transforms-4/caa965e6ddc8db71b5af1783cb9bedf4/transformed/profileinstaller-1.3.0/AndroidManifest.xml:41:25-88
78            </intent-filter>
79            <intent-filter>
79-->[androidx.profileinstaller:profileinstaller:1.3.0] /home/work/.gradle/caches/transforms-4/caa965e6ddc8db71b5af1783cb9bedf4/transformed/profileinstaller-1.3.0/AndroidManifest.xml:43:13-45:29
80                <action android:name="androidx.profileinstaller.action.SKIP_FILE" />
80-->[androidx.profileinstaller:profileinstaller:1.3.0] /home/work/.gradle/caches/transforms-4/caa965e6ddc8db71b5af1783cb9bedf4/transformed/profileinstaller-1.3.0/AndroidManifest.xml:44:17-85
80-->[androidx.profileinstaller:profileinstaller:1.3.0] /home/work/.gradle/caches/transforms-4/caa965e6ddc8db71b5af1783cb9bedf4/transformed/profileinstaller-1.3.0/AndroidManifest.xml:44:25-82
81            </intent-filter>
82            <intent-filter>
82-->[androidx.profileinstaller:profileinstaller:1.3.0] /home/work/.gradle/caches/transforms-4/caa965e6ddc8db71b5af1783cb9bedf4/transformed/profileinstaller-1.3.0/AndroidManifest.xml:46:13-48:29
83                <action android:name="androidx.profileinstaller.action.SAVE_PROFILE" />
83-->[androidx.profileinstaller:profileinstaller:1.3.0] /home/work/.gradle/caches/transforms-4/caa965e6ddc8db71b5af1783cb9bedf4/transformed/profileinstaller-1.3.0/AndroidManifest.xml:47:17-88
83-->[androidx.profileinstaller:profileinstaller:1.3.0] /home/work/.gradle/caches/transforms-4/caa965e6ddc8db71b5af1783cb9bedf4/transformed/profileinstaller-1.3.0/AndroidManifest.xml:47:25-85
84            </intent-filter>
85            <intent-filter>
85-->[androidx.profileinstaller:profileinstaller:1.3.0] /home/work/.gradle/caches/transforms-4/caa965e6ddc8db71b5af1783cb9bedf4/transformed/profileinstaller-1.3.0/AndroidManifest.xml:49:13-51:29
86                <action android:name="androidx.profileinstaller.action.BENCHMARK_OPERATION" />
86-->[androidx.profileinstaller:profileinstaller:1.3.0] /home/work/.gradle/caches/transforms-4/caa965e6ddc8db71b5af1783cb9bedf4/transformed/profileinstaller-1.3.0/AndroidManifest.xml:50:17-95
86-->[androidx.profileinstaller:profileinstaller:1.3.0] /home/work/.gradle/caches/transforms-4/caa965e6ddc8db71b5af1783cb9bedf4/transformed/profileinstaller-1.3.0/AndroidManifest.xml:50:25-92
87            </intent-filter>
88        </receiver>
89    </application>
90
91</manifest>

Merged manifest saved to /home/work/dumate/38de3a359c754da5801d140c2e404f0f/workspace/ses_gffe5f74c56b80ffeEC2z3n6Op3yk0K/NovelSeekUltra/app/build/intermediates/merged_manifest/debug/processDebugMainManifest/AndroidManifest.xml
Resolve mutations for :app:processDebugManifest (Thread[Execution worker,5,main]) started.
:app:processDebugManifest (Thread[Execution worker,5,main]) started.

> Task :app:processDebugManifest
Caching disabled for task ':app:processDebugManifest' because:
  Build cache is disabled
Task ':app:processDebugManifest' is not up-to-date because:
  No history is available.
Resolve mutations for :app:processDebugManifestForPackage (Thread[Execution worker,5,main]) started.
:app:processDebugManifestForPackage (Thread[Execution worker,5,main]) started.

> Task :app:mergeDebugResources
Compiling XML table /home/work/dumate/38de3a359c754da5801d140c2e404f0f/workspace/ses_gffe5f74c56b80ffeEC2z3n6Op3yk0K/NovelSeekUltra/app/build/intermediates/incremental/debug/mergeDebugResources/merged.dir/values-ar/values-ar.xml to /home/work/dumate/38de3a359c754da5801d140c2e404f0f/workspace/ses_gffe5f74c56b80ffeEC2z3n6Op3yk0K/NovelSeekUltra/app/build/intermediates/merged_res/debug/mergeDebugResources/values-ar_values-ar.arsc.flat
Compiling XML table /home/work/dumate/38de3a359c754da5801d140c2e404f0f/workspace/ses_gffe5f74c56b80ffeEC2z3n6Op3yk0K/NovelSeekUltra/app/build/intermediates/incremental/debug/mergeDebugResources/merged.dir/values-vi/values-vi.xml to /home/work/dumate/38de3a359c754da5801d140c2e404f0f/workspace/ses_gffe5f74c56b80ffeEC2z3n6Op3yk0K/NovelSeekUltra/app/build/intermediates/merged_res/debug/mergeDebugResources/values-vi_values-vi.arsc.flat
Compiling XML table /home/work/dumate/38de3a359c754da5801d140c2e404f0f/workspace/ses_gffe5f74c56b80ffeEC2z3n6Op3yk0K/NovelSeekUltra/app/build/intermediates/incremental/debug/mergeDebugResources/merged.dir/values-v21/values-v21.xml to /home/work/dumate/38de3a359c754da5801d140c2e404f0f/workspace/ses_gffe5f74c56b80ffeEC2z3n6Op3yk0K/NovelSeekUltra/app/build/intermediates/merged_res/debug/mergeDebugResources/values-v21_values-v21.arsc.flat
Compiling XML table /home/work/dumate/38de3a359c754da5801d140c2e404f0f/workspace/ses_gffe5f74c56b80ffeEC2z3n6Op3yk0K/NovelSeekUltra/app/build/intermediates/incremental/debug/mergeDebugResources/merged.dir/values-ja/values-ja.xml to /home/work/dumate/38de3a359c754da5801d140c2e404f0f/workspace/ses_gffe5f74c56b80ffeEC2z3n6Op3yk0K/NovelSeekUltra/app/build/intermediates/merged_res/debug/mergeDebugResources/values-ja_values-ja.arsc.flat
Compiling XML table /home/work/dumate/38de3a359c754da5801d140c2e404f0f/workspace/ses_gffe5f74c56b80ffeEC2z3n6Op3yk0K/NovelSeekUltra/app/build/intermediates/incremental/debug/mergeDebugResources/merged.dir/values-az/values-az.xml to /home/work/dumate/38de3a359c754da5801d140c2e404f0f/workspace/ses_gffe5f74c56b80ffeEC2z3n6Op3yk0K/NovelSeekUltra/app/build/intermediates/merged_res/debug/mergeDebugResources/values-az_values-az.arsc.flat
Compiling XML table /home/work/dumate/38de3a359c754da5801d140c2e404f0f/workspace/ses_gffe5f74c56b80ffeEC2z3n6Op3yk0K/NovelSeekUltra/app/build/intermediates/incremental/debug/mergeDebugResources/merged.dir/values-zu/values-zu.xml to /home/work/dumate/38de3a359c754da5801d140c2e404f0f/workspace/ses_gffe5f74c56b80ffeEC2z3n6Op3yk0K/NovelSeekUltra/app/build/intermediates/merged_res/debug/mergeDebugResources/values-zu_values-zu.arsc.flat
Compiling XML table /home/work/dumate/38de3a359c754da5801d140c2e404f0f/workspace/ses_gffe5f74c56b80ffeEC2z3n6Op3yk0K/NovelSeekUltra/app/build/intermediates/incremental/debug/mergeDebugResources/merged.dir/values-ro/values-ro.xml to /home/work/dumate/38de3a359c754da5801d140c2e404f0f/workspace/ses_gffe5f74c56b80ffeEC2z3n6Op3yk0K/NovelSeekUltra/app/build/intermediates/merged_res/debug/mergeDebugResources/values-ro_values-ro.arsc.flat
Compiling XML table /home/work/dumate/38de3a359c754da5801d140c2e404f0f/workspace/ses_gffe5f74c56b80ffeEC2z3n6Op3yk0K/NovelSeekUltra/app/build/intermediates/incremental/debug/mergeDebugResources/merged.dir/values-zh-rCN/values-zh-rCN.xml to /home/work/dumate/38de3a359c754da5801d140c2e404f0f/workspace/ses_gffe5f74c56b80ffeEC2z3n6Op3yk0K/NovelSeekUltra/app/build/intermediates/merged_res/debug/mergeDebugResources/values-zh-rCN_values-zh-rCN.arsc.flat
Compiling XML table /home/work/dumate/38de3a359c754da5801d140c2e404f0f/workspace/ses_gffe5f74c56b80ffeEC2z3n6Op3yk0K/NovelSeekUltra/app/build/intermediates/incremental/debug/mergeDebugResources/merged.dir/values-ru/values-ru.xml to /home/work/dumate/38de3a359c754da5801d140c2e404f0f/workspace/ses_gffe5f74c56b80ffeEC2z3n6Op3yk0K/NovelSeekUltra/app/build/intermediates/merged_res/debug/mergeDebugResources/values-ru_values-ru.arsc.flat
Compiling XML table /home/work/dumate/38de3a359c754da5801d140c2e404f0f/workspace/ses_gffe5f74c56b80ffeEC2z3n6Op3yk0K/NovelSeekUltra/app/build/intermediates/incremental/debug/mergeDebugResources/merged.dir/values-en-rXC/values-en-rXC.xml to /home/work/dumate/38de3a359c754da5801d140c2e404f0f/workspace/ses_gffe5f74c56b80ffeEC2z3n6Op3yk0K/NovelSeekUltra/app/build/intermediates/merged_res/debug/mergeDebugResources/values-en-rXC_values-en-rXC.arsc.flat
Compiling XML table /home/work/dumate/38de3a359c754da5801d140c2e404f0f/workspace/ses_gffe5f74c56b80ffeEC2z3n6Op3yk0K/NovelSeekUltra/app/build/intermediates/incremental/debug/mergeDebugResources/merged.dir/values-fr/values-fr.xml to /home/work/dumate/38de3a359c754da5801d140c2e404f0f/workspace/ses_gffe5f74c56b80ffeEC2z3n6Op3yk0K/NovelSeekUltra/app/build/intermediates/merged_res/debug/mergeDebugResources/values-fr_values-fr.arsc.flat
Compiling XML table /home/work/dumate/38de3a359c754da5801d140c2e404f0f/workspace/ses_gffe5f74c56b80ffeEC2z3n6Op3yk0K/NovelSeekUltra/app/build/intermediates/incremental/debug/mergeDebugResources/merged.dir/values-en-rCA/values-en-rCA.xml to /home/work/dumate/38de3a359c754da5801d140c2e404f0f/workspace/ses_gffe5f74c56b80ffeEC2z3n6Op3yk0K/NovelSeekUltra/app/build/intermediates/merged_res/debug/mergeDebugResources/values-en-rCA_values-en-rCA.arsc.flat
Compiling XML table /home/work/dumate/38de3a359c754da5801d140c2e404f0f/workspace/ses_gffe5f74c56b80ffeEC2z3n6Op3yk0K/NovelSeekUltra/app/build/intermediates/incremental/debug/mergeDebugResources/merged.dir/values-en-rGB/values-en-rGB.xml to /home/work/dumate/38de3a359c754da5801d140c2e404f0f/workspace/ses_gffe5f74c56b80ffeEC2z3n6Op3yk0K/NovelSeekUltra/app/build/intermediates/merged_res/debug/mergeDebugResources/values-en-rGB_values-en-rGB.arsc.flat
Compiling XML table /home/work/dumate/38de3a359c754da5801d140c2e404f0f/workspace/ses_gffe5f74c56b80ffeEC2z3n6Op3yk0K/NovelSeekUltra/app/build/intermediates/incremental/debug/mergeDebugResources/merged.dir/values-si/values-si.xml to /home/work/dumate/38de3a359c754da5801d140c2e404f0f/workspace/ses_gffe5f74c56b80ffeEC2z3n6Op3yk0K/NovelSeekUltra/app/build/intermediates/merged_res/debug/mergeDebugResources/values-si_values-si.arsc.flat
Compiling XML table /home/work/dumate/38de3a359c754da5801d140c2e404f0f/workspace/ses_gffe5f74c56b80ffeEC2z3n6Op3yk0K/NovelSeekUltra/app/build/intermediates/incremental/debug/mergeDebugResources/merged.dir/values-sl/values-sl.xml to /home/work/dumate/38de3a359c754da5801d140c2e404f0f/workspace/ses_gffe5f74c56b80ffeEC2z3n6Op3yk0K/NovelSeekUltra/app/build/intermediates/merged_res/debug/mergeDebugResources/values-sl_values-sl.arsc.flat
Compiling XML table /home/work/dumate/38de3a359c754da5801d140c2e404f0f/workspace/ses_gffe5f74c56b80ffeEC2z3n6Op3yk0K/NovelSeekUltra/app/build/intermediates/incremental/debug/mergeDebugResources/merged.dir/values-ca/values-ca.xml to /home/work/dumate/38de3a359c754da5801d140c2e404f0f/workspace/ses_gffe5f74c56b80ffeEC2z3n6Op3yk0K/NovelSeekUltra/app/build/intermediates/merged_res/debug/mergeDebugResources/values-ca_values-ca.arsc.flat
Compiling XML table /home/work/dumate/38de3a359c754da5801d140c2e404f0f/workspace/ses_gffe5f74c56b80ffeEC2z3n6Op3yk0K/NovelSeekUltra/app/build/intermediates/incremental/debug/mergeDebugResources/merged.dir/values-kk/values-kk.xml to /home/work/dumate/38de3a359c754da5801d140c2e404f0f/workspace/ses_gffe5f74c56b80ffeEC2z3n6Op3yk0K/NovelSeekUltra/app/build/intermediates/merged_res/debug/mergeDebugResources/values-kk_values-kk.arsc.flat
Compiling XML table /home/work/dumate/38de3a359c754da5801d140c2e404f0f/workspace/ses_gffe5f74c56b80ffeEC2z3n6Op3yk0K/NovelSeekUltra/app/build/intermediates/incremental/debug/mergeDebugResources/merged.dir/values-sv/values-sv.xml to /home/work/dumate/38de3a359c754da5801d140c2e404f0f/workspace/ses_gffe5f74c56b80ffeEC2z3n6Op3yk0K/NovelSeekUltra/app/build/intermediates/merged_res/debug/mergeDebugResources/values-sv_values-sv.arsc.flat
Compiling XML table /home/work/dumate/38de3a359c754da5801d140c2e404f0f/workspace/ses_gffe5f74c56b80ffeEC2z3n6Op3yk0K/NovelSeekUltra/app/build/intermediates/incremental/debug/mergeDebugResources/merged.dir/values-or/values-or.xml to /home/work/dumate/38de3a359c754da5801d140c2e404f0f/workspace/ses_gffe5f74c56b80ffeEC2z3n6Op3yk0K/NovelSeekUltra/app/build/intermediates/merged_res/debug/mergeDebugResources/values-or_values-or.arsc.flat
Compiling XML table /home/work/dumate/38de3a359c754da5801d140c2e404f0f/workspace/ses_gffe5f74c56b80ffeEC2z3n6Op3yk0K/NovelSeekUltra/app/build/intermediates/incremental/debug/mergeDebugResources/merged.dir/values-sw/values-sw.xml to /home/work/dumate/38de3a359c754da5801d140c2e404f0f/workspace/ses_gffe5f74c56b80ffeEC2z3n6Op3yk0K/NovelSeekUltra/app/build/intermediates/merged_res/debug/mergeDebugResources/values-sw_values-sw.arsc.flat
Compiling XML table /home/work/dumate/38de3a359c754da5801d140c2e404f0f/workspace/ses_gffe5f74c56b80ffeEC2z3n6Op3yk0K/NovelSeekUltra/app/build/intermediates/incremental/debug/mergeDebugResources/merged.dir/values-ta/values-ta.xml to /home/work/dumate/38de3a359c754da5801d140c2e404f0f/workspace/ses_gffe5f74c56b80ffeEC2z3n6Op3yk0K/NovelSeekUltra/app/build/intermediates/merged_res/debug/mergeDebugResources/values-ta_values-ta.arsc.flat
Compiling XML table /home/work/dumate/38de3a359c754da5801d140c2e404f0f/workspace/ses_gffe5f74c56b80ffeEC2z3n6Op3yk0K/NovelSeekUltra/app/build/intermediates/incremental/debug/mergeDebugResources/merged.dir/values-gu/values-gu.xml to /home/work/dumate/38de3a359c754da5801d140c2e404f0f/workspace/ses_gffe5f74c56b80ffeEC2z3n6Op3yk0K/NovelSeekUltra/app/build/intermediates/merged_res/debug/mergeDebugResources/values-gu_values-gu.arsc.flat
Compiling XML table /home/work/dumate/38de3a359c754da5801d140c2e404f0f/workspace/ses_gffe5f74c56b80ffeEC2z3n6Op3yk0K/NovelSeekUltra/app/build/intermediates/incremental/debug/mergeDebugResources/merged.dir/values-cs/values-cs.xml to /home/work/dumate/38de3a359c754da5801d140c2e404f0f/workspace/ses_gffe5f74c56b80ffeEC2z3n6Op3yk0K/NovelSeekUltra/app/build/intermediates/merged_res/debug/mergeDebugResources/values-cs_values-cs.arsc.flat
Compiling XML table /home/work/dumate/38de3a359c754da5801d140c2e404f0f/workspace/ses_gffe5f74c56b80ffeEC2z3n6Op3yk0K/NovelSeekUltra/app/build/intermediates/incremental/debug/mergeDebugResources/merged.dir/values-pa/values-pa.xml to /home/work/dumate/38de3a359c754da5801d140c2e404f0f/workspace/ses_gffe5f74c56b80ffeEC2z3n6Op3yk0K/NovelSeekUltra/app/build/intermediates/merged_res/debug/mergeDebugResources/values-pa_values-pa.arsc.flat
Compiling XML table /home/work/dumate/38de3a359c754da5801d140c2e404f0f/workspace/ses_gffe5f74c56b80ffeEC2z3n6Op3yk0K/NovelSeekUltra/app/build/intermediates/incremental/debug/mergeDebugResources/merged.dir/values-tl/values-tl.xml to /home/work/dumate/38de3a359c754da5801d140c2e404f0f/workspace/ses_gffe5f74c56b80ffeEC2z3n6Op3yk0K/NovelSeekUltra/app/build/intermediates/merged_res/debug/mergeDebugResources/values-tl_values-tl.arsc.flat
Compiling XML table /home/work/dumate/38de3a359c754da5801d140c2e404f0f/workspace/ses_gffe5f74c56b80ffeEC2z3n6Op3yk0K/NovelSeekUltra/app/build/intermediates/incremental/debug/mergeDebugResources/merged.dir/values-da/values-da.xml to /home/work/dumate/38de3a359c754da5801d140c2e404f0f/workspace/ses_gffe5f74c56b80ffeEC2z3n6Op3yk0K/NovelSeekUltra/app/build/intermediates/merged_res/debug/mergeDebugResources/values-da_values-da.arsc.flat
Compiling XML table /home/work/dumate/38de3a359c754da5801d140c2e404f0f/workspace/ses_gffe5f74c56b80ffeEC2z3n6Op3yk0K/NovelSeekUltra/app/build/intermediates/incremental/debug/mergeDebugResources/merged.dir/values-en-rAU/values-en-rAU.xml to /home/work/dumate/38de3a359c754da5801d140c2e404f0f/workspace/ses_gffe5f74c56b80ffeEC2z3n6Op3yk0K/NovelSeekUltra/app/build/intermediates/merged_res/debug/mergeDebugResources/values-en-rAU_values-en-rAU.arsc.flat
Resolve mutations for :app:javaPreCompileDebug (Thread[included builds,5,main]) started.
:app:javaPreCompileDebug (Thread[included builds,5,main]) started.

> Task :app:processDebugManifestForPackage
Custom actions are attached to task ':app:processDebugManifestForPackage'.
Caching disabled for task ':app:processDebugManifestForPackage' because:
  Build cache is disabled
Task ':app:processDebugManifestForPackage' is not up-to-date because:
  No history is available.

> Task :app:javaPreCompileDebug
Downloading https://dl.google.com/dl/android/maven2/androidx/room/room-compiler/2.6.1/room-compiler-2.6.1.pom to /home/work/.gradle/.tmp/gradle_download707750442522964346bin
Downloading https://dl.google.com/dl/android/maven2/androidx/room/room-compiler/2.6.1/room-compiler-2.6.1.module to /home/work/.gradle/.tmp/gradle_download10859242244788941814bin
Downloading https://dl.google.com/dl/android/maven2/androidx/room/room-compiler-processing/2.6.1/room-compiler-processing-2.6.1.pom to /home/work/.gradle/.tmp/gradle_download725163425405748886bin
Downloading https://dl.google.com/dl/android/maven2/androidx/room/room-migration/2.6.1/room-migration-2.6.1.pom to /home/work/.gradle/.tmp/gradle_download6870609467738126123bin
Downloading https://dl.google.com/dl/android/maven2/androidx/room/room-compiler-processing/2.6.1/room-compiler-processing-2.6.1.module to /home/work/.gradle/.tmp/gradle_download5421970900982133951bin
Downloading https://dl.google.com/dl/android/maven2/androidx/room/room-migration/2.6.1/room-migration-2.6.1.module to /home/work/.gradle/.tmp/gradle_download12141246150907786253bin
Resource missing. [HTTP GET: https://dl.google.com/dl/android/maven2/com/google/auto/value/auto-value-annotations/1.6.3/auto-value-annotations-1.6.3.pom]
Resource missing. [HTTP GET: https://dl.google.com/dl/android/maven2/com/google/auto/auto-common/0.11/auto-common-0.11.pom]
Downloading https://repo.maven.apache.org/maven2/com/google/auto/auto-common/0.11/auto-common-0.11.pom to /home/work/.gradle/.tmp/gradle_download18041739722374939541bin
Downloading https://repo.maven.apache.org/maven2/com/google/auto/value/auto-value-annotations/1.6.3/auto-value-annotations-1.6.3.pom to /home/work/.gradle/.tmp/gradle_download1442478584962316791bin
Resource missing. [HTTP GET: https://dl.google.com/dl/android/maven2/com/google/devtools/ksp/symbol-processing-api/1.9.0-1.0.13/symbol-processing-api-1.9.0-1.0.13.pom]
Resource missing. [HTTP GET: https://dl.google.com/dl/android/maven2/com/google/auto/value/auto-value-parent/1.6.3/auto-value-parent-1.6.3.pom]
Downloading https://repo.maven.apache.org/maven2/com/google/devtools/ksp/symbol-processing-api/1.9.0-1.0.13/symbol-processing-api-1.9.0-1.0.13.pom to /home/work/.gradle/.tmp/gradle_download16316219901586436847bin
Downloading https://repo.maven.apache.org/maven2/com/google/auto/value/auto-value-parent/1.6.3/auto-value-parent-1.6.3.pom to /home/work/.gradle/.tmp/gradle_download7376760173448371356bin
Downloading https://repo.maven.apache.org/maven2/com/google/devtools/ksp/symbol-processing-api/1.9.0-1.0.13/symbol-processing-api-1.9.0-1.0.13.module to /home/work/.gradle/.tmp/gradle_download13884767921337946465bin
Resource missing. [HTTP GET: https://dl.google.com/dl/android/maven2/com/google/auto/auto-parent/7/auto-parent-7.pom]
Resource missing. [HTTP GET: https://dl.google.com/dl/android/maven2/com/intellij/annotations/12.0/annotations-12.0.pom]
Downloading https://repo.maven.apache.org/maven2/com/google/auto/auto-parent/7/auto-parent-7.pom to /home/work/.gradle/.tmp/gradle_download9624424841659619653bin
Downloading https://repo.maven.apache.org/maven2/com/intellij/annotations/12.0/annotations-12.0.pom to /home/work/.gradle/.tmp/gradle_download1888447225168009460bin
Resource missing. [HTTP GET: https://dl.google.com/dl/android/maven2/com/squareup/javapoet/1.13.0/javapoet-1.13.0.pom]
Resource missing. [HTTP GET: https://dl.google.com/dl/android/maven2/com/squareup/kotlinpoet/1.14.2/kotlinpoet-1.14.2.pom]
Downloading https://repo.maven.apache.org/maven2/com/squareup/javapoet/1.13.0/javapoet-1.13.0.pom to /home/work/.gradle/.tmp/gradle_download16194774320206815939bin
Resource missing. [HTTP GET: https://dl.google.com/dl/android/maven2/com/squareup/kotlinpoet-javapoet/1.14.2/kotlinpoet-javapoet-1.14.2.pom]
Downloading https://repo.maven.apache.org/maven2/com/squareup/kotlinpoet-javapoet/1.14.2/kotlinpoet-javapoet-1.14.2.pom to /home/work/.gradle/.tmp/gradle_download17243943758764194193bin
Downloading https://repo.maven.apache.org/maven2/com/squareup/kotlinpoet/1.14.2/kotlinpoet-1.14.2.pom to /home/work/.gradle/.tmp/gradle_download16422813696779663979bin
Downloading https://repo.maven.apache.org/maven2/com/squareup/kotlinpoet-javapoet/1.14.2/kotlinpoet-javapoet-1.14.2.module to /home/work/.gradle/.tmp/gradle_download13907866379642405475bin
Downloading https://repo.maven.apache.org/maven2/com/squareup/kotlinpoet/1.14.2/kotlinpoet-1.14.2.module to /home/work/.gradle/.tmp/gradle_download7225075888212004851bin
Resource missing. [HTTP GET: https://dl.google.com/dl/android/maven2/org/jetbrains/kotlin/kotlin-stdlib/1.8.22/kotlin-stdlib-1.8.22.pom]
Downloading https://repo.maven.apache.org/maven2/org/jetbrains/kotlin/kotlin-stdlib/1.8.22/kotlin-stdlib-1.8.22.pom to /home/work/.gradle/.tmp/gradle_download13360062496960247169bin
Resource missing. [HTTP GET: https://dl.google.com/dl/android/maven2/commons-codec/commons-codec/1.15/commons-codec-1.15.pom]
Resource missing. [HTTP GET: https://dl.google.com/dl/android/maven2/org/xerial/sqlite-jdbc/3.41.2.2/sqlite-jdbc-3.41.2.2.pom]
Downloading https://repo.maven.apache.org/maven2/commons-codec/commons-codec/1.15/commons-codec-1.15.pom to /home/work/.gradle/.tmp/gradle_download2572400894081029403bin
Downloading https://repo.maven.apache.org/maven2/org/xerial/sqlite-jdbc/3.41.2.2/sqlite-jdbc-3.41.2.2.pom to /home/work/.gradle/.tmp/gradle_download17976336527520969217bin
Downloading https://dl.google.com/dl/android/maven2/androidx/annotation/annotation/1.3.0/annotation-1.3.0.pom to /home/work/.gradle/.tmp/gradle_download5730899821036776367bin
Downloading https://dl.google.com/dl/android/maven2/androidx/annotation/annotation/1.3.0/annotation-1.3.0.module to /home/work/.gradle/.tmp/gradle_download12899593634708131761bin
Resource missing. [HTTP GET: https://dl.google.com/dl/android/maven2/com/google/guava/guava/31.1-jre/guava-31.1-jre.pom]
Downloading https://repo.maven.apache.org/maven2/com/google/guava/guava/31.1-jre/guava-31.1-jre.pom to /home/work/.gradle/.tmp/gradle_download8946046426162095587bin
Resource missing. [HTTP GET: https://dl.google.com/dl/android/maven2/com/google/guava/guava-parent/31.1-jre/guava-parent-31.1-jre.pom]
Downloading https://repo.maven.apache.org/maven2/com/google/guava/guava-parent/31.1-jre/guava-parent-31.1-jre.pom to /home/work/.gradle/.tmp/gradle_download14821869377527313523bin
Resource missing. [HTTP GET: https://dl.google.com/dl/android/maven2/com/google/code/gson/gson/2.9.0/gson-2.9.0.pom]
Downloading https://repo.maven.apache.org/maven2/com/google/code/gson/gson/2.9.0/gson-2.9.0.pom to /home/work/.gradle/.tmp/gradle_download16605776513034639262bin
Resource missing. [HTTP GET: https://dl.google.com/dl/android/maven2/com/google/code/gson/gson-parent/2.9.0/gson-parent-2.9.0.pom]
Downloading https://repo.maven.apache.org/maven2/com/google/code/gson/gson-parent/2.9.0/gson-parent-2.9.0.pom to /home/work/.gradle/.tmp/gradle_download13955744645220649566bin
Resource missing. [HTTP GET: https://dl.google.com/dl/android/maven2/org/jetbrains/kotlin/kotlin-stdlib/1.9.0/kotlin-stdlib-1.9.0.pom]
Downloading https://repo.maven.apache.org/maven2/org/jetbrains/kotlin/kotlin-stdlib/1.9.0/kotlin-stdlib-1.9.0.pom to /home/work/.gradle/.tmp/gradle_download13250245279147835014bin
Resource missing. [HTTP GET: https://dl.google.com/dl/android/maven2/org/jetbrains/kotlin/kotlin-reflect/1.8.21/kotlin-reflect-1.8.21.pom]
Downloading https://repo.maven.apache.org/maven2/org/jetbrains/kotlin/kotlin-reflect/1.8.21/kotlin-reflect-1.8.21.pom to /home/work/.gradle/.tmp/gradle_download17511738168544964086bin
Resource missing. [HTTP GET: https://dl.google.com/dl/android/maven2/org/jetbrains/kotlin/kotlin-stdlib-jdk7/1.8.22/kotlin-stdlib-jdk7-1.8.22.pom]
Downloading https://repo.maven.apache.org/maven2/org/jetbrains/kotlin/kotlin-stdlib-jdk7/1.8.22/kotlin-stdlib-jdk7-1.8.22.pom to /home/work/.gradle/.tmp/gradle_download15592829342641733710bin
Resource missing. [HTTP GET: https://dl.google.com/dl/android/maven2/org/checkerframework/checker-qual/3.12.0/checker-qual-3.12.0.pom]
Downloading https://repo.maven.apache.org/maven2/org/checkerframework/checker-qual/3.12.0/checker-qual-3.12.0.pom to /home/work/.gradle/.tmp/gradle_download124390754719201038bin
Downloading https://repo.maven.apache.org/maven2/org/checkerframework/checker-qual/3.12.0/checker-qual-3.12.0.module to /home/work/.gradle/.tmp/gradle_download10548251535015831029bin
Resource missing. [HTTP GET: https://dl.google.com/dl/android/maven2/org/jetbrains/kotlin/kotlin-stdlib-common/1.9.0/kotlin-stdlib-common-1.9.0.pom]
Downloading https://repo.maven.apache.org/maven2/org/jetbrains/kotlin/kotlin-stdlib-common/1.9.0/kotlin-stdlib-common-1.9.0.pom to /home/work/.gradle/.tmp/gradle_download11025509902593498420bin
Downloading https://dl.google.com/dl/android/maven2/androidx/room/room-compiler-processing/2.6.1/room-compiler-processing-2.6.1.jar to /home/work/.gradle/.tmp/gradle_download5379456328868529448bin
Downloading https://dl.google.com/dl/android/maven2/androidx/room/room-migration/2.6.1/room-migration-2.6.1.jar to /home/work/.gradle/.tmp/gradle_download9681713567536686160bin
Downloading https://dl.google.com/dl/android/maven2/androidx/room/room-common/2.6.1/room-common-2.6.1.jar to /home/work/.gradle/.tmp/gradle_download12638792160724318884bin
Downloading https://dl.google.com/dl/android/maven2/androidx/room/room-compiler/2.6.1/room-compiler-2.6.1.jar to /home/work/.gradle/.tmp/gradle_download8226809186606730523bin
Downloading https://repo.maven.apache.org/maven2/com/google/auto/auto-common/0.11/auto-common-0.11.jar to /home/work/.gradle/.tmp/gradle_download12124830329177042208bin
Downloading https://repo.maven.apache.org/maven2/com/google/auto/value/auto-value-annotations/1.6.3/auto-value-annotations-1.6.3.jar to /home/work/.gradle/.tmp/gradle_download6142301666011536301bin
Downloading https://repo.maven.apache.org/maven2/com/google/devtools/ksp/symbol-processing-api/1.9.0-1.0.13/symbol-processing-api-1.9.0-1.0.13.jar to /home/work/.gradle/.tmp/gradle_download2066894868655583814bin
Downloading https://repo.maven.apache.org/maven2/com/intellij/annotations/12.0/annotations-12.0.jar to /home/work/.gradle/.tmp/gradle_download1895431816667776883bin
Downloading https://repo.maven.apache.org/maven2/com/squareup/kotlinpoet-javapoet/1.14.2/kotlinpoet-javapoet-1.14.2.jar to /home/work/.gradle/.tmp/gradle_download2666350084848394193bin
Downloading https://repo.maven.apache.org/maven2/com/squareup/javapoet/1.13.0/javapoet-1.13.0.jar to /home/work/.gradle/.tmp/gradle_download17619408746478921732bin
Downloading https://repo.maven.apache.org/maven2/com/squareup/kotlinpoet/1.14.2/kotlinpoet-1.14.2.jar to /home/work/.gradle/.tmp/gradle_download258912190944327543bin
Downloading https://repo.maven.apache.org/maven2/commons-codec/commons-codec/1.15/commons-codec-1.15.jar to /home/work/.gradle/.tmp/gradle_download12394281584199376903bin
Downloading https://repo.maven.apache.org/maven2/org/jetbrains/kotlin/kotlin-stdlib-jdk8/1.8.22/kotlin-stdlib-jdk8-1.8.22.jar to /home/work/.gradle/.tmp/gradle_download2287084360381965554bin
Downloading https://repo.maven.apache.org/maven2/org/jetbrains/kotlin/kotlin-reflect/1.8.21/kotlin-reflect-1.8.21.jar to /home/work/.gradle/.tmp/gradle_download12543049367558295010bin
Downloading https://repo.maven.apache.org/maven2/org/jetbrains/kotlin/kotlin-stdlib-jdk7/1.8.22/kotlin-stdlib-jdk7-1.8.22.jar to /home/work/.gradle/.tmp/gradle_download4409060288639812205bin
Downloading https://repo.maven.apache.org/maven2/org/jetbrains/kotlin/kotlin-stdlib/1.9.0/kotlin-stdlib-1.9.0.jar to /home/work/.gradle/.tmp/gradle_download10211808105094466000bin
Downloading https://repo.maven.apache.org/maven2/org/xerial/sqlite-jdbc/3.41.2.2/sqlite-jdbc-3.41.2.2.jar to /home/work/.gradle/.tmp/gradle_download17440951368666178799bin
Downloading https://dl.google.com/dl/android/maven2/androidx/annotation/annotation/1.3.0/annotation-1.3.0.jar to /home/work/.gradle/.tmp/gradle_download6255378497817908547bin
Downloading https://repo.maven.apache.org/maven2/com/google/guava/guava/31.1-jre/guava-31.1-jre.jar to /home/work/.gradle/.tmp/gradle_download8924134689622007447bin
Downloading https://repo.maven.apache.org/maven2/com/google/code/gson/gson/2.9.0/gson-2.9.0.jar to /home/work/.gradle/.tmp/gradle_download4892874067707266185bin
Downloading https://repo.maven.apache.org/maven2/org/checkerframework/checker-qual/3.12.0/checker-qual-3.12.0.jar to /home/work/.gradle/.tmp/gradle_download7780273384325360384bin
Downloading https://repo.maven.apache.org/maven2/com/google/errorprone/error_prone_annotations/2.11.0/error_prone_annotations-2.11.0.jar to /home/work/.gradle/.tmp/gradle_download9809180784655374641bin
Downloading https://repo.maven.apache.org/maven2/com/google/j2objc/j2objc-annotations/1.3/j2objc-annotations-1.3.jar to /home/work/.gradle/.tmp/gradle_download3212195541081732887bin
Downloading https://repo.maven.apache.org/maven2/org/jetbrains/kotlin/kotlin-stdlib-common/1.9.0/kotlin-stdlib-common-1.9.0.jar to /home/work/.gradle/.tmp/gradle_download14164123140940502459bin
Caching disabled for task ':app:javaPreCompileDebug' because:
  Build cache is disabled
Task ':app:javaPreCompileDebug' is not up-to-date because:
  No history is available.
Resolve mutations for :app:processDebugResources (Thread[Execution worker,5,main]) started.
:app:processDebugResources (Thread[Execution worker,5,main]) started.
Resolve mutations for :app:mergeDebugShaders (Thread[included builds,5,main]) started.
:app:mergeDebugShaders (Thread[included builds,5,main]) started.

> Task :app:mergeDebugShaders
Caching disabled for task ':app:mergeDebugShaders' because:
  Build cache is disabled
Task ':app:mergeDebugShaders' is not up-to-date because:
  No history is available.
The input changes require a full rebuild for incremental task ':app:mergeDebugShaders'.
Resolve mutations for :app:compileDebugShaders (Thread[included builds,5,main]) started.
:app:compileDebugShaders (Thread[included builds,5,main]) started.

> Task :app:compileDebugShaders NO-SOURCE
Skipping task ':app:compileDebugShaders' as it has no source files and no previous output files.
Resolve mutations for :app:generateDebugAssets (Thread[included builds,5,main]) started.
:app:generateDebugAssets (Thread[included builds,5,main]) started.

> Task :app:generateDebugAssets UP-TO-DATE
Skipping task ':app:generateDebugAssets' as it has no actions.
Resolve mutations for :app:mergeDebugAssets (Thread[included builds,5,main]) started.
:app:mergeDebugAssets (Thread[included builds,5,main]) started.

> Task :app:mergeDebugAssets
Transforming navigation-common-2.7.7.aar (androidx.navigation:navigation-common:2.7.7) with ExtractAarTransform
Transforming navigation-common-2.7.7.aar (androidx.navigation:navigation-common:2.7.7) with AarTransform
Transforming navigation-runtime-2.7.7.aar (androidx.navigation:navigation-runtime:2.7.7) with ExtractAarTransform
Transforming navigation-runtime-2.7.7.aar (androidx.navigation:navigation-runtime:2.7.7) with AarTransform
Transforming navigation-common-ktx-2.7.7.aar (androidx.navigation:navigation-common-ktx:2.7.7) with ExtractAarTransform
Transforming navigation-common-ktx-2.7.7.aar (androidx.navigation:navigation-common-ktx:2.7.7) with AarTransform
Transforming navigation-runtime-ktx-2.7.7.aar (androidx.navigation:navigation-runtime-ktx:2.7.7) with ExtractAarTransform
Transforming navigation-runtime-ktx-2.7.7.aar (androidx.navigation:navigation-runtime-ktx:2.7.7) with AarTransform
Transforming navigation-compose-2.7.7.aar (androidx.navigation:navigation-compose:2.7.7) with ExtractAarTransform
Transforming navigation-compose-2.7.7.aar (androidx.navigation:navigation-compose:2.7.7) with AarTransform
Transforming activity-1.8.2.aar (androidx.activity:activity:1.8.2) with ExtractAarTransform
Transforming activity-1.8.2.aar (androidx.activity:activity:1.8.2) with AarTransform
Transforming activity-ktx-1.8.2.aar (androidx.activity:activity-ktx:1.8.2) with ExtractAarTransform
Transforming activity-ktx-1.8.2.aar (androidx.activity:activity-ktx:1.8.2) with AarTransform
Transforming material3-release.aar (androidx.compose.material3:material3-android:1.2.1) with ExtractAarTransform
Transforming material3-release.aar (androidx.compose.material3:material3-android:1.2.1) with AarTransform
Transforming material-release.aar (androidx.compose.material:material-android:1.6.4) with ExtractAarTransform
Transforming material-release.aar (androidx.compose.material:material-android:1.6.4) with AarTransform
Transforming material-icons-core-release.aar (androidx.compose.material:material-icons-core-android:1.6.4) with ExtractAarTransform
Transforming material-icons-core-release.aar (androidx.compose.material:material-icons-core-android:1.6.4) with AarTransform
Transforming material-icons-extended-release.aar (androidx.compose.material:material-icons-extended-android:1.6.4) with ExtractAarTransform
Transforming material-icons-extended-release.aar (androidx.compose.material:material-icons-extended-android:1.6.4) with AarTransform
Transforming material-ripple-release.aar (androidx.compose.material:material-ripple-android:1.6.4) with ExtractAarTransform
Transforming material-ripple-release.aar (androidx.compose.material:material-ripple-android:1.6.4) with AarTransform
Transforming foundation-release.aar (androidx.compose.foundation:foundation-android:1.6.4) with ExtractAarTransform
Transforming foundation-release.aar (androidx.compose.foundation:foundation-android:1.6.4) with AarTransform
Transforming foundation-layout-release.aar (androidx.compose.foundation:foundation-layout-android:1.6.4) with ExtractAarTransform
Transforming foundation-layout-release.aar (androidx.compose.foundation:foundation-layout-android:1.6.4) with AarTransform
Transforming animation-core-release.aar (androidx.compose.animation:animation-core-android:1.6.4) with ExtractAarTransform
Transforming animation-core-release.aar (androidx.compose.animation:animation-core-android:1.6.4) with AarTransform
Transforming animation-release.aar (androidx.compose.animation:animation-android:1.6.4) with ExtractAarTransform
Transforming animation-release.aar (androidx.compose.animation:animation-android:1.6.4) with AarTransform
Transforming ui-tooling-data-release.aar (androidx.compose.ui:ui-tooling-data-android:1.6.4) with ExtractAarTransform
Transforming ui-tooling-data-release.aar (androidx.compose.ui:ui-tooling-data-android:1.6.4) with AarTransform
Transforming ui-unit-release.aar (androidx.compose.ui:ui-unit-android:1.6.4) with ExtractAarTransform
Transforming ui-unit-release.aar (androidx.compose.ui:ui-unit-android:1.6.4) with AarTransform
Transforming ui-geometry-release.aar (androidx.compose.ui:ui-geometry-android:1.6.4) with ExtractAarTransform
Transforming ui-geometry-release.aar (androidx.compose.ui:ui-geometry-android:1.6.4) with AarTransform
Transforming ui-util-release.aar (androidx.compose.ui:ui-util-android:1.6.4) with ExtractAarTransform
Transforming ui-util-release.aar (androidx.compose.ui:ui-util-android:1.6.4) with AarTransform
Transforming ui-text-release.aar (androidx.compose.ui:ui-text-android:1.6.4) with ExtractAarTransform
Transforming ui-text-release.aar (androidx.compose.ui:ui-text-android:1.6.4) with AarTransform
Transforming ui-tooling-preview-release.aar (androidx.compose.ui:ui-tooling-preview-android:1.6.4) with ExtractAarTransform
Transforming ui-tooling-preview-release.aar (androidx.compose.ui:ui-tooling-preview-android:1.6.4) with AarTransform
Transforming ui-graphics-release.aar (androidx.compose.ui:ui-graphics-android:1.6.4) with ExtractAarTransform
Transforming ui-graphics-release.aar (androidx.compose.ui:ui-graphics-android:1.6.4) with AarTransform
Transforming ui-test-manifest-1.6.4.aar (androidx.compose.ui:ui-test-manifest:1.6.4) with ExtractAarTransform
Transforming ui-test-manifest-1.6.4.aar (androidx.compose.ui:ui-test-manifest:1.6.4) with AarTransform
Transforming ui-tooling-release.aar (androidx.compose.ui:ui-tooling-android:1.6.4) with ExtractAarTransform
Transforming ui-tooling-release.aar (androidx.compose.ui:ui-tooling-android:1.6.4) with AarTransform
Transforming activity-compose-1.8.2.aar (androidx.activity:activity-compose:1.8.2) with ExtractAarTransform
Transforming activity-compose-1.8.2.aar (androidx.activity:activity-compose:1.8.2) with AarTransform
Transforming emoji2-1.3.0.aar (androidx.emoji2:emoji2:1.3.0) with ExtractAarTransform
Transforming emoji2-1.3.0.aar (androidx.emoji2:emoji2:1.3.0) with AarTransform
Transforming lifecycle-process-2.7.0.aar (androidx.lifecycle:lifecycle-process:2.7.0) with ExtractAarTransform
Transforming lifecycle-process-2.7.0.aar (androidx.lifecycle:lifecycle-process:2.7.0) with AarTransform
Transforming lifecycle-livedata-core-2.7.0.aar (androidx.lifecycle:lifecycle-livedata-core:2.7.0) with ExtractAarTransform
Transforming lifecycle-livedata-core-2.7.0.aar (androidx.lifecycle:lifecycle-livedata-core:2.7.0) with AarTransform
Transforming savedstate-ktx-1.2.1.aar (androidx.savedstate:savedstate-ktx:1.2.1) with ExtractAarTransform
Transforming savedstate-ktx-1.2.1.aar (androidx.savedstate:savedstate-ktx:1.2.1) with AarTransform
Transforming savedstate-1.2.1.aar (androidx.savedstate:savedstate:1.2.1) with ExtractAarTransform
Transforming savedstate-1.2.1.aar (androidx.savedstate:savedstate:1.2.1) with AarTransform
Transforming lifecycle-viewmodel-savedstate-2.7.0.aar (androidx.lifecycle:lifecycle-viewmodel-savedstate:2.7.0) with ExtractAarTransform
Transforming lifecycle-viewmodel-savedstate-2.7.0.aar (androidx.lifecycle:lifecycle-viewmodel-savedstate:2.7.0) with AarTransform
Transforming lifecycle-viewmodel-ktx-2.7.0.aar (androidx.lifecycle:lifecycle-viewmodel-ktx:2.7.0) with ExtractAarTransform
Transforming lifecycle-viewmodel-ktx-2.7.0.aar (androidx.lifecycle:lifecycle-viewmodel-ktx:2.7.0) with AarTransform
Transforming lifecycle-viewmodel-2.7.0.aar (androidx.lifecycle:lifecycle-viewmodel:2.7.0) with ExtractAarTransform
Transforming lifecycle-viewmodel-2.7.0.aar (androidx.lifecycle:lifecycle-viewmodel:2.7.0) with AarTransform
Transforming lifecycle-runtime-2.7.0.aar (androidx.lifecycle:lifecycle-runtime:2.7.0) with ExtractAarTransform
Transforming lifecycle-runtime-2.7.0.aar (androidx.lifecycle:lifecycle-runtime:2.7.0) with AarTransform
Transforming lifecycle-runtime-compose-2.7.0.aar (androidx.lifecycle:lifecycle-runtime-compose:2.7.0) with ExtractAarTransform
Transforming lifecycle-runtime-compose-2.7.0.aar (androidx.lifecycle:lifecycle-runtime-compose:2.7.0) with AarTransform
Transforming lifecycle-runtime-ktx-2.7.0.aar (androidx.lifecycle:lifecycle-runtime-ktx:2.7.0) with ExtractAarTransform
Transforming lifecycle-runtime-ktx-2.7.0.aar (androidx.lifecycle:lifecycle-runtime-ktx:2.7.0) with AarTransform
Transforming lifecycle-viewmodel-compose-2.7.0.aar (androidx.lifecycle:lifecycle-viewmodel-compose:2.7.0) with ExtractAarTransform
Transforming lifecycle-viewmodel-compose-2.7.0.aar (androidx.lifecycle:lifecycle-viewmodel-compose:2.7.0) with AarTransform
Transforming ui-release.aar (androidx.compose.ui:ui-android:1.6.4) with ExtractAarTransform
Transforming ui-release.aar (androidx.compose.ui:ui-android:1.6.4) with AarTransform
Transforming autofill-1.0.0.aar (androidx.autofill:autofill:1.0.0) with ExtractAarTransform
Transforming autofill-1.0.0.aar (androidx.autofill:autofill:1.0.0) with AarTransform
Transforming core-1.12.0.aar (androidx.core:core:1.12.0) with ExtractAarTransform
Transforming core-1.12.0.aar (androidx.core:core:1.12.0) with AarTransform
Transforming core-1.12.0.aar (androidx.core:core:1.12.0) with ExtractAarTransform
Transforming core-1.12.0.aar (androidx.core:core:1.12.0) with AarTransform
Transforming customview-poolingcontainer-1.0.0.aar (androidx.customview:customview-poolingcontainer:1.0.0) with ExtractAarTransform
Transforming customview-poolingcontainer-1.0.0.aar (androidx.customview:customview-poolingcontainer:1.0.0) with AarTransform
Transforming core-ktx-1.12.0.aar (androidx.core:core-ktx:1.12.0) with ExtractAarTransform
Transforming core-ktx-1.12.0.aar (androidx.core:core-ktx:1.12.0) with AarTransform
Transforming room-runtime-2.6.1.aar (androidx.room:room-runtime:2.6.1) with ExtractAarTransform
Transforming room-runtime-2.6.1.aar (androidx.room:room-runtime:2.6.1) with AarTransform
Transforming room-ktx-2.6.1.aar (androidx.room:room-ktx:2.6.1) with ExtractAarTransform
Transforming room-ktx-2.6.1.aar (androidx.room:room-ktx:2.6.1) with AarTransform
Transforming datastore-preferences-1.0.0.aar (androidx.datastore:datastore-preferences:1.0.0) with ExtractAarTransform
Transforming datastore-preferences-1.0.0.aar (androidx.datastore:datastore-preferences:1.0.0) with AarTransform
Transforming sqlite-framework-2.4.0.aar (androidx.sqlite:sqlite-framework:2.4.0) with ExtractAarTransform
Transforming sqlite-framework-2.4.0.aar (androidx.sqlite:sqlite-framework:2.4.0) with AarTransform
Transforming sqlite-2.4.0.aar (androidx.sqlite:sqlite:2.4.0) with ExtractAarTransform
Transforming sqlite-2.4.0.aar (androidx.sqlite:sqlite:2.4.0) with AarTransform
Transforming datastore-1.0.0.aar (androidx.datastore:datastore:1.0.0) with ExtractAarTransform
Transforming datastore-1.0.0.aar (androidx.datastore:datastore:1.0.0) with AarTransform
Transforming runtime-saveable-release.aar (androidx.compose.runtime:runtime-saveable-android:1.6.4) with ExtractAarTransform
Transforming runtime-saveable-release.aar (androidx.compose.runtime:runtime-saveable-android:1.6.4) with AarTransform
Transforming runtime-release.aar (androidx.compose.runtime:runtime-android:1.6.4) with ExtractAarTransform
Transforming runtime-release.aar (androidx.compose.runtime:runtime-android:1.6.4) with AarTransform
Transforming annotation-experimental-1.4.0.aar (androidx.annotation:annotation-experimental:1.4.0) with ExtractAarTransform
Transforming annotation-experimental-1.4.0.aar (androidx.annotation:annotation-experimental:1.4.0) with AarTransform
Transforming versionedparcelable-1.1.1.aar (androidx.versionedparcelable:versionedparcelable:1.1.1) with ExtractAarTransform
Transforming versionedparcelable-1.1.1.aar (androidx.versionedparcelable:versionedparcelable:1.1.1) with AarTransform
Transforming core-runtime-2.2.0.aar (androidx.arch.core:core-runtime:2.2.0) with ExtractAarTransform
Transforming core-runtime-2.2.0.aar (androidx.arch.core:core-runtime:2.2.0) with AarTransform
Transforming interpolator-1.0.0.aar (androidx.interpolator:interpolator:1.0.0) with ExtractAarTransform
Transforming interpolator-1.0.0.aar (androidx.interpolator:interpolator:1.0.0) with AarTransform
Transforming profileinstaller-1.3.0.aar (androidx.profileinstaller:profileinstaller:1.3.0) with ExtractAarTransform
Transforming profileinstaller-1.3.0.aar (androidx.profileinstaller:profileinstaller:1.3.0) with AarTransform
Transforming startup-runtime-1.1.1.aar (androidx.startup:startup-runtime:1.1.1) with ExtractAarTransform
Transforming startup-runtime-1.1.1.aar (androidx.startup:startup-runtime:1.1.1) with AarTransform
Transforming tracing-1.0.0.aar (androidx.tracing:tracing:1.0.0) with ExtractAarTransform
Transforming tracing-1.0.0.aar (androidx.tracing:tracing:1.0.0) with AarTransform
Caching disabled for AarTransform: /home/work/.gradle/caches/transforms-4/4e561c33054fe24aae0240d7f039956c/transformed/navigation-runtime-2.7.7 because:
  Build cache is disabled
  Caching not enabled.
Caching disabled for AarTransform: /home/work/.gradle/caches/transforms-4/31dc9faa96c3ff419b8a0e3fd9cf5ea1/transformed/navigation-common-ktx-2.7.7 because:
  Build cache is disabled
  Caching not enabled.
Caching disabled for AarTransform: /home/work/.gradle/caches/transforms-4/9844cfe113e808b7b13e4bf7e188cd15/transformed/navigation-runtime-ktx-2.7.7 because:
  Build cache is disabled
  Caching not enabled.
Caching disabled for AarTransform: /home/work/.gradle/caches/transforms-4/e89ec385b85ad77850115ac9861f887a/transformed/navigation-compose-2.7.7 because:
  Build cache is disabled
  Caching not enabled.
Caching disabled for AarTransform: /home/work/.gradle/caches/transforms-4/13481ff85102064c196181d8cfb97f3f/transformed/activity-1.8.2 because:
  Build cache is disabled
  Caching not enabled.
Caching disabled for AarTransform: /home/work/.gradle/caches/transforms-4/7495272c4b167b58aed4c9d8265b7e2d/transformed/activity-ktx-1.8.2 because:
  Build cache is disabled
  Caching not enabled.
Caching disabled for AarTransform: /home/work/.gradle/caches/transforms-4/ede5034769eb92ef6fc9c2e32b045eea/transformed/material3-release because:
  Build cache is disabled
  Caching not enabled.
Caching disabled for AarTransform: /home/work/.gradle/caches/transforms-4/440049452ed43fa3a9d4a47eb3e97b8c/transformed/material-release because:
  Build cache is disabled
  Caching not enabled.
Caching disabled for AarTransform: /home/work/.gradle/caches/transforms-4/65aac476dac3ccbca90863b4188fe93d/transformed/material-icons-core-release because:
  Build cache is disabled
  Caching not enabled.
Caching disabled for AarTransform: /home/work/.gradle/caches/transforms-4/f1bab65efcc69580be1609f050af593a/transformed/material-icons-extended-release because:
  Build cache is disabled
  Caching not enabled.
Caching disabled for AarTransform: /home/work/.gradle/caches/transforms-4/5c31f4ff19bac0d1e372893b593b5628/transformed/material-ripple-release because:
  Build cache is disabled
  Caching not enabled.
Caching disabled for AarTransform: /home/work/.gradle/caches/transforms-4/51517fb65aebbf2a3917ff84a7680bea/transformed/foundation-release because:
  Build cache is disabled
  Caching not enabled.
Caching disabled for AarTransform: /home/work/.gradle/caches/transforms-4/68b5671e2753c7d524c7d182facd781d/transformed/foundation-layout-release because:
  Build cache is disabled
  Caching not enabled.
Caching disabled for AarTransform: /home/work/.gradle/caches/transforms-4/904d34962a66b4273a957749abdc921f/transformed/animation-core-release because:
  Build cache is disabled
  Caching not enabled.
Caching disabled for AarTransform: /home/work/.gradle/caches/transforms-4/ab7d9db22cad2ea5feab190f7f1d941b/transformed/animation-release because:
  Build cache is disabled
  Caching not enabled.
Caching disabled for AarTransform: /home/work/.gradle/caches/transforms-4/4ea70a84e182d18e2c9de100a66fda04/transformed/ui-tooling-data-release because:
  Build cache is disabled
  Caching not enabled.
Caching disabled for AarTransform: /home/work/.gradle/caches/transforms-4/1a432830b3e498dd23566ccec14a0ee9/transformed/ui-unit-release because:
  Build cache is disabled
  Caching not enabled.
Caching disabled for AarTransform: /home/work/.gradle/caches/transforms-4/dc0387d60b41ff7f1d6f0f89ac4e97da/transformed/ui-geometry-release because:
  Build cache is disabled
  Caching not enabled.
Caching disabled for AarTransform: /home/work/.gradle/caches/transforms-4/fe7da7632d16a82ac6a89276c8de26cc/transformed/ui-util-release because:
  Build cache is disabled
  Caching not enabled.
Caching disabled for AarTransform: /home/work/.gradle/caches/transforms-4/340416d5462b46941ea0f70ee70719c9/transformed/ui-text-release because:
  Build cache is disabled
  Caching not enabled.
Caching disabled for AarTransform: /home/work/.gradle/caches/transforms-4/e73fa152cde1e6f98df427b32aeed442/transformed/ui-tooling-preview-release because:
  Build cache is disabled
  Caching not enabled.
Caching disabled for AarTransform: /home/work/.gradle/caches/transforms-4/5bc6e2ddca8335badaf97f477f1e4293/transformed/ui-graphics-release because:
  Build cache is disabled
  Caching not enabled.
Caching disabled for AarTransform: /home/work/.gradle/caches/transforms-4/8b0a1dc338ddf4a7a9336bb42bcf218f/transformed/ui-test-manifest-1.6.4 because:
  Build cache is disabled
  Caching not enabled.
Caching disabled for AarTransform: /home/work/.gradle/caches/transforms-4/53dfb837101cc8570fa397135ade4964/transformed/ui-tooling-release because:
  Build cache is disabled
  Caching not enabled.
Caching disabled for AarTransform: /home/work/.gradle/caches/transforms-4/99e7b40b04501308747efa568058b5a7/transformed/activity-compose-1.8.2 because:
  Build cache is disabled
  Caching not enabled.
Caching disabled for AarTransform: /home/work/.gradle/caches/transforms-4/2c883cd359a20d3dff7308fd75b76ba6/transformed/emoji2-1.3.0 because:
  Build cache is disabled
  Caching not enabled.
Caching disabled for AarTransform: /home/work/.gradle/caches/transforms-4/49736cba61bf7c2c4afa895dea62922e/transformed/lifecycle-process-2.7.0 because:
  Build cache is disabled
  Caching not enabled.
Caching disabled for AarTransform: /home/work/.gradle/caches/transforms-4/330671933b3e491680735ff8685ce78b/transformed/lifecycle-livedata-core-2.7.0 because:
  Build cache is disabled
  Caching not enabled.
Caching disabled for AarTransform: /home/work/.gradle/caches/transforms-4/1c6ae362494740a87122d83b9ea3f00f/transformed/savedstate-ktx-1.2.1 because:
  Build cache is disabled
  Caching not enabled.
Caching disabled for AarTransform: /home/work/.gradle/caches/transforms-4/d263a73481621f9a07a1b657079178d9/transformed/savedstate-1.2.1 because:
  Build cache is disabled
  Caching not enabled.
Caching disabled for AarTransform: /home/work/.gradle/caches/transforms-4/0256e05e0f5feb2431e1b5ba811ca493/transformed/lifecycle-viewmodel-savedstate-2.7.0 because:
  Build cache is disabled
  Caching not enabled.
Caching disabled for AarTransform: /home/work/.gradle/caches/transforms-4/8d30544f7f393ef676ee11e23c532ea3/transformed/lifecycle-viewmodel-ktx-2.7.0 because:
  Build cache is disabled
  Caching not enabled.
Caching disabled for AarTransform: /home/work/.gradle/caches/transforms-4/14e9670e57b5357726d16598dcae8860/transformed/lifecycle-viewmodel-2.7.0 because:
  Build cache is disabled
  Caching not enabled.
Caching disabled for AarTransform: /home/work/.gradle/caches/transforms-4/c8a3dd1570f09a3a1ae256af99533305/transformed/lifecycle-runtime-2.7.0 because:
  Build cache is disabled
  Caching not enabled.
Caching disabled for AarTransform: /home/work/.gradle/caches/transforms-4/c059ae3f656ca7d2252a3066b83ccb4d/transformed/lifecycle-runtime-compose-2.7.0 because:
  Build cache is disabled
  Caching not enabled.
Caching disabled for AarTransform: /home/work/.gradle/caches/transforms-4/6629fe5921a0c459c28e3a2d7dab383b/transformed/lifecycle-runtime-ktx-2.7.0 because:
  Build cache is disabled
  Caching not enabled.
Caching disabled for AarTransform: /home/work/.gradle/caches/transforms-4/aec69a1504fe974cfb651229438fc8a7/transformed/lifecycle-viewmodel-compose-2.7.0 because:
  Build cache is disabled
  Caching not enabled.
Caching disabled for AarTransform: /home/work/.gradle/caches/transforms-4/8e41a17455f12350e19d821abd7ca6a3/transformed/ui-release because:
  Build cache is disabled
  Caching not enabled.
Caching disabled for AarTransform: /home/work/.gradle/caches/transforms-4/1f0d4fa644b2fa83f43396a6092fb5d6/transformed/autofill-1.0.0 because:
  Build cache is disabled
  Caching not enabled.
Caching disabled for AarTransform: /home/work/.gradle/caches/transforms-4/e7ac923e151a5f6c2b7920ce86dfcf41/transformed/core-1.12.0 because:
  Build cache is disabled
  Caching not enabled.
Caching disabled for AarTransform: /home/work/.gradle/caches/transforms-4/4d0918fac81194817bd56c165cb19099/transformed/customview-poolingcontainer-1.0.0 because:
  Build cache is disabled
  Caching not enabled.
Caching disabled for AarTransform: /home/work/.gradle/caches/transforms-4/e3f8ae677022e34f10fc61d9bc95b3fe/transformed/core-ktx-1.12.0 because:
  Build cache is disabled
  Caching not enabled.
Caching disabled for AarTransform: /home/work/.gradle/caches/transforms-4/6dd1d69683217082b68a1485e87e4628/transformed/room-runtime-2.6.1 because:
  Build cache is disabled
  Caching not enabled.
Caching disabled for AarTransform: /home/work/.gradle/caches/transforms-4/16aba03a6df4631803bd1b93a2df4246/transformed/room-ktx-2.6.1 because:
  Build cache is disabled
  Caching not enabled.
Caching disabled for AarTransform: /home/work/.gradle/caches/transforms-4/8f5a0e3b0bf5bb578801c1520008a24a/transformed/datastore-preferences-1.0.0 because:
  Build cache is disabled
  Caching not enabled.
Caching disabled for AarTransform: /home/work/.gradle/caches/transforms-4/6f75ef7bddfad6ababb0e969da722b7c/transformed/sqlite-framework-2.4.0 because:
  Build cache is disabled
  Caching not enabled.
Caching disabled for AarTransform: /home/work/.gradle/caches/transforms-4/193a9ec678b971d5f3c7549b1a7af662/transformed/sqlite-2.4.0 because:
  Build cache is disabled
  Caching not enabled.
Caching disabled for AarTransform: /home/work/.gradle/caches/transforms-4/53b4e8308df4e480a8d105867e378376/transformed/datastore-1.0.0 because:
  Build cache is disabled
  Caching not enabled.
Caching disabled for AarTransform: /home/work/.gradle/caches/transforms-4/12f0d85e3fc71c77ca64d46e4efe1176/transformed/runtime-saveable-release because:
  Build cache is disabled
  Caching not enabled.
Caching disabled for AarTransform: /home/work/.gradle/caches/transforms-4/c6ca1d71f5553f2dcf4b73060031cf57/transformed/runtime-release because:
  Build cache is disabled
  Caching not enabled.
Caching disabled for AarTransform: /home/work/.gradle/caches/transforms-4/c422215d4ecc0f7671ad193841b11f35/transformed/annotation-experimental-1.4.0 because:
  Build cache is disabled
  Caching not enabled.
Caching disabled for AarTransform: /home/work/.gradle/caches/transforms-4/03c1684486fde00bc2b40e4a64902b2a/transformed/versionedparcelable-1.1.1 because:
  Build cache is disabled
  Caching not enabled.
Caching disabled for AarTransform: /home/work/.gradle/caches/transforms-4/4b895aacf88399647e113a4b46c4f32e/transformed/core-runtime-2.2.0 because:
  Build cache is disabled
  Caching not enabled.
Caching disabled for AarTransform: /home/work/.gradle/caches/transforms-4/ca5720815127479342f15362fd7f1c0a/transformed/interpolator-1.0.0 because:
  Build cache is disabled
  Caching not enabled.
Caching disabled for AarTransform: /home/work/.gradle/caches/transforms-4/caa965e6ddc8db71b5af1783cb9bedf4/transformed/profileinstaller-1.3.0 because:
  Build cache is disabled
  Caching not enabled.
Caching disabled for AarTransform: /home/work/.gradle/caches/transforms-4/816ce26281626c774af1d0532f13d024/transformed/startup-runtime-1.1.1 because:
  Build cache is disabled
  Caching not enabled.
Caching disabled for AarTransform: /home/work/.gradle/caches/transforms-4/233d4655400db9c478b7a397c3ed773f/transformed/tracing-1.0.0 because:
  Build cache is disabled
  Caching not enabled.
Caching disabled for AarTransform: /home/work/.gradle/caches/transforms-4/0f4edc7e73eb45fc562d51c0237f5db9/transformed/navigation-common-2.7.7 because:
  Build cache is disabled
  Caching not enabled.
Caching disabled for task ':app:mergeDebugAssets' because:
  Build cache is disabled
Task ':app:mergeDebugAssets' is not up-to-date because:
  No history is available.
The input changes require a full rebuild for incremental task ':app:mergeDebugAssets'.
Resolve mutations for :app:compressDebugAssets (Thread[included builds,5,main]) started.
:app:compressDebugAssets (Thread[included builds,5,main]) started.

> Task :app:compressDebugAssets
Caching disabled for task ':app:compressDebugAssets' because:
  Build cache is disabled
Task ':app:compressDebugAssets' is not up-to-date because:
  No history is available.
The input changes require a full rebuild for incremental task ':app:compressDebugAssets'.
Resolve mutations for :app:desugarDebugFileDependencies (Thread[included builds,5,main]) started.
:app:desugarDebugFileDependencies (Thread[included builds,5,main]) started.

> Task :app:desugarDebugFileDependencies
Caching disabled for task ':app:desugarDebugFileDependencies' because:
  Build cache is disabled
Task ':app:desugarDebugFileDependencies' is not up-to-date because:
  No history is available.
Resolve mutations for :app:checkDebugDuplicateClasses (Thread[included builds,5,main]) started.
:app:checkDebugDuplicateClasses (Thread[included builds,5,main]) started.

> Task :app:processDebugResources
Downloading https://dl.google.com/dl/android/maven2/com/android/tools/build/aapt2/8.3.0-10880808/aapt2-8.3.0-10880808.pom to /home/work/.gradle/.tmp/gradle_download7739833903030175348bin
Downloading https://dl.google.com/dl/android/maven2/com/android/tools/build/aapt2/8.3.0-10880808/aapt2-8.3.0-10880808-linux.jar to /home/work/.gradle/.tmp/gradle_download2946240550448396081bin
Transforming aapt2-8.3.0-10880808-linux.jar (com.android.tools.build:aapt2:8.3.0-10880808) with Aapt2Extractor
Caching disabled for Aapt2Extractor: /home/work/.gradle/caches/modules-2/files-2.1/com.android.tools.build/aapt2/8.3.0-10880808/9d9dcbc12c8cae605c5959e68bb1f96fb9c0fe7c/aapt2-8.3.0-10880808-linux.jar because:
  Build cache is disabled
  Caching not enabled.
Transforming navigation-common-2.7.7.aar (androidx.navigation:navigation-common:2.7.7) with ExtractAarTransform
Transforming navigation-common-2.7.7.aar (androidx.navigation:navigation-common:2.7.7) with AarResourcesCompilerTransform
Caching disabled for AarResourcesCompilerTransform: /home/work/.gradle/caches/transforms-4/0f4edc7e73eb45fc562d51c0237f5db9/transformed/navigation-common-2.7.7 because:
  Build cache is disabled
Transforming navigation-runtime-2.7.7.aar (androidx.navigation:navigation-runtime:2.7.7) with ExtractAarTransform
Transforming navigation-runtime-2.7.7.aar (androidx.navigation:navigation-runtime:2.7.7) with AarResourcesCompilerTransform
Transforming navigation-common-ktx-2.7.7.aar (androidx.navigation:navigation-common-ktx:2.7.7) with ExtractAarTransform
Transforming navigation-common-ktx-2.7.7.aar (androidx.navigation:navigation-common-ktx:2.7.7) with AarResourcesCompilerTransform
Transforming navigation-runtime-ktx-2.7.7.aar (androidx.navigation:navigation-runtime-ktx:2.7.7) with ExtractAarTransform
Transforming navigation-runtime-ktx-2.7.7.aar (androidx.navigation:navigation-runtime-ktx:2.7.7) with AarResourcesCompilerTransform
Transforming navigation-compose-2.7.7.aar (androidx.navigation:navigation-compose:2.7.7) with ExtractAarTransform
Transforming navigation-compose-2.7.7.aar (androidx.navigation:navigation-compose:2.7.7) with AarResourcesCompilerTransform
Transforming activity-1.8.2.aar (androidx.activity:activity:1.8.2) with ExtractAarTransform
Transforming activity-1.8.2.aar (androidx.activity:activity:1.8.2) with AarResourcesCompilerTransform
Transforming activity-ktx-1.8.2.aar (androidx.activity:activity-ktx:1.8.2) with ExtractAarTransform
Transforming activity-ktx-1.8.2.aar (androidx.activity:activity-ktx:1.8.2) with AarResourcesCompilerTransform
Transforming material3-release.aar (androidx.compose.material3:material3-android:1.2.1) with ExtractAarTransform
Transforming material3-release.aar (androidx.compose.material3:material3-android:1.2.1) with AarResourcesCompilerTransform
Transforming material-release.aar (androidx.compose.material:material-android:1.6.4) with ExtractAarTransform
Transforming material-release.aar (androidx.compose.material:material-android:1.6.4) with AarResourcesCompilerTransform
Transforming material-icons-core-release.aar (androidx.compose.material:material-icons-core-android:1.6.4) with ExtractAarTransform
Transforming material-icons-core-release.aar (androidx.compose.material:material-icons-core-android:1.6.4) with AarResourcesCompilerTransform
Transforming material-icons-extended-release.aar (androidx.compose.material:material-icons-extended-android:1.6.4) with ExtractAarTransform
Transforming material-icons-extended-release.aar (androidx.compose.material:material-icons-extended-android:1.6.4) with AarResourcesCompilerTransform
Transforming material-ripple-release.aar (androidx.compose.material:material-ripple-android:1.6.4) with ExtractAarTransform
Transforming material-ripple-release.aar (androidx.compose.material:material-ripple-android:1.6.4) with AarResourcesCompilerTransform
Transforming foundation-release.aar (androidx.compose.foundation:foundation-android:1.6.4) with ExtractAarTransform
Transforming foundation-release.aar (androidx.compose.foundation:foundation-android:1.6.4) with AarResourcesCompilerTransform
Transforming foundation-layout-release.aar (androidx.compose.foundation:foundation-layout-android:1.6.4) with ExtractAarTransform
Transforming foundation-layout-release.aar (androidx.compose.foundation:foundation-layout-android:1.6.4) with AarResourcesCompilerTransform
Transforming animation-core-release.aar (androidx.compose.animation:animation-core-android:1.6.4) with ExtractAarTransform
Transforming animation-core-release.aar (androidx.compose.animation:animation-core-android:1.6.4) with AarResourcesCompilerTransform
Transforming animation-release.aar (androidx.compose.animation:animation-android:1.6.4) with ExtractAarTransform
Transforming animation-release.aar (androidx.compose.animation:animation-android:1.6.4) with AarResourcesCompilerTransform
Transforming ui-tooling-data-release.aar (androidx.compose.ui:ui-tooling-data-android:1.6.4) with ExtractAarTransform
Transforming ui-tooling-data-release.aar (androidx.compose.ui:ui-tooling-data-android:1.6.4) with AarResourcesCompilerTransform
Transforming ui-unit-release.aar (androidx.compose.ui:ui-unit-android:1.6.4) with ExtractAarTransform
Transforming ui-unit-release.aar (androidx.compose.ui:ui-unit-android:1.6.4) with AarResourcesCompilerTransform
Transforming ui-geometry-release.aar (androidx.compose.ui:ui-geometry-android:1.6.4) with ExtractAarTransform
Transforming ui-geometry-release.aar (androidx.compose.ui:ui-geometry-android:1.6.4) with AarResourcesCompilerTransform
Transforming ui-util-release.aar (androidx.compose.ui:ui-util-android:1.6.4) with ExtractAarTransform
Transforming ui-util-release.aar (androidx.compose.ui:ui-util-android:1.6.4) with AarResourcesCompilerTransform
Transforming ui-text-release.aar (androidx.compose.ui:ui-text-android:1.6.4) with ExtractAarTransform
Transforming ui-text-release.aar (androidx.compose.ui:ui-text-android:1.6.4) with AarResourcesCompilerTransform
Transforming ui-tooling-preview-release.aar (androidx.compose.ui:ui-tooling-preview-android:1.6.4) with ExtractAarTransform
Transforming ui-tooling-preview-release.aar (androidx.compose.ui:ui-tooling-preview-android:1.6.4) with AarResourcesCompilerTransform
Transforming ui-graphics-release.aar (androidx.compose.ui:ui-graphics-android:1.6.4) with ExtractAarTransform
Transforming ui-graphics-release.aar (androidx.compose.ui:ui-graphics-android:1.6.4) with AarResourcesCompilerTransform
Transforming ui-test-manifest-1.6.4.aar (androidx.compose.ui:ui-test-manifest:1.6.4) with ExtractAarTransform
Transforming ui-test-manifest-1.6.4.aar (androidx.compose.ui:ui-test-manifest:1.6.4) with AarResourcesCompilerTransform
Transforming ui-tooling-release.aar (androidx.compose.ui:ui-tooling-android:1.6.4) with ExtractAarTransform
Transforming ui-tooling-release.aar (androidx.compose.ui:ui-tooling-android:1.6.4) with AarResourcesCompilerTransform
Transforming activity-compose-1.8.2.aar (androidx.activity:activity-compose:1.8.2) with ExtractAarTransform
Transforming activity-compose-1.8.2.aar (androidx.activity:activity-compose:1.8.2) with AarResourcesCompilerTransform
Transforming emoji2-1.3.0.aar (androidx.emoji2:emoji2:1.3.0) with ExtractAarTransform
Transforming emoji2-1.3.0.aar (androidx.emoji2:emoji2:1.3.0) with AarResourcesCompilerTransform
Transforming lifecycle-process-2.7.0.aar (androidx.lifecycle:lifecycle-process:2.7.0) with ExtractAarTransform
Transforming lifecycle-process-2.7.0.aar (androidx.lifecycle:lifecycle-process:2.7.0) with AarResourcesCompilerTransform
Transforming lifecycle-livedata-core-2.7.0.aar (androidx.lifecycle:lifecycle-livedata-core:2.7.0) with ExtractAarTransform
Transforming lifecycle-livedata-core-2.7.0.aar (androidx.lifecycle:lifecycle-livedata-core:2.7.0) with AarResourcesCompilerTransform
Transforming savedstate-ktx-1.2.1.aar (androidx.savedstate:savedstate-ktx:1.2.1) with ExtractAarTransform
Transforming savedstate-ktx-1.2.1.aar (androidx.savedstate:savedstate-ktx:1.2.1) with AarResourcesCompilerTransform
Transforming savedstate-1.2.1.aar (androidx.savedstate:savedstate:1.2.1) with ExtractAarTransform
Transforming savedstate-1.2.1.aar (androidx.savedstate:savedstate:1.2.1) with AarResourcesCompilerTransform
Transforming lifecycle-viewmodel-savedstate-2.7.0.aar (androidx.lifecycle:lifecycle-viewmodel-savedstate:2.7.0) with ExtractAarTransform
Transforming lifecycle-viewmodel-savedstate-2.7.0.aar (androidx.lifecycle:lifecycle-viewmodel-savedstate:2.7.0) with AarResourcesCompilerTransform
Transforming lifecycle-viewmodel-ktx-2.7.0.aar (androidx.lifecycle:lifecycle-viewmodel-ktx:2.7.0) with ExtractAarTransform
Transforming lifecycle-viewmodel-ktx-2.7.0.aar (androidx.lifecycle:lifecycle-viewmodel-ktx:2.7.0) with AarResourcesCompilerTransform
Transforming lifecycle-viewmodel-2.7.0.aar (androidx.lifecycle:lifecycle-viewmodel:2.7.0) with ExtractAarTransform
Transforming lifecycle-viewmodel-2.7.0.aar (androidx.lifecycle:lifecycle-viewmodel:2.7.0) with AarResourcesCompilerTransform
Transforming lifecycle-runtime-2.7.0.aar (androidx.lifecycle:lifecycle-runtime:2.7.0) with ExtractAarTransform
Transforming lifecycle-runtime-2.7.0.aar (androidx.lifecycle:lifecycle-runtime:2.7.0) with AarResourcesCompilerTransform
Transforming lifecycle-runtime-compose-2.7.0.aar (androidx.lifecycle:lifecycle-runtime-compose:2.7.0) with ExtractAarTransform
Transforming lifecycle-runtime-compose-2.7.0.aar (androidx.lifecycle:lifecycle-runtime-compose:2.7.0) with AarResourcesCompilerTransform
Transforming lifecycle-runtime-ktx-2.7.0.aar (androidx.lifecycle:lifecycle-runtime-ktx:2.7.0) with ExtractAarTransform
Transforming lifecycle-runtime-ktx-2.7.0.aar (androidx.lifecycle:lifecycle-runtime-ktx:2.7.0) with AarResourcesCompilerTransform
Transforming lifecycle-viewmodel-compose-2.7.0.aar (androidx.lifecycle:lifecycle-viewmodel-compose:2.7.0) with ExtractAarTransform
Transforming lifecycle-viewmodel-compose-2.7.0.aar (androidx.lifecycle:lifecycle-viewmodel-compose:2.7.0) with AarResourcesCompilerTransform
Transforming ui-release.aar (androidx.compose.ui:ui-android:1.6.4) with ExtractAarTransform
Transforming ui-release.aar (androidx.compose.ui:ui-android:1.6.4) with AarResourcesCompilerTransform
Transforming autofill-1.0.0.aar (androidx.autofill:autofill:1.0.0) with ExtractAarTransform
Transforming autofill-1.0.0.aar (androidx.autofill:autofill:1.0.0) with AarResourcesCompilerTransform
Transforming core-1.12.0.aar (androidx.core:core:1.12.0) with ExtractAarTransform
Transforming core-1.12.0.aar (androidx.core:core:1.12.0) with AarResourcesCompilerTransform
Transforming core-1.12.0.aar (androidx.core:core:1.12.0) with ExtractAarTransform
Transforming core-1.12.0.aar (androidx.core:core:1.12.0) with AarResourcesCompilerTransform
Transforming customview-poolingcontainer-1.0.0.aar (androidx.customview:customview-poolingcontainer:1.0.0) with ExtractAarTransform
Transforming customview-poolingcontainer-1.0.0.aar (androidx.customview:customview-poolingcontainer:1.0.0) with AarResourcesCompilerTransform
Transforming core-ktx-1.12.0.aar (androidx.core:core-ktx:1.12.0) with ExtractAarTransform
Transforming core-ktx-1.12.0.aar (androidx.core:core-ktx:1.12.0) with AarResourcesCompilerTransform
Transforming room-runtime-2.6.1.aar (androidx.room:room-runtime:2.6.1) with ExtractAarTransform
Transforming room-runtime-2.6.1.aar (androidx.room:room-runtime:2.6.1) with AarResourcesCompilerTransform
Transforming room-ktx-2.6.1.aar (androidx.room:room-ktx:2.6.1) with ExtractAarTransform
Transforming room-ktx-2.6.1.aar (androidx.room:room-ktx:2.6.1) with AarResourcesCompilerTransform
Transforming datastore-preferences-1.0.0.aar (androidx.datastore:datastore-preferences:1.0.0) with ExtractAarTransform
Transforming datastore-preferences-1.0.0.aar (androidx.datastore:datastore-preferences:1.0.0) with AarResourcesCompilerTransform
Transforming sqlite-framework-2.4.0.aar (androidx.sqlite:sqlite-framework:2.4.0) with ExtractAarTransform
Transforming sqlite-framework-2.4.0.aar (androidx.sqlite:sqlite-framework:2.4.0) with AarResourcesCompilerTransform
Transforming sqlite-2.4.0.aar (androidx.sqlite:sqlite:2.4.0) with ExtractAarTransform
Transforming sqlite-2.4.0.aar (androidx.sqlite:sqlite:2.4.0) with AarResourcesCompilerTransform
Transforming datastore-1.0.0.aar (androidx.datastore:datastore:1.0.0) with ExtractAarTransform
Transforming datastore-1.0.0.aar (androidx.datastore:datastore:1.0.0) with AarResourcesCompilerTransform
Transforming runtime-saveable-release.aar (androidx.compose.runtime:runtime-saveable-android:1.6.4) with ExtractAarTransform
Transforming runtime-saveable-release.aar (androidx.compose.runtime:runtime-saveable-android:1.6.4) with AarResourcesCompilerTransform
Transforming runtime-release.aar (androidx.compose.runtime:runtime-android:1.6.4) with ExtractAarTransform
Transforming runtime-release.aar (androidx.compose.runtime:runtime-android:1.6.4) with AarResourcesCompilerTransform
Transforming annotation-experimental-1.4.0.aar (androidx.annotation:annotation-experimental:1.4.0) with ExtractAarTransform
Transforming annotation-experimental-1.4.0.aar (androidx.annotation:annotation-experimental:1.4.0) with AarResourcesCompilerTransform
Transforming versionedparcelable-1.1.1.aar (androidx.versionedparcelable:versionedparcelable:1.1.1) with ExtractAarTransform
Transforming versionedparcelable-1.1.1.aar (androidx.versionedparcelable:versionedparcelable:1.1.1) with AarResourcesCompilerTransform
Transforming core-runtime-2.2.0.aar (androidx.arch.core:core-runtime:2.2.0) with ExtractAarTransform
Transforming core-runtime-2.2.0.aar (androidx.arch.core:core-runtime:2.2.0) with AarResourcesCompilerTransform
Transforming interpolator-1.0.0.aar (androidx.interpolator:interpolator:1.0.0) with ExtractAarTransform
Transforming interpolator-1.0.0.aar (androidx.interpolator:interpolator:1.0.0) with AarResourcesCompilerTransform
Transforming profileinstaller-1.3.0.aar (androidx.profileinstaller:profileinstaller:1.3.0) with ExtractAarTransform
Transforming profileinstaller-1.3.0.aar (androidx.profileinstaller:profileinstaller:1.3.0) with AarResourcesCompilerTransform
Transforming startup-runtime-1.1.1.aar (androidx.startup:startup-runtime:1.1.1) with ExtractAarTransform
Transforming startup-runtime-1.1.1.aar (androidx.startup:startup-runtime:1.1.1) with AarResourcesCompilerTransform
Transforming tracing-1.0.0.aar (androidx.tracing:tracing:1.0.0) with ExtractAarTransform
Transforming tracing-1.0.0.aar (androidx.tracing:tracing:1.0.0) with AarResourcesCompilerTransform
Caching disabled for AarResourcesCompilerTransform: /home/work/.gradle/caches/transforms-4/4e561c33054fe24aae0240d7f039956c/transformed/navigation-runtime-2.7.7 because:
  Build cache is disabled
Caching disabled for AarResourcesCompilerTransform: /home/work/.gradle/caches/transforms-4/31dc9faa96c3ff419b8a0e3fd9cf5ea1/transformed/navigation-common-ktx-2.7.7 because:
  Build cache is disabled
Caching disabled for AarResourcesCompilerTransform: /home/work/.gradle/caches/transforms-4/9844cfe113e808b7b13e4bf7e188cd15/transformed/navigation-runtime-ktx-2.7.7 because:
  Build cache is disabled
Caching disabled for AarResourcesCompilerTransform: /home/work/.gradle/caches/transforms-4/e89ec385b85ad77850115ac9861f887a/transformed/navigation-compose-2.7.7 because:
  Build cache is disabled
Caching disabled for AarResourcesCompilerTransform: /home/work/.gradle/caches/transforms-4/13481ff85102064c196181d8cfb97f3f/transformed/activity-1.8.2 because:
  Build cache is disabled
Caching disabled for AarResourcesCompilerTransform: /home/work/.gradle/caches/transforms-4/7495272c4b167b58aed4c9d8265b7e2d/transformed/activity-ktx-1.8.2 because:
  Build cache is disabled
Caching disabled for AarResourcesCompilerTransform: /home/work/.gradle/caches/transforms-4/ede5034769eb92ef6fc9c2e32b045eea/transformed/material3-release because:
  Build cache is disabled
Caching disabled for AarResourcesCompilerTransform: /home/work/.gradle/caches/transforms-4/440049452ed43fa3a9d4a47eb3e97b8c/transformed/material-release because:
  Build cache is disabled
Caching disabled for AarResourcesCompilerTransform: /home/work/.gradle/caches/transforms-4/f1bab65efcc69580be1609f050af593a/transformed/material-icons-extended-release because:
  Build cache is disabled
Caching disabled for AarResourcesCompilerTransform: /home/work/.gradle/caches/transforms-4/65aac476dac3ccbca90863b4188fe93d/transformed/material-icons-core-release because:
  Build cache is disabled
Caching disabled for AarResourcesCompilerTransform: /home/work/.gradle/caches/transforms-4/5c31f4ff19bac0d1e372893b593b5628/transformed/material-ripple-release because:
  Build cache is disabled
Caching disabled for AarResourcesCompilerTransform: /home/work/.gradle/caches/transforms-4/51517fb65aebbf2a3917ff84a7680bea/transformed/foundation-release because:
  Build cache is disabled
Caching disabled for AarResourcesCompilerTransform: /home/work/.gradle/caches/transforms-4/68b5671e2753c7d524c7d182facd781d/transformed/foundation-layout-release because:
  Build cache is disabled
Caching disabled for AarResourcesCompilerTransform: /home/work/.gradle/caches/transforms-4/904d34962a66b4273a957749abdc921f/transformed/animation-core-release because:
  Build cache is disabled
Caching disabled for AarResourcesCompilerTransform: /home/work/.gradle/caches/transforms-4/ab7d9db22cad2ea5feab190f7f1d941b/transformed/animation-release because:
  Build cache is disabled
Caching disabled for AarResourcesCompilerTransform: /home/work/.gradle/caches/transforms-4/4ea70a84e182d18e2c9de100a66fda04/transformed/ui-tooling-data-release because:
  Build cache is disabled
Caching disabled for AarResourcesCompilerTransform: /home/work/.gradle/caches/transforms-4/1a432830b3e498dd23566ccec14a0ee9/transformed/ui-unit-release because:
  Build cache is disabled
Caching disabled for AarResourcesCompilerTransform: /home/work/.gradle/caches/transforms-4/dc0387d60b41ff7f1d6f0f89ac4e97da/transformed/ui-geometry-release because:
  Build cache is disabled
Caching disabled for AarResourcesCompilerTransform: /home/work/.gradle/caches/transforms-4/fe7da7632d16a82ac6a89276c8de26cc/transformed/ui-util-release because:
  Build cache is disabled
Caching disabled for AarResourcesCompilerTransform: /home/work/.gradle/caches/transforms-4/340416d5462b46941ea0f70ee70719c9/transformed/ui-text-release because:
  Build cache is disabled
Caching disabled for AarResourcesCompilerTransform: /home/work/.gradle/caches/transforms-4/e73fa152cde1e6f98df427b32aeed442/transformed/ui-tooling-preview-release because:
  Build cache is disabled
Caching disabled for AarResourcesCompilerTransform: /home/work/.gradle/caches/transforms-4/5bc6e2ddca8335badaf97f477f1e4293/transformed/ui-graphics-release because:
  Build cache is disabled
Caching disabled for AarResourcesCompilerTransform: /home/work/.gradle/caches/transforms-4/8b0a1dc338ddf4a7a9336bb42bcf218f/transformed/ui-test-manifest-1.6.4 because:
  Build cache is disabled
Caching disabled for AarResourcesCompilerTransform: /home/work/.gradle/caches/transforms-4/53dfb837101cc8570fa397135ade4964/transformed/ui-tooling-release because:
  Build cache is disabled
Caching disabled for AarResourcesCompilerTransform: /home/work/.gradle/caches/transforms-4/2c883cd359a20d3dff7308fd75b76ba6/transformed/emoji2-1.3.0 because:
  Build cache is disabled
Caching disabled for AarResourcesCompilerTransform: /home/work/.gradle/caches/transforms-4/99e7b40b04501308747efa568058b5a7/transformed/activity-compose-1.8.2 because:
  Build cache is disabled
Caching disabled for AarResourcesCompilerTransform: /home/work/.gradle/caches/transforms-4/49736cba61bf7c2c4afa895dea62922e/transformed/lifecycle-process-2.7.0 because:
  Build cache is disabled
Caching disabled for AarResourcesCompilerTransform: /home/work/.gradle/caches/transforms-4/330671933b3e491680735ff8685ce78b/transformed/lifecycle-livedata-core-2.7.0 because:
  Build cache is disabled
Caching disabled for AarResourcesCompilerTransform: /home/work/.gradle/caches/transforms-4/1c6ae362494740a87122d83b9ea3f00f/transformed/savedstate-ktx-1.2.1 because:
  Build cache is disabled
Caching disabled for AarResourcesCompilerTransform: /home/work/.gradle/caches/transforms-4/d263a73481621f9a07a1b657079178d9/transformed/savedstate-1.2.1 because:
  Build cache is disabled
Caching disabled for AarResourcesCompilerTransform: /home/work/.gradle/caches/transforms-4/0256e05e0f5feb2431e1b5ba811ca493/transformed/lifecycle-viewmodel-savedstate-2.7.0 because:
  Build cache is disabled
Caching disabled for AarResourcesCompilerTransform: /home/work/.gradle/caches/transforms-4/8d30544f7f393ef676ee11e23c532ea3/transformed/lifecycle-viewmodel-ktx-2.7.0 because:
  Build cache is disabled
Caching disabled for AarResourcesCompilerTransform: /home/work/.gradle/caches/transforms-4/14e9670e57b5357726d16598dcae8860/transformed/lifecycle-viewmodel-2.7.0 because:
  Build cache is disabled
Caching disabled for AarResourcesCompilerTransform: /home/work/.gradle/caches/transforms-4/c8a3dd1570f09a3a1ae256af99533305/transformed/lifecycle-runtime-2.7.0 because:
  Build cache is disabled
Caching disabled for AarResourcesCompilerTransform: /home/work/.gradle/caches/transforms-4/c059ae3f656ca7d2252a3066b83ccb4d/transformed/lifecycle-runtime-compose-2.7.0 because:
  Build cache is disabled
Caching disabled for AarResourcesCompilerTransform: /home/work/.gradle/caches/transforms-4/6629fe5921a0c459c28e3a2d7dab383b/transformed/lifecycle-runtime-ktx-2.7.0 because:
  Build cache is disabled
Caching disabled for AarResourcesCompilerTransform: /home/work/.gradle/caches/transforms-4/aec69a1504fe974cfb651229438fc8a7/transformed/lifecycle-viewmodel-compose-2.7.0 because:
  Build cache is disabled
Caching disabled for AarResourcesCompilerTransform: /home/work/.gradle/caches/transforms-4/8e41a17455f12350e19d821abd7ca6a3/transformed/ui-release because:
  Build cache is disabled
Caching disabled for AarResourcesCompilerTransform: /home/work/.gradle/caches/transforms-4/1f0d4fa644b2fa83f43396a6092fb5d6/transformed/autofill-1.0.0 because:
  Build cache is disabled
Compiling xml file /home/work/.gradle/caches/transforms-4/8e41a17455f12350e19d821abd7ca6a3/transformed/ui-release/res/color/vector_tint_color.xml to /home/work/.gradle/caches/transforms-4/f1fa6c78e24ead0d60bd4bf8d56ef250-74ae76f2-e25e-44a1-8906-8a92b7f87fc8/transformed/androidx.compose.ui/color_vector_tint_color.xml.flat
Caching disabled for AarResourcesCompilerTransform: /home/work/.gradle/caches/transforms-4/e7ac923e151a5f6c2b7920ce86dfcf41/transformed/core-1.12.0 because:
  Build cache is disabled
Compiling xml file /home/work/.gradle/caches/transforms-4/e7ac923e151a5f6c2b7920ce86dfcf41/transformed/core-1.12.0/res/layout-v21/notification_action.xml to /home/work/.gradle/caches/transforms-4/3f7a381a9361a4640d40682f5197df1e-b67b185e-70c7-4d87-bca1-c5e21a2232c3/transformed/androidx.core/layout-v21_notification_action.xml.flat
Compiling xml file /home/work/.gradle/caches/transforms-4/8e41a17455f12350e19d821abd7ca6a3/transformed/ui-release/res/color/vector_tint_theme_color.xml to /home/work/.gradle/caches/transforms-4/f1fa6c78e24ead0d60bd4bf8d56ef250-74ae76f2-e25e-44a1-8906-8a92b7f87fc8/transformed/androidx.compose.ui/color_vector_tint_theme_color.xml.flat
Compiling xml file /home/work/.gradle/caches/transforms-4/e7ac923e151a5f6c2b7920ce86dfcf41/transformed/core-1.12.0/res/layout-v21/notification_template_custom_big.xml to /home/work/.gradle/caches/transforms-4/3f7a381a9361a4640d40682f5197df1e-b67b185e-70c7-4d87-bca1-c5e21a2232c3/transformed/androidx.core/layout-v21_notification_template_custom_big.xml.flat
Compiling xml file /home/work/.gradle/caches/transforms-4/e7ac923e151a5f6c2b7920ce86dfcf41/transformed/core-1.12.0/res/layout-v21/notification_action_tombstone.xml to /home/work/.gradle/caches/transforms-4/3f7a381a9361a4640d40682f5197df1e-b67b185e-70c7-4d87-bca1-c5e21a2232c3/transformed/androidx.core/layout-v21_notification_action_tombstone.xml.flat
Compiling xml file /home/work/.gradle/caches/transforms-4/e7ac923e151a5f6c2b7920ce86dfcf41/transformed/core-1.12.0/res/layout-v21/notification_template_icon_group.xml to /home/work/.gradle/caches/transforms-4/3f7a381a9361a4640d40682f5197df1e-b67b185e-70c7-4d87-bca1-c5e21a2232c3/transformed/androidx.core/layout-v21_notification_template_icon_group.xml.flat
Compiling xml file /home/work/.gradle/caches/transforms-4/e7ac923e151a5f6c2b7920ce86dfcf41/transformed/core-1.12.0/res/drawable-anydpi-v21/ic_call_decline_low.xml to /home/work/.gradle/caches/transforms-4/3f7a381a9361a4640d40682f5197df1e-b67b185e-70c7-4d87-bca1-c5e21a2232c3/transformed/androidx.core/drawable-anydpi-v21_ic_call_decline_low.xml.flat
Compiling xml file /home/work/.gradle/caches/transforms-4/e7ac923e151a5f6c2b7920ce86dfcf41/transformed/core-1.12.0/res/drawable-anydpi-v21/ic_call_answer.xml to /home/work/.gradle/caches/transforms-4/3f7a381a9361a4640d40682f5197df1e-b67b185e-70c7-4d87-bca1-c5e21a2232c3/transformed/androidx.core/drawable-anydpi-v21_ic_call_answer.xml.flat
Compiling xml file /home/work/.gradle/caches/transforms-4/e7ac923e151a5f6c2b7920ce86dfcf41/transformed/core-1.12.0/res/drawable-anydpi-v21/ic_call_answer_video.xml to /home/work/.gradle/caches/transforms-4/3f7a381a9361a4640d40682f5197df1e-b67b185e-70c7-4d87-bca1-c5e21a2232c3/transformed/androidx.core/drawable-anydpi-v21_ic_call_answer_video.xml.flat
Compiling xml file /home/work/.gradle/caches/transforms-4/e7ac923e151a5f6c2b7920ce86dfcf41/transformed/core-1.12.0/res/drawable-anydpi-v21/ic_call_answer_low.xml to /home/work/.gradle/caches/transforms-4/3f7a381a9361a4640d40682f5197df1e-b67b185e-70c7-4d87-bca1-c5e21a2232c3/transformed/androidx.core/drawable-anydpi-v21_ic_call_answer_low.xml.flat
Compiling xml file /home/work/.gradle/caches/transforms-4/e7ac923e151a5f6c2b7920ce86dfcf41/transformed/core-1.12.0/res/drawable-anydpi-v21/ic_call_decline.xml to /home/work/.gradle/caches/transforms-4/3f7a381a9361a4640d40682f5197df1e-b67b185e-70c7-4d87-bca1-c5e21a2232c3/transformed/androidx.core/drawable-anydpi-v21_ic_call_decline.xml.flat
Compiling xml file /home/work/.gradle/caches/transforms-4/e7ac923e151a5f6c2b7920ce86dfcf41/transformed/core-1.12.0/res/drawable-anydpi-v21/ic_call_answer_video_low.xml to /home/work/.gradle/caches/transforms-4/3f7a381a9361a4640d40682f5197df1e-b67b185e-70c7-4d87-bca1-c5e21a2232c3/transformed/androidx.core/drawable-anydpi-v21_ic_call_answer_video_low.xml.flat
AAPT2 aapt2-8.3.0-10880808-linux Daemon #0: starting
Compiling xml file /home/work/.gradle/caches/transforms-4/e7ac923e151a5f6c2b7920ce86dfcf41/transformed/core-1.12.0/res/drawable-v21/notification_action_background.xml to /home/work/.gradle/caches/transforms-4/3f7a381a9361a4640d40682f5197df1e-b67b185e-70c7-4d87-bca1-c5e21a2232c3/transformed/androidx.core/drawable-v21_notification_action_background.xml.flat
Compiling xml file /home/work/.gradle/caches/transforms-4/e7ac923e151a5f6c2b7920ce86dfcf41/transformed/core-1.12.0/res/drawable/notification_icon_background.xml to /home/work/.gradle/caches/transforms-4/3f7a381a9361a4640d40682f5197df1e-b67b185e-70c7-4d87-bca1-c5e21a2232c3/transformed/androidx.core/drawable_notification_icon_background.xml.flat
Compiling xml file /home/work/.gradle/caches/transforms-4/e7ac923e151a5f6c2b7920ce86dfcf41/transformed/core-1.12.0/res/drawable/notification_bg_low.xml to /home/work/.gradle/caches/transforms-4/3f7a381a9361a4640d40682f5197df1e-b67b185e-70c7-4d87-bca1-c5e21a2232c3/transformed/androidx.core/drawable_notification_bg_low.xml.flat
Compiling xml file /home/work/.gradle/caches/transforms-4/e7ac923e151a5f6c2b7920ce86dfcf41/transformed/core-1.12.0/res/drawable/notification_tile_bg.xml to /home/work/.gradle/caches/transforms-4/3f7a381a9361a4640d40682f5197df1e-b67b185e-70c7-4d87-bca1-c5e21a2232c3/transformed/androidx.core/drawable_notification_tile_bg.xml.flat
Compiling xml file /home/work/.gradle/caches/transforms-4/e7ac923e151a5f6c2b7920ce86dfcf41/transformed/core-1.12.0/res/drawable/notification_bg.xml to /home/work/.gradle/caches/transforms-4/3f7a381a9361a4640d40682f5197df1e-b67b185e-70c7-4d87-bca1-c5e21a2232c3/transformed/androidx.core/drawable_notification_bg.xml.flat
Compiling xml file /home/work/.gradle/caches/transforms-4/e7ac923e151a5f6c2b7920ce86dfcf41/transformed/core-1.12.0/res/layout-v16/notification_template_custom_big.xml to /home/work/.gradle/caches/transforms-4/3f7a381a9361a4640d40682f5197df1e-b67b185e-70c7-4d87-bca1-c5e21a2232c3/transformed/androidx.core/layout-v16_notification_template_custom_big.xml.flat
Compiling xml file /home/work/.gradle/caches/transforms-4/e7ac923e151a5f6c2b7920ce86dfcf41/transformed/core-1.12.0/res/layout/notification_template_part_time.xml to /home/work/.gradle/caches/transforms-4/3f7a381a9361a4640d40682f5197df1e-b67b185e-70c7-4d87-bca1-c5e21a2232c3/transformed/androidx.core/layout_notification_template_part_time.xml.flat
Compiling xml file /home/work/.gradle/caches/transforms-4/e7ac923e151a5f6c2b7920ce86dfcf41/transformed/core-1.12.0/res/layout/notification_action.xml to /home/work/.gradle/caches/transforms-4/3f7a381a9361a4640d40682f5197df1e-b67b185e-70c7-4d87-bca1-c5e21a2232c3/transformed/androidx.core/layout_notification_action.xml.flat
Compiling xml file /home/work/.gradle/caches/transforms-4/e7ac923e151a5f6c2b7920ce86dfcf41/transformed/core-1.12.0/res/layout/notification_template_part_chronometer.xml to /home/work/.gradle/caches/transforms-4/3f7a381a9361a4640d40682f5197df1e-b67b185e-70c7-4d87-bca1-c5e21a2232c3/transformed/androidx.core/layout_notification_template_part_chronometer.xml.flat
Compiling xml file /home/work/.gradle/caches/transforms-4/e7ac923e151a5f6c2b7920ce86dfcf41/transformed/core-1.12.0/res/layout/ime_secondary_split_test_activity.xml to /home/work/.gradle/caches/transforms-4/3f7a381a9361a4640d40682f5197df1e-b67b185e-70c7-4d87-bca1-c5e21a2232c3/transformed/androidx.core/layout_ime_secondary_split_test_activity.xml.flat
Compiling xml file /home/work/.gradle/caches/transforms-4/e7ac923e151a5f6c2b7920ce86dfcf41/transformed/core-1.12.0/res/layout/ime_base_split_test_activity.xml to /home/work/.gradle/caches/transforms-4/3f7a381a9361a4640d40682f5197df1e-b67b185e-70c7-4d87-bca1-c5e21a2232c3/transformed/androidx.core/layout_ime_base_split_test_activity.xml.flat
Compiling xml file /home/work/.gradle/caches/transforms-4/e7ac923e151a5f6c2b7920ce86dfcf41/transformed/core-1.12.0/res/layout/custom_dialog.xml to /home/work/.gradle/caches/transforms-4/3f7a381a9361a4640d40682f5197df1e-b67b185e-70c7-4d87-bca1-c5e21a2232c3/transformed/androidx.core/layout_custom_dialog.xml.flat
Compiling xml file /home/work/.gradle/caches/transforms-4/e7ac923e151a5f6c2b7920ce86dfcf41/transformed/core-1.12.0/res/layout/notification_template_custom_big.xml to /home/work/.gradle/caches/transforms-4/3f7a381a9361a4640d40682f5197df1e-b67b185e-70c7-4d87-bca1-c5e21a2232c3/transformed/androidx.core/layout_notification_template_custom_big.xml.flat
Compiling xml file /home/work/.gradle/caches/transforms-4/e7ac923e151a5f6c2b7920ce86dfcf41/transformed/core-1.12.0/res/layout/notification_action_tombstone.xml to /home/work/.gradle/caches/transforms-4/3f7a381a9361a4640d40682f5197df1e-b67b185e-70c7-4d87-bca1-c5e21a2232c3/transformed/androidx.core/layout_notification_action_tombstone.xml.flat
Compiling xml file /home/work/.gradle/caches/transforms-4/e7ac923e151a5f6c2b7920ce86dfcf41/transformed/core-1.12.0/res/layout/notification_template_icon_group.xml to /home/work/.gradle/caches/transforms-4/3f7a381a9361a4640d40682f5197df1e-b67b185e-70c7-4d87-bca1-c5e21a2232c3/transformed/androidx.core/layout_notification_template_icon_group.xml.flat
Caching disabled for AarResourcesCompilerTransform: /home/work/.gradle/caches/transforms-4/4d0918fac81194817bd56c165cb19099/transformed/customview-poolingcontainer-1.0.0 because:
  Build cache is disabled
Caching disabled for AarResourcesCompilerTransform: /home/work/.gradle/caches/transforms-4/e3f8ae677022e34f10fc61d9bc95b3fe/transformed/core-ktx-1.12.0 because:
  Build cache is disabled
Caching disabled for AarResourcesCompilerTransform: /home/work/.gradle/caches/transforms-4/6dd1d69683217082b68a1485e87e4628/transformed/room-runtime-2.6.1 because:
  Build cache is disabled
Caching disabled for AarResourcesCompilerTransform: /home/work/.gradle/caches/transforms-4/16aba03a6df4631803bd1b93a2df4246/transformed/room-ktx-2.6.1 because:
  Build cache is disabled
Caching disabled for AarResourcesCompilerTransform: /home/work/.gradle/caches/transforms-4/8f5a0e3b0bf5bb578801c1520008a24a/transformed/datastore-preferences-1.0.0 because:
  Build cache is disabled
Caching disabled for AarResourcesCompilerTransform: /home/work/.gradle/caches/transforms-4/6f75ef7bddfad6ababb0e969da722b7c/transformed/sqlite-framework-2.4.0 because:
  Build cache is disabled
Caching disabled for AarResourcesCompilerTransform: /home/work/.gradle/caches/transforms-4/193a9ec678b971d5f3c7549b1a7af662/transformed/sqlite-2.4.0 because:
  Build cache is disabled
Caching disabled for AarResourcesCompilerTransform: /home/work/.gradle/caches/transforms-4/53b4e8308df4e480a8d105867e378376/transformed/datastore-1.0.0 because:
  Build cache is disabled
Caching disabled for AarResourcesCompilerTransform: /home/work/.gradle/caches/transforms-4/12f0d85e3fc71c77ca64d46e4efe1176/transformed/runtime-saveable-release because:
  Build cache is disabled
Caching disabled for AarResourcesCompilerTransform: /home/work/.gradle/caches/transforms-4/c6ca1d71f5553f2dcf4b73060031cf57/transformed/runtime-release because:
  Build cache is disabled
Caching disabled for AarResourcesCompilerTransform: /home/work/.gradle/caches/transforms-4/c422215d4ecc0f7671ad193841b11f35/transformed/annotation-experimental-1.4.0 because:
  Build cache is disabled
Caching disabled for AarResourcesCompilerTransform: /home/work/.gradle/caches/transforms-4/03c1684486fde00bc2b40e4a64902b2a/transformed/versionedparcelable-1.1.1 because:
  Build cache is disabled
Caching disabled for AarResourcesCompilerTransform: /home/work/.gradle/caches/transforms-4/4b895aacf88399647e113a4b46c4f32e/transformed/core-runtime-2.2.0 because:
  Build cache is disabled
Caching disabled for AarResourcesCompilerTransform: /home/work/.gradle/caches/transforms-4/ca5720815127479342f15362fd7f1c0a/transformed/interpolator-1.0.0 because:
  Build cache is disabled
Caching disabled for AarResourcesCompilerTransform: /home/work/.gradle/caches/transforms-4/caa965e6ddc8db71b5af1783cb9bedf4/transformed/profileinstaller-1.3.0 because:
  Build cache is disabled
Caching disabled for AarResourcesCompilerTransform: /home/work/.gradle/caches/transforms-4/816ce26281626c774af1d0532f13d024/transformed/startup-runtime-1.1.1 because:
  Build cache is disabled
Caching disabled for AarResourcesCompilerTransform: /home/work/.gradle/caches/transforms-4/233d4655400db9c478b7a397c3ed773f/transformed/tracing-1.0.0 because:
  Build cache is disabled
Transforming navigation-common-2.7.7.aar (androidx.navigation:navigation-common:2.7.7) with ExtractAarTransform
Transforming navigation-common-2.7.7.aar (androidx.navigation:navigation-common:2.7.7) with LibrarySymbolTableTransform
Transforming navigation-runtime-2.7.7.aar (androidx.navigation:navigation-runtime:2.7.7) with ExtractAarTransform
Transforming navigation-runtime-2.7.7.aar (androidx.navigation:navigation-runtime:2.7.7) with LibrarySymbolTableTransform
Transforming navigation-common-ktx-2.7.7.aar (androidx.navigation:navigation-common-ktx:2.7.7) with ExtractAarTransform
Transforming navigation-common-ktx-2.7.7.aar (androidx.navigation:navigation-common-ktx:2.7.7) with LibrarySymbolTableTransform
Transforming navigation-runtime-ktx-2.7.7.aar (androidx.navigation:navigation-runtime-ktx:2.7.7) with ExtractAarTransform
Transforming navigation-runtime-ktx-2.7.7.aar (androidx.navigation:navigation-runtime-ktx:2.7.7) with LibrarySymbolTableTransform
Transforming navigation-compose-2.7.7.aar (androidx.navigation:navigation-compose:2.7.7) with ExtractAarTransform
Caching disabled for LibrarySymbolTableTransform: /home/work/.gradle/caches/transforms-4/0f4edc7e73eb45fc562d51c0237f5db9/transformed/navigation-common-2.7.7 because:
  Build cache is disabled
Transforming navigation-compose-2.7.7.aar (androidx.navigation:navigation-compose:2.7.7) with LibrarySymbolTableTransform
Transforming activity-1.8.2.aar (androidx.activity:activity:1.8.2) with ExtractAarTransform
Transforming activity-1.8.2.aar (androidx.activity:activity:1.8.2) with LibrarySymbolTableTransform
Transforming activity-ktx-1.8.2.aar (androidx.activity:activity-ktx:1.8.2) with ExtractAarTransform
Transforming activity-ktx-1.8.2.aar (androidx.activity:activity-ktx:1.8.2) with LibrarySymbolTableTransform
Transforming material3-release.aar (androidx.compose.material3:material3-android:1.2.1) with ExtractAarTransform
Transforming material3-release.aar (androidx.compose.material3:material3-android:1.2.1) with LibrarySymbolTableTransform
Transforming material-release.aar (androidx.compose.material:material-android:1.6.4) with ExtractAarTransform
Transforming material-release.aar (androidx.compose.material:material-android:1.6.4) with LibrarySymbolTableTransform
Transforming material-icons-core-release.aar (androidx.compose.material:material-icons-core-android:1.6.4) with ExtractAarTransform
Transforming material-icons-core-release.aar (androidx.compose.material:material-icons-core-android:1.6.4) with LibrarySymbolTableTransform
Transforming material-icons-extended-release.aar (androidx.compose.material:material-icons-extended-android:1.6.4) with ExtractAarTransform
Transforming material-icons-extended-release.aar (androidx.compose.material:material-icons-extended-android:1.6.4) with LibrarySymbolTableTransform
Transforming material-ripple-release.aar (androidx.compose.material:material-ripple-android:1.6.4) with ExtractAarTransform
Transforming material-ripple-release.aar (androidx.compose.material:material-ripple-android:1.6.4) with LibrarySymbolTableTransform
Transforming foundation-release.aar (androidx.compose.foundation:foundation-android:1.6.4) with ExtractAarTransform
Transforming foundation-release.aar (androidx.compose.foundation:foundation-android:1.6.4) with LibrarySymbolTableTransform
Transforming foundation-layout-release.aar (androidx.compose.foundation:foundation-layout-android:1.6.4) with ExtractAarTransform
Transforming foundation-layout-release.aar (androidx.compose.foundation:foundation-layout-android:1.6.4) with LibrarySymbolTableTransform
Transforming animation-core-release.aar (androidx.compose.animation:animation-core-android:1.6.4) with ExtractAarTransform
Transforming animation-core-release.aar (androidx.compose.animation:animation-core-android:1.6.4) with LibrarySymbolTableTransform
Transforming animation-release.aar (androidx.compose.animation:animation-android:1.6.4) with ExtractAarTransform
Transforming animation-release.aar (androidx.compose.animation:animation-android:1.6.4) with LibrarySymbolTableTransform
Transforming ui-tooling-data-release.aar (androidx.compose.ui:ui-tooling-data-android:1.6.4) with ExtractAarTransform
Transforming ui-tooling-data-release.aar (androidx.compose.ui:ui-tooling-data-android:1.6.4) with LibrarySymbolTableTransform
Transforming ui-unit-release.aar (androidx.compose.ui:ui-unit-android:1.6.4) with ExtractAarTransform
Transforming ui-unit-release.aar (androidx.compose.ui:ui-unit-android:1.6.4) with LibrarySymbolTableTransform
Transforming ui-geometry-release.aar (androidx.compose.ui:ui-geometry-android:1.6.4) with ExtractAarTransform
Transforming ui-geometry-release.aar (androidx.compose.ui:ui-geometry-android:1.6.4) with LibrarySymbolTableTransform
Transforming ui-util-release.aar (androidx.compose.ui:ui-util-android:1.6.4) with ExtractAarTransform
Transforming ui-util-release.aar (androidx.compose.ui:ui-util-android:1.6.4) with LibrarySymbolTableTransform
Transforming ui-text-release.aar (androidx.compose.ui:ui-text-android:1.6.4) with ExtractAarTransform
Transforming ui-text-release.aar (androidx.compose.ui:ui-text-android:1.6.4) with LibrarySymbolTableTransform
Transforming ui-tooling-preview-release.aar (androidx.compose.ui:ui-tooling-preview-android:1.6.4) with ExtractAarTransform
Transforming ui-tooling-preview-release.aar (androidx.compose.ui:ui-tooling-preview-android:1.6.4) with LibrarySymbolTableTransform
Transforming ui-graphics-release.aar (androidx.compose.ui:ui-graphics-android:1.6.4) with ExtractAarTransform
Transforming ui-graphics-release.aar (androidx.compose.ui:ui-graphics-android:1.6.4) with LibrarySymbolTableTransform
Transforming ui-test-manifest-1.6.4.aar (androidx.compose.ui:ui-test-manifest:1.6.4) with ExtractAarTransform
Transforming ui-test-manifest-1.6.4.aar (androidx.compose.ui:ui-test-manifest:1.6.4) with LibrarySymbolTableTransform
Transforming ui-tooling-release.aar (androidx.compose.ui:ui-tooling-android:1.6.4) with ExtractAarTransform
Transforming ui-tooling-release.aar (androidx.compose.ui:ui-tooling-android:1.6.4) with LibrarySymbolTableTransform
Transforming activity-compose-1.8.2.aar (androidx.activity:activity-compose:1.8.2) with ExtractAarTransform
Transforming activity-compose-1.8.2.aar (androidx.activity:activity-compose:1.8.2) with LibrarySymbolTableTransform
Transforming emoji2-1.3.0.aar (androidx.emoji2:emoji2:1.3.0) with ExtractAarTransform
Caching disabled for LibrarySymbolTableTransform: /home/work/.gradle/caches/transforms-4/4e561c33054fe24aae0240d7f039956c/transformed/navigation-runtime-2.7.7 because:
  Build cache is disabled
Transforming emoji2-1.3.0.aar (androidx.emoji2:emoji2:1.3.0) with LibrarySymbolTableTransform
Transforming lifecycle-process-2.7.0.aar (androidx.lifecycle:lifecycle-process:2.7.0) with ExtractAarTransform
Transforming lifecycle-process-2.7.0.aar (androidx.lifecycle:lifecycle-process:2.7.0) with LibrarySymbolTableTransform
Transforming lifecycle-livedata-core-2.7.0.aar (androidx.lifecycle:lifecycle-livedata-core:2.7.0) with ExtractAarTransform
Transforming lifecycle-livedata-core-2.7.0.aar (androidx.lifecycle:lifecycle-livedata-core:2.7.0) with LibrarySymbolTableTransform
Transforming savedstate-ktx-1.2.1.aar (androidx.savedstate:savedstate-ktx:1.2.1) with ExtractAarTransform
Transforming savedstate-ktx-1.2.1.aar (androidx.savedstate:savedstate-ktx:1.2.1) with LibrarySymbolTableTransform
Transforming savedstate-1.2.1.aar (androidx.savedstate:savedstate:1.2.1) with ExtractAarTransform
Transforming savedstate-1.2.1.aar (androidx.savedstate:savedstate:1.2.1) with LibrarySymbolTableTransform
Transforming lifecycle-viewmodel-savedstate-2.7.0.aar (androidx.lifecycle:lifecycle-viewmodel-savedstate:2.7.0) with ExtractAarTransform
Transforming lifecycle-viewmodel-savedstate-2.7.0.aar (androidx.lifecycle:lifecycle-viewmodel-savedstate:2.7.0) with LibrarySymbolTableTransform
Transforming lifecycle-viewmodel-ktx-2.7.0.aar (androidx.lifecycle:lifecycle-viewmodel-ktx:2.7.0) with ExtractAarTransform
Transforming lifecycle-viewmodel-ktx-2.7.0.aar (androidx.lifecycle:lifecycle-viewmodel-ktx:2.7.0) with LibrarySymbolTableTransform
Transforming lifecycle-viewmodel-2.7.0.aar (androidx.lifecycle:lifecycle-viewmodel:2.7.0) with ExtractAarTransform
Transforming lifecycle-viewmodel-2.7.0.aar (androidx.lifecycle:lifecycle-viewmodel:2.7.0) with LibrarySymbolTableTransform
Transforming lifecycle-runtime-2.7.0.aar (androidx.lifecycle:lifecycle-runtime:2.7.0) with ExtractAarTransform
Transforming lifecycle-runtime-2.7.0.aar (androidx.lifecycle:lifecycle-runtime:2.7.0) with LibrarySymbolTableTransform
Transforming lifecycle-runtime-compose-2.7.0.aar (androidx.lifecycle:lifecycle-runtime-compose:2.7.0) with ExtractAarTransform
Transforming lifecycle-runtime-compose-2.7.0.aar (androidx.lifecycle:lifecycle-runtime-compose:2.7.0) with LibrarySymbolTableTransform
Transforming lifecycle-runtime-ktx-2.7.0.aar (androidx.lifecycle:lifecycle-runtime-ktx:2.7.0) with ExtractAarTransform
Transforming lifecycle-runtime-ktx-2.7.0.aar (androidx.lifecycle:lifecycle-runtime-ktx:2.7.0) with LibrarySymbolTableTransform
Transforming lifecycle-viewmodel-compose-2.7.0.aar (androidx.lifecycle:lifecycle-viewmodel-compose:2.7.0) with ExtractAarTransform
Transforming lifecycle-viewmodel-compose-2.7.0.aar (androidx.lifecycle:lifecycle-viewmodel-compose:2.7.0) with LibrarySymbolTableTransform
Transforming ui-release.aar (androidx.compose.ui:ui-android:1.6.4) with ExtractAarTransform
Transforming ui-release.aar (androidx.compose.ui:ui-android:1.6.4) with LibrarySymbolTableTransform
Transforming autofill-1.0.0.aar (androidx.autofill:autofill:1.0.0) with ExtractAarTransform
Transforming autofill-1.0.0.aar (androidx.autofill:autofill:1.0.0) with LibrarySymbolTableTransform
Transforming core-1.12.0.aar (androidx.core:core:1.12.0) with ExtractAarTransform
Transforming core-1.12.0.aar (androidx.core:core:1.12.0) with LibrarySymbolTableTransform
Transforming core-1.12.0.aar (androidx.core:core:1.12.0) with ExtractAarTransform
Transforming core-1.12.0.aar (androidx.core:core:1.12.0) with LibrarySymbolTableTransform
Transforming customview-poolingcontainer-1.0.0.aar (androidx.customview:customview-poolingcontainer:1.0.0) with ExtractAarTransform
Transforming customview-poolingcontainer-1.0.0.aar (androidx.customview:customview-poolingcontainer:1.0.0) with LibrarySymbolTableTransform
Transforming core-ktx-1.12.0.aar (androidx.core:core-ktx:1.12.0) with ExtractAarTransform
Transforming core-ktx-1.12.0.aar (androidx.core:core-ktx:1.12.0) with LibrarySymbolTableTransform
Transforming room-runtime-2.6.1.aar (androidx.room:room-runtime:2.6.1) with ExtractAarTransform
Transforming room-runtime-2.6.1.aar (androidx.room:room-runtime:2.6.1) with LibrarySymbolTableTransform
Transforming room-ktx-2.6.1.aar (androidx.room:room-ktx:2.6.1) with ExtractAarTransform
Transforming room-ktx-2.6.1.aar (androidx.room:room-ktx:2.6.1) with LibrarySymbolTableTransform
Transforming datastore-preferences-1.0.0.aar (androidx.datastore:datastore-preferences:1.0.0) with ExtractAarTransform
Transforming datastore-preferences-1.0.0.aar (androidx.datastore:datastore-preferences:1.0.0) with LibrarySymbolTableTransform
Transforming sqlite-framework-2.4.0.aar (androidx.sqlite:sqlite-framework:2.4.0) with ExtractAarTransform
Transforming sqlite-framework-2.4.0.aar (androidx.sqlite:sqlite-framework:2.4.0) with LibrarySymbolTableTransform
Transforming sqlite-2.4.0.aar (androidx.sqlite:sqlite:2.4.0) with ExtractAarTransform
Transforming sqlite-2.4.0.aar (androidx.sqlite:sqlite:2.4.0) with LibrarySymbolTableTransform
Transforming datastore-1.0.0.aar (androidx.datastore:datastore:1.0.0) with ExtractAarTransform
Transforming datastore-1.0.0.aar (androidx.datastore:datastore:1.0.0) with LibrarySymbolTableTransform
Transforming runtime-saveable-release.aar (androidx.compose.runtime:runtime-saveable-android:1.6.4) with ExtractAarTransform
Transforming runtime-saveable-release.aar (androidx.compose.runtime:runtime-saveable-android:1.6.4) with LibrarySymbolTableTransform
Transforming runtime-release.aar (androidx.compose.runtime:runtime-android:1.6.4) with ExtractAarTransform
Transforming runtime-release.aar (androidx.compose.runtime:runtime-android:1.6.4) with LibrarySymbolTableTransform
Transforming annotation-experimental-1.4.0.aar (androidx.annotation:annotation-experimental:1.4.0) with ExtractAarTransform
Transforming annotation-experimental-1.4.0.aar (androidx.annotation:annotation-experimental:1.4.0) with LibrarySymbolTableTransform
Transforming versionedparcelable-1.1.1.aar (androidx.versionedparcelable:versionedparcelable:1.1.1) with ExtractAarTransform
Transforming versionedparcelable-1.1.1.aar (androidx.versionedparcelable:versionedparcelable:1.1.1) with LibrarySymbolTableTransform
Transforming core-runtime-2.2.0.aar (androidx.arch.core:core-runtime:2.2.0) with ExtractAarTransform
Transforming core-runtime-2.2.0.aar (androidx.arch.core:core-runtime:2.2.0) with LibrarySymbolTableTransform
Transforming interpolator-1.0.0.aar (androidx.interpolator:interpolator:1.0.0) with ExtractAarTransform
Transforming interpolator-1.0.0.aar (androidx.interpolator:interpolator:1.0.0) with LibrarySymbolTableTransform
Caching disabled for LibrarySymbolTableTransform: /home/work/.gradle/caches/transforms-4/31dc9faa96c3ff419b8a0e3fd9cf5ea1/transformed/navigation-common-ktx-2.7.7 because:
  Build cache is disabled
Transforming profileinstaller-1.3.0.aar (androidx.profileinstaller:profileinstaller:1.3.0) with ExtractAarTransform
Transforming profileinstaller-1.3.0.aar (androidx.profileinstaller:profileinstaller:1.3.0) with LibrarySymbolTableTransform
Transforming startup-runtime-1.1.1.aar (androidx.startup:startup-runtime:1.1.1) with ExtractAarTransform
Transforming startup-runtime-1.1.1.aar (androidx.startup:startup-runtime:1.1.1) with LibrarySymbolTableTransform
Transforming tracing-1.0.0.aar (androidx.tracing:tracing:1.0.0) with ExtractAarTransform
Transforming tracing-1.0.0.aar (androidx.tracing:tracing:1.0.0) with LibrarySymbolTableTransform
Caching disabled for LibrarySymbolTableTransform: /home/work/.gradle/caches/transforms-4/e89ec385b85ad77850115ac9861f887a/transformed/navigation-compose-2.7.7 because:
  Build cache is disabled
Caching disabled for LibrarySymbolTableTransform: /home/work/.gradle/caches/transforms-4/9844cfe113e808b7b13e4bf7e188cd15/transformed/navigation-runtime-ktx-2.7.7 because:
  Build cache is disabled
Caching disabled for LibrarySymbolTableTransform: /home/work/.gradle/caches/transforms-4/13481ff85102064c196181d8cfb97f3f/transformed/activity-1.8.2 because:
  Build cache is disabled
Caching disabled for LibrarySymbolTableTransform: /home/work/.gradle/caches/transforms-4/7495272c4b167b58aed4c9d8265b7e2d/transformed/activity-ktx-1.8.2 because:
  Build cache is disabled
Caching disabled for LibrarySymbolTableTransform: /home/work/.gradle/caches/transforms-4/440049452ed43fa3a9d4a47eb3e97b8c/transformed/material-release because:
  Build cache is disabled
Caching disabled for LibrarySymbolTableTransform: /home/work/.gradle/caches/transforms-4/ede5034769eb92ef6fc9c2e32b045eea/transformed/material3-release because:
  Build cache is disabled
Caching disabled for LibrarySymbolTableTransform: /home/work/.gradle/caches/transforms-4/65aac476dac3ccbca90863b4188fe93d/transformed/material-icons-core-release because:
  Build cache is disabled
Caching disabled for LibrarySymbolTableTransform: /home/work/.gradle/caches/transforms-4/f1bab65efcc69580be1609f050af593a/transformed/material-icons-extended-release because:
  Build cache is disabled
Caching disabled for LibrarySymbolTableTransform: /home/work/.gradle/caches/transforms-4/5c31f4ff19bac0d1e372893b593b5628/transformed/material-ripple-release because:
  Build cache is disabled
Caching disabled for LibrarySymbolTableTransform: /home/work/.gradle/caches/transforms-4/68b5671e2753c7d524c7d182facd781d/transformed/foundation-layout-release because:
  Build cache is disabled
Caching disabled for LibrarySymbolTableTransform: /home/work/.gradle/caches/transforms-4/51517fb65aebbf2a3917ff84a7680bea/transformed/foundation-release because:
  Build cache is disabled
Caching disabled for LibrarySymbolTableTransform: /home/work/.gradle/caches/transforms-4/904d34962a66b4273a957749abdc921f/transformed/animation-core-release because:
  Build cache is disabled
Caching disabled for LibrarySymbolTableTransform: /home/work/.gradle/caches/transforms-4/ab7d9db22cad2ea5feab190f7f1d941b/transformed/animation-release because:
  Build cache is disabled
Caching disabled for LibrarySymbolTableTransform: /home/work/.gradle/caches/transforms-4/4ea70a84e182d18e2c9de100a66fda04/transformed/ui-tooling-data-release because:
  Build cache is disabled
Caching disabled for LibrarySymbolTableTransform: /home/work/.gradle/caches/transforms-4/dc0387d60b41ff7f1d6f0f89ac4e97da/transformed/ui-geometry-release because:
  Build cache is disabled
Caching disabled for LibrarySymbolTableTransform: /home/work/.gradle/caches/transforms-4/fe7da7632d16a82ac6a89276c8de26cc/transformed/ui-util-release because:
  Build cache is disabled
Caching disabled for LibrarySymbolTableTransform: /home/work/.gradle/caches/transforms-4/1a432830b3e498dd23566ccec14a0ee9/transformed/ui-unit-release because:
  Build cache is disabled
Caching disabled for LibrarySymbolTableTransform: /home/work/.gradle/caches/transforms-4/340416d5462b46941ea0f70ee70719c9/transformed/ui-text-release because:
  Build cache is disabled
Caching disabled for LibrarySymbolTableTransform: /home/work/.gradle/caches/transforms-4/e73fa152cde1e6f98df427b32aeed442/transformed/ui-tooling-preview-release because:
  Build cache is disabled
Caching disabled for LibrarySymbolTableTransform: /home/work/.gradle/caches/transforms-4/8b0a1dc338ddf4a7a9336bb42bcf218f/transformed/ui-test-manifest-1.6.4 because:
  Build cache is disabled
Caching disabled for LibrarySymbolTableTransform: /home/work/.gradle/caches/transforms-4/5bc6e2ddca8335badaf97f477f1e4293/transformed/ui-graphics-release because:
  Build cache is disabled
Caching disabled for LibrarySymbolTableTransform: /home/work/.gradle/caches/transforms-4/53dfb837101cc8570fa397135ade4964/transformed/ui-tooling-release because:
  Build cache is disabled
Caching disabled for LibrarySymbolTableTransform: /home/work/.gradle/caches/transforms-4/99e7b40b04501308747efa568058b5a7/transformed/activity-compose-1.8.2 because:
  Build cache is disabled
Caching disabled for LibrarySymbolTableTransform: /home/work/.gradle/caches/transforms-4/2c883cd359a20d3dff7308fd75b76ba6/transformed/emoji2-1.3.0 because:
  Build cache is disabled
Caching disabled for LibrarySymbolTableTransform: /home/work/.gradle/caches/transforms-4/49736cba61bf7c2c4afa895dea62922e/transformed/lifecycle-process-2.7.0 because:
  Build cache is disabled
Caching disabled for LibrarySymbolTableTransform: /home/work/.gradle/caches/transforms-4/330671933b3e491680735ff8685ce78b/transformed/lifecycle-livedata-core-2.7.0 because:
  Build cache is disabled
Caching disabled for LibrarySymbolTableTransform: /home/work/.gradle/caches/transforms-4/1c6ae362494740a87122d83b9ea3f00f/transformed/savedstate-ktx-1.2.1 because:
  Build cache is disabled
Caching disabled for LibrarySymbolTableTransform: /home/work/.gradle/caches/transforms-4/d263a73481621f9a07a1b657079178d9/transformed/savedstate-1.2.1 because:
  Build cache is disabled
Caching disabled for LibrarySymbolTableTransform: /home/work/.gradle/caches/transforms-4/0256e05e0f5feb2431e1b5ba811ca493/transformed/lifecycle-viewmodel-savedstate-2.7.0 because:
  Build cache is disabled
Caching disabled for LibrarySymbolTableTransform: /home/work/.gradle/caches/transforms-4/8d30544f7f393ef676ee11e23c532ea3/transformed/lifecycle-viewmodel-ktx-2.7.0 because:
  Build cache is disabled
Caching disabled for LibrarySymbolTableTransform: /home/work/.gradle/caches/transforms-4/14e9670e57b5357726d16598dcae8860/transformed/lifecycle-viewmodel-2.7.0 because:
  Build cache is disabled
Caching disabled for LibrarySymbolTableTransform: /home/work/.gradle/caches/transforms-4/c8a3dd1570f09a3a1ae256af99533305/transformed/lifecycle-runtime-2.7.0 because:
  Build cache is disabled
Caching disabled for LibrarySymbolTableTransform: /home/work/.gradle/caches/transforms-4/c059ae3f656ca7d2252a3066b83ccb4d/transformed/lifecycle-runtime-compose-2.7.0 because:
  Build cache is disabled
Caching disabled for LibrarySymbolTableTransform: /home/work/.gradle/caches/transforms-4/6629fe5921a0c459c28e3a2d7dab383b/transformed/lifecycle-runtime-ktx-2.7.0 because:
  Build cache is disabled
Caching disabled for LibrarySymbolTableTransform: /home/work/.gradle/caches/transforms-4/aec69a1504fe974cfb651229438fc8a7/transformed/lifecycle-viewmodel-compose-2.7.0 because:
  Build cache is disabled
Caching disabled for LibrarySymbolTableTransform: /home/work/.gradle/caches/transforms-4/8e41a17455f12350e19d821abd7ca6a3/transformed/ui-release because:
  Build cache is disabled
Caching disabled for LibrarySymbolTableTransform: /home/work/.gradle/caches/transforms-4/1f0d4fa644b2fa83f43396a6092fb5d6/transformed/autofill-1.0.0 because:
  Build cache is disabled
Caching disabled for LibrarySymbolTableTransform: /home/work/.gradle/caches/transforms-4/e7ac923e151a5f6c2b7920ce86dfcf41/transformed/core-1.12.0 because:
  Build cache is disabled
Caching disabled for LibrarySymbolTableTransform: /home/work/.gradle/caches/transforms-4/4d0918fac81194817bd56c165cb19099/transformed/customview-poolingcontainer-1.0.0 because:
  Build cache is disabled
Caching disabled for LibrarySymbolTableTransform: /home/work/.gradle/caches/transforms-4/e3f8ae677022e34f10fc61d9bc95b3fe/transformed/core-ktx-1.12.0 because:
  Build cache is disabled
Caching disabled for LibrarySymbolTableTransform: /home/work/.gradle/caches/transforms-4/6dd1d69683217082b68a1485e87e4628/transformed/room-runtime-2.6.1 because:
  Build cache is disabled
Caching disabled for LibrarySymbolTableTransform: /home/work/.gradle/caches/transforms-4/16aba03a6df4631803bd1b93a2df4246/transformed/room-ktx-2.6.1 because:
  Build cache is disabled
Caching disabled for LibrarySymbolTableTransform: /home/work/.gradle/caches/transforms-4/8f5a0e3b0bf5bb578801c1520008a24a/transformed/datastore-preferences-1.0.0 because:
  Build cache is disabled
Caching disabled for LibrarySymbolTableTransform: /home/work/.gradle/caches/transforms-4/6f75ef7bddfad6ababb0e969da722b7c/transformed/sqlite-framework-2.4.0 because:
  Build cache is disabled
Caching disabled for LibrarySymbolTableTransform: /home/work/.gradle/caches/transforms-4/193a9ec678b971d5f3c7549b1a7af662/transformed/sqlite-2.4.0 because:
  Build cache is disabled
Caching disabled for LibrarySymbolTableTransform: /home/work/.gradle/caches/transforms-4/53b4e8308df4e480a8d105867e378376/transformed/datastore-1.0.0 because:
  Build cache is disabled
Caching disabled for LibrarySymbolTableTransform: /home/work/.gradle/caches/transforms-4/12f0d85e3fc71c77ca64d46e4efe1176/transformed/runtime-saveable-release because:
  Build cache is disabled
Caching disabled for LibrarySymbolTableTransform: /home/work/.gradle/caches/transforms-4/c6ca1d71f5553f2dcf4b73060031cf57/transformed/runtime-release because:
  Build cache is disabled
Caching disabled for LibrarySymbolTableTransform: /home/work/.gradle/caches/transforms-4/c422215d4ecc0f7671ad193841b11f35/transformed/annotation-experimental-1.4.0 because:
  Build cache is disabled
Caching disabled for LibrarySymbolTableTransform: /home/work/.gradle/caches/transforms-4/03c1684486fde00bc2b40e4a64902b2a/transformed/versionedparcelable-1.1.1 because:
  Build cache is disabled
Caching disabled for LibrarySymbolTableTransform: /home/work/.gradle/caches/transforms-4/4b895aacf88399647e113a4b46c4f32e/transformed/core-runtime-2.2.0 because:
  Build cache is disabled
Caching disabled for LibrarySymbolTableTransform: /home/work/.gradle/caches/transforms-4/ca5720815127479342f15362fd7f1c0a/transformed/interpolator-1.0.0 because:
  Build cache is disabled
Caching disabled for LibrarySymbolTableTransform: /home/work/.gradle/caches/transforms-4/caa965e6ddc8db71b5af1783cb9bedf4/transformed/profileinstaller-1.3.0 because:
  Build cache is disabled
Caching disabled for LibrarySymbolTableTransform: /home/work/.gradle/caches/transforms-4/816ce26281626c774af1d0532f13d024/transformed/startup-runtime-1.1.1 because:
  Build cache is disabled
Caching disabled for LibrarySymbolTableTransform: /home/work/.gradle/caches/transforms-4/233d4655400db9c478b7a397c3ed773f/transformed/tracing-1.0.0 because:
  Build cache is disabled
Caching disabled for task ':app:processDebugResources' because:
  Build cache is disabled
Task ':app:processDebugResources' is not up-to-date because:
  No history is available.
The input changes require a full rebuild for incremental task ':app:processDebugResources'.
Android resource linking failed:
process = AAPT2 aapt2-8.3.0-10880808-linux Daemon #0:
command = /home/work/.gradle/caches/transforms-4/cd24d2e68e3ad87969b065fe5c01b6c2/transformed/aapt2-8.3.0-10880808-linux/aapt2 link -I\
        /home/work/dumate/38de3a359c754da5801d140c2e404f0f/workspace/.android-build/sdk/platforms/android-34/android.jar\
        --manifest\
        /home/work/dumate/38de3a359c754da5801d140c2e404f0f/workspace/ses_gffe5f74c56b80ffeEC2z3n6Op3yk0K/NovelSeekUltra/app/build/intermediates/packaged_manifests/debug/processDebugManifestForPackage/AndroidManifest.xml\
        -o\
        /home/work/dumate/38de3a359c754da5801d140c2e404f0f/workspace/ses_gffe5f74c56b80ffeEC2z3n6Op3yk0K/NovelSeekUltra/app/build/intermediates/processed_res/debug/processDebugResources/out/resources-debug.ap_\
        -R\
        @/home/work/dumate/38de3a359c754da5801d140c2e404f0f/workspace/ses_gffe5f74c56b80ffeEC2z3n6Op3yk0K/NovelSeekUltra/app/build/intermediates/incremental/processDebugResources/resources-list-for-resources-debug.ap_.txt\
        --auto-add-overlay\
        --custom-package\
        com.novelseek.ultra\
        -0\
        apk\
        --output-text-symbols\
        /home/work/dumate/38de3a359c754da5801d140c2e404f0f/workspace/ses_gffe5f74c56b80ffeEC2z3n6Op3yk0K/NovelSeekUltra/app/build/intermediates/runtime_symbol_list/debug/processDebugResources/R.txt\
        --no-version-vectors\
        --proguard-minimal-keep-rules\
        --no-proguard-location-reference\
        --emit-ids\
        /home/work/dumate/38de3a359c754da5801d140c2e404f0f/workspace/ses_gffe5f74c56b80ffeEC2z3n6Op3yk0K/NovelSeekUltra/app/build/intermediates/stable_resource_ids_file/debug/processDebugResources/stableIds.txt

> Task :app:processDebugResources FAILED

> Task :app:checkDebugDuplicateClasses
Transforming navigation-common-2.7.7.aar (androidx.navigation:navigation-common:2.7.7) with AarToClassTransform
Transforming navigation-runtime-2.7.7.aar (androidx.navigation:navigation-runtime:2.7.7) with AarToClassTransform
Transforming navigation-common-ktx-2.7.7.aar (androidx.navigation:navigation-common-ktx:2.7.7) with AarToClassTransform
Transforming navigation-runtime-ktx-2.7.7.aar (androidx.navigation:navigation-runtime-ktx:2.7.7) with AarToClassTransform
Transforming navigation-compose-2.7.7.aar (androidx.navigation:navigation-compose:2.7.7) with AarToClassTransform
Transforming activity-1.8.2.aar (androidx.activity:activity:1.8.2) with AarToClassTransform
Transforming activity-ktx-1.8.2.aar (androidx.activity:activity-ktx:1.8.2) with AarToClassTransform
Transforming material3-release.aar (androidx.compose.material3:material3-android:1.2.1) with AarToClassTransform
Transforming material-release.aar (androidx.compose.material:material-android:1.6.4) with AarToClassTransform
Transforming material-icons-core-release.aar (androidx.compose.material:material-icons-core-android:1.6.4) with AarToClassTransform
Transforming material-icons-extended-release.aar (androidx.compose.material:material-icons-extended-android:1.6.4) with AarToClassTransform
Transforming material-ripple-release.aar (androidx.compose.material:material-ripple-android:1.6.4) with AarToClassTransform
Transforming foundation-release.aar (androidx.compose.foundation:foundation-android:1.6.4) with AarToClassTransform
Transforming foundation-layout-release.aar (androidx.compose.foundation:foundation-layout-android:1.6.4) with AarToClassTransform
Transforming animation-core-release.aar (androidx.compose.animation:animation-core-android:1.6.4) with AarToClassTransform
Transforming animation-release.aar (androidx.compose.animation:animation-android:1.6.4) with AarToClassTransform
Transforming ui-tooling-data-release.aar (androidx.compose.ui:ui-tooling-data-android:1.6.4) with AarToClassTransform
Transforming ui-unit-release.aar (androidx.compose.ui:ui-unit-android:1.6.4) with AarToClassTransform
Transforming ui-geometry-release.aar (androidx.compose.ui:ui-geometry-android:1.6.4) with AarToClassTransform
Transforming ui-util-release.aar (androidx.compose.ui:ui-util-android:1.6.4) with AarToClassTransform
Transforming ui-text-release.aar (androidx.compose.ui:ui-text-android:1.6.4) with AarToClassTransform
Transforming ui-tooling-preview-release.aar (androidx.compose.ui:ui-tooling-preview-android:1.6.4) with AarToClassTransform
Transforming ui-graphics-release.aar (androidx.compose.ui:ui-graphics-android:1.6.4) with AarToClassTransform
Transforming ui-test-manifest-1.6.4.aar (androidx.compose.ui:ui-test-manifest:1.6.4) with AarToClassTransform
Transforming ui-tooling-release.aar (androidx.compose.ui:ui-tooling-android:1.6.4) with AarToClassTransform
Transforming activity-compose-1.8.2.aar (androidx.activity:activity-compose:1.8.2) with AarToClassTransform
Transforming emoji2-1.3.0.aar (androidx.emoji2:emoji2:1.3.0) with AarToClassTransform
Transforming lifecycle-process-2.7.0.aar (androidx.lifecycle:lifecycle-process:2.7.0) with AarToClassTransform
Transforming lifecycle-livedata-core-2.7.0.aar (androidx.lifecycle:lifecycle-livedata-core:2.7.0) with AarToClassTransform
Transforming savedstate-ktx-1.2.1.aar (androidx.savedstate:savedstate-ktx:1.2.1) with AarToClassTransform
Transforming savedstate-1.2.1.aar (androidx.savedstate:savedstate:1.2.1) with AarToClassTransform
Transforming lifecycle-viewmodel-savedstate-2.7.0.aar (androidx.lifecycle:lifecycle-viewmodel-savedstate:2.7.0) with AarToClassTransform
Transforming lifecycle-viewmodel-ktx-2.7.0.aar (androidx.lifecycle:lifecycle-viewmodel-ktx:2.7.0) with AarToClassTransform
Transforming lifecycle-viewmodel-2.7.0.aar (androidx.lifecycle:lifecycle-viewmodel:2.7.0) with AarToClassTransform
Transforming lifecycle-runtime-2.7.0.aar (androidx.lifecycle:lifecycle-runtime:2.7.0) with AarToClassTransform
Transforming lifecycle-runtime-compose-2.7.0.aar (androidx.lifecycle:lifecycle-runtime-compose:2.7.0) with AarToClassTransform
Transforming lifecycle-runtime-ktx-2.7.0.aar (androidx.lifecycle:lifecycle-runtime-ktx:2.7.0) with AarToClassTransform
Transforming lifecycle-viewmodel-compose-2.7.0.aar (androidx.lifecycle:lifecycle-viewmodel-compose:2.7.0) with AarToClassTransform
Transforming ui-release.aar (androidx.compose.ui:ui-android:1.6.4) with AarToClassTransform
Transforming autofill-1.0.0.aar (androidx.autofill:autofill:1.0.0) with AarToClassTransform
Transforming core-1.12.0.aar (androidx.core:core:1.12.0) with AarToClassTransform
Transforming core-1.12.0.aar (androidx.core:core:1.12.0) with AarToClassTransform
Transforming customview-poolingcontainer-1.0.0.aar (androidx.customview:customview-poolingcontainer:1.0.0) with AarToClassTransform
Transforming core-ktx-1.12.0.aar (androidx.core:core-ktx:1.12.0) with AarToClassTransform
Transforming room-common-2.6.1.jar (androidx.room:room-common:2.6.1) with IdentityTransform
Transforming room-runtime-2.6.1.aar (androidx.room:room-runtime:2.6.1) with AarToClassTransform
Transforming room-ktx-2.6.1.aar (androidx.room:room-ktx:2.6.1) with AarToClassTransform
Transforming datastore-preferences-1.0.0.aar (androidx.datastore:datastore-preferences:1.0.0) with AarToClassTransform
Transforming sqlite-framework-2.4.0.aar (androidx.sqlite:sqlite-framework:2.4.0) with AarToClassTransform
Transforming sqlite-2.4.0.aar (androidx.sqlite:sqlite:2.4.0) with AarToClassTransform
Transforming datastore-1.0.0.aar (androidx.datastore:datastore:1.0.0) with AarToClassTransform
Transforming runtime-saveable-release.aar (androidx.compose.runtime:runtime-saveable-android:1.6.4) with AarToClassTransform
Transforming runtime-release.aar (androidx.compose.runtime:runtime-android:1.6.4) with AarToClassTransform
Transforming annotation-experimental-1.4.0.aar (androidx.annotation:annotation-experimental:1.4.0) with AarToClassTransform
Transforming versionedparcelable-1.1.1.aar (androidx.versionedparcelable:versionedparcelable:1.1.1) with AarToClassTransform
Transforming core-runtime-2.2.0.aar (androidx.arch.core:core-runtime:2.2.0) with AarToClassTransform
Transforming interpolator-1.0.0.aar (androidx.interpolator:interpolator:1.0.0) with AarToClassTransform
Transforming profileinstaller-1.3.0.aar (androidx.profileinstaller:profileinstaller:1.3.0) with AarToClassTransform
Transforming startup-runtime-1.1.1.aar (androidx.startup:startup-runtime:1.1.1) with AarToClassTransform
Transforming tracing-1.0.0.aar (androidx.tracing:tracing:1.0.0) with AarToClassTransform
Transforming kotlin-stdlib-1.9.22.jar (org.jetbrains.kotlin:kotlin-stdlib:1.9.22) with IdentityTransform
Transforming gson-2.10.1.jar (com.google.code.gson:gson:2.10.1) with IdentityTransform
Caching disabled for AarToClassTransform: /home/work/.gradle/caches/modules-2/files-2.1/androidx.navigation/navigation-runtime/2.7.7/532a1233b439759ace615e05e56a255d204465f6/navigation-runtime-2.7.7.aar because:
  Build cache is disabled
Transforming navigation-runtime-2.7.7.aar (androidx.navigation:navigation-runtime:2.7.7) with EnumerateClassesTransform
Caching disabled for EnumerateClassesTransform: /home/work/.gradle/caches/transforms-4/a1feedbb43cc5db14f189cae23965b80/transformed/navigation-runtime-2.7.7-runtime.jar because:
  Build cache is disabled
Caching disabled for AarToClassTransform: /home/work/.gradle/caches/modules-2/files-2.1/androidx.navigation/navigation-common-ktx/2.7.7/879ddfea34073bbd81ebf3205f40a6ffe2215063/navigation-common-ktx-2.7.7.aar because:
  Build cache is disabled
Transforming navigation-common-ktx-2.7.7.aar (androidx.navigation:navigation-common-ktx:2.7.7) with EnumerateClassesTransform
Caching disabled for EnumerateClassesTransform: /home/work/.gradle/caches/transforms-4/e271f5559ac2511207991464bd5874c5/transformed/navigation-common-ktx-2.7.7-runtime.jar because:
  Build cache is disabled
Caching disabled for AarToClassTransform: /home/work/.gradle/caches/modules-2/files-2.1/androidx.navigation/navigation-runtime-ktx/2.7.7/f1cf440384a2105fff55b82689034e07aa4591d9/navigation-runtime-ktx-2.7.7.aar because:
  Build cache is disabled
Transforming navigation-runtime-ktx-2.7.7.aar (androidx.navigation:navigation-runtime-ktx:2.7.7) with EnumerateClassesTransform
Caching disabled for EnumerateClassesTransform: /home/work/.gradle/caches/transforms-4/d9361afcc3d0855fde32732777906a77/transformed/navigation-runtime-ktx-2.7.7-runtime.jar because:
  Build cache is disabled
Caching disabled for AarToClassTransform: /home/work/.gradle/caches/modules-2/files-2.1/androidx.navigation/navigation-compose/2.7.7/c5c79778764e90a3bf1561de7b856dcdf1439749/navigation-compose-2.7.7.aar because:
  Build cache is disabled
Transforming navigation-compose-2.7.7.aar (androidx.navigation:navigation-compose:2.7.7) with EnumerateClassesTransform
Caching disabled for EnumerateClassesTransform: /home/work/.gradle/caches/transforms-4/f218da19d05cc7db90fb2f67653645e8/transformed/navigation-compose-2.7.7-runtime.jar because:
  Build cache is disabled
Caching disabled for AarToClassTransform: /home/work/.gradle/caches/modules-2/files-2.1/androidx.activity/activity/1.8.2/bce54c84024b17c34f9d4cdeaf1ce39d3e750c9e/activity-1.8.2.aar because:
  Build cache is disabled
Caching disabled for AarToClassTransform: /home/work/.gradle/caches/modules-2/files-2.1/androidx.navigation/navigation-common/2.7.7/8acef6e4766982d5b47c67aa6e28ab588dc28125/navigation-common-2.7.7.aar because:
  Build cache is disabled
Transforming activity-1.8.2.aar (androidx.activity:activity:1.8.2) with EnumerateClassesTransform
Caching disabled for EnumerateClassesTransform: /home/work/.gradle/caches/transforms-4/eff32453b67e272fa55bc802a14e5400/transformed/activity-1.8.2-runtime.jar because:
  Build cache is disabled
Transforming navigation-common-2.7.7.aar (androidx.navigation:navigation-common:2.7.7) with EnumerateClassesTransform
Caching disabled for AarToClassTransform: /home/work/.gradle/caches/modules-2/files-2.1/androidx.activity/activity-ktx/1.8.2/735d4efd33db4ef032d985415be3e39edbaa65c4/activity-ktx-1.8.2.aar because:
  Build cache is disabled
Caching disabled for EnumerateClassesTransform: /home/work/.gradle/caches/transforms-4/2a5b0e7617f67676349bbaa22c6573ae/transformed/navigation-common-2.7.7-runtime.jar because:
  Build cache is disabled
Caching disabled for AarToClassTransform: /home/work/.gradle/caches/modules-2/files-2.1/androidx.compose.material3/material3-android/1.2.1/bbb13fec1193eecdeccb40452ff184826f4385a2/material3-release.aar because:
  Build cache is disabled
Transforming activity-ktx-1.8.2.aar (androidx.activity:activity-ktx:1.8.2) with EnumerateClassesTransform
Caching disabled for EnumerateClassesTransform: /home/work/.gradle/caches/transforms-4/494fc385c435e83d1db1cc3617501b25/transformed/activity-ktx-1.8.2-runtime.jar because:
  Build cache is disabled
Caching disabled for AarToClassTransform: /home/work/.gradle/caches/modules-2/files-2.1/androidx.compose.material/material-android/1.6.4/f3d32f4140dfddd14ab364fc4e9915b9a3fd358f/material-release.aar because:
  Build cache is disabled
Transforming material-release.aar (androidx.compose.material:material-android:1.6.4) with EnumerateClassesTransform
Caching disabled for EnumerateClassesTransform: /home/work/.gradle/caches/transforms-4/1b169f59e723ead1edab111292e0789c/transformed/material-release-runtime.jar because:
  Build cache is disabled
Caching disabled for AarToClassTransform: /home/work/.gradle/caches/modules-2/files-2.1/androidx.compose.material/material-icons-core-android/1.6.4/9ab9ba20ee33efabb84ecb41ac9e4aa3c0beb52c/material-icons-core-release.aar because:
  Build cache is disabled
Transforming material3-release.aar (androidx.compose.material3:material3-android:1.2.1) with EnumerateClassesTransform
Caching disabled for EnumerateClassesTransform: /home/work/.gradle/caches/transforms-4/0176355c48a36a721c9b6ae6697b32ca/transformed/material3-release-runtime.jar because:
  Build cache is disabled
Caching disabled for AarToClassTransform: /home/work/.gradle/caches/modules-2/files-2.1/androidx.compose.material/material-icons-extended-android/1.6.4/eda9c0c1537e28335361a0db8357616495e1155/material-icons-extended-release.aar because:
  Build cache is disabled
Transforming material-icons-core-release.aar (androidx.compose.material:material-icons-core-android:1.6.4) with EnumerateClassesTransform
Caching disabled for EnumerateClassesTransform: /home/work/.gradle/caches/transforms-4/16f659340d88e6d4bba5bc4aa20267c5/transformed/material-icons-core-release-runtime.jar because:
  Build cache is disabled
Caching disabled for AarToClassTransform: /home/work/.gradle/caches/modules-2/files-2.1/androidx.compose.material/material-ripple-android/1.6.4/87440ef85b9a6c34c22b7cc12b9782fdd00d42ac/material-ripple-release.aar because:
  Build cache is disabled
Transforming material-ripple-release.aar (androidx.compose.material:material-ripple-android:1.6.4) with EnumerateClassesTransform
Caching disabled for EnumerateClassesTransform: /home/work/.gradle/caches/transforms-4/b62b6365066935b0fa1e8785f2f32725/transformed/material-ripple-release-runtime.jar because:
  Build cache is disabled
Caching disabled for AarToClassTransform: /home/work/.gradle/caches/modules-2/files-2.1/androidx.compose.foundation/foundation-android/1.6.4/da9b045ea1f0797cbb22d2c5339586f16135d301/foundation-release.aar because:
  Build cache is disabled
Transforming foundation-release.aar (androidx.compose.foundation:foundation-android:1.6.4) with EnumerateClassesTransform
Caching disabled for EnumerateClassesTransform: /home/work/.gradle/caches/transforms-4/aa812df3edd6c4954cd193fd6fee0ea0/transformed/foundation-release-runtime.jar because:
  Build cache is disabled
Caching disabled for AarToClassTransform: /home/work/.gradle/caches/modules-2/files-2.1/androidx.compose.foundation/foundation-layout-android/1.6.4/23e0d52abc77ad4b96ea0e65f06dd9240d572529/foundation-layout-release.aar because:
  Build cache is disabled
Transforming foundation-layout-release.aar (androidx.compose.foundation:foundation-layout-android:1.6.4) with EnumerateClassesTransform
Caching disabled for EnumerateClassesTransform: /home/work/.gradle/caches/transforms-4/330898022fa361bf0d11f715b5ec466a/transformed/foundation-layout-release-runtime.jar because:
  Build cache is disabled
Caching disabled for AarToClassTransform: /home/work/.gradle/caches/modules-2/files-2.1/androidx.compose.animation/animation-core-android/1.6.4/f91eef299791ad46ef1ea809f4b5d7a0d67fac95/animation-core-release.aar because:
  Build cache is disabled
Transforming animation-core-release.aar (androidx.compose.animation:animation-core-android:1.6.4) with EnumerateClassesTransform
Caching disabled for EnumerateClassesTransform: /home/work/.gradle/caches/transforms-4/0b916e87b45d514fee9f8285449a7b9d/transformed/animation-core-release-runtime.jar because:
  Build cache is disabled
Caching disabled for AarToClassTransform: /home/work/.gradle/caches/modules-2/files-2.1/androidx.compose.animation/animation-android/1.6.4/9fc5d5d5812c7babadf9b641f916d4549018d1d3/animation-release.aar because:
  Build cache is disabled
Transforming animation-release.aar (androidx.compose.animation:animation-android:1.6.4) with EnumerateClassesTransform
Caching disabled for EnumerateClassesTransform: /home/work/.gradle/caches/transforms-4/def7a5290759eb172cf6bd9c289b1517/transformed/animation-release-runtime.jar because:
  Build cache is disabled
Caching disabled for AarToClassTransform: /home/work/.gradle/caches/modules-2/files-2.1/androidx.compose.ui/ui-tooling-data-android/1.6.4/8983a051581210b3305b7c8290d666c9a4a9236a/ui-tooling-data-release.aar because:
  Build cache is disabled
Transforming ui-tooling-data-release.aar (androidx.compose.ui:ui-tooling-data-android:1.6.4) with EnumerateClassesTransform
Caching disabled for EnumerateClassesTransform: /home/work/.gradle/caches/transforms-4/2ff44f54cf5af19da38564f6e7d90428/transformed/ui-tooling-data-release-runtime.jar because:
  Build cache is disabled
Caching disabled for AarToClassTransform: /home/work/.gradle/caches/modules-2/files-2.1/androidx.compose.ui/ui-unit-android/1.6.4/15a9e01d08bc887bf297bb2243f17dcbeffd82c3/ui-unit-release.aar because:
  Build cache is disabled
Transforming ui-unit-release.aar (androidx.compose.ui:ui-unit-android:1.6.4) with EnumerateClassesTransform
Caching disabled for EnumerateClassesTransform: /home/work/.gradle/caches/transforms-4/fa440a78d5d5cba9a1d54dd417501b87/transformed/ui-unit-release-runtime.jar because:
  Build cache is disabled
Caching disabled for AarToClassTransform: /home/work/.gradle/caches/modules-2/files-2.1/androidx.compose.ui/ui-geometry-android/1.6.4/c4c749bc33b965f9ed3f7978fd99c7eedb0cece/ui-geometry-release.aar because:
  Build cache is disabled
Transforming ui-geometry-release.aar (androidx.compose.ui:ui-geometry-android:1.6.4) with EnumerateClassesTransform
Caching disabled for EnumerateClassesTransform: /home/work/.gradle/caches/transforms-4/077db3d40f58d15a28facdec8704b954/transformed/ui-geometry-release-runtime.jar because:
  Build cache is disabled
Caching disabled for AarToClassTransform: /home/work/.gradle/caches/modules-2/files-2.1/androidx.compose.ui/ui-util-android/1.6.4/7734783cffb97b4dc3ab867ea8b804de948fd4ca/ui-util-release.aar because:
  Build cache is disabled
Transforming ui-util-release.aar (androidx.compose.ui:ui-util-android:1.6.4) with EnumerateClassesTransform
Caching disabled for EnumerateClassesTransform: /home/work/.gradle/caches/transforms-4/ce7bdc646a47e574530d0a189eb081aa/transformed/ui-util-release-runtime.jar because:
  Build cache is disabled
Caching disabled for AarToClassTransform: /home/work/.gradle/caches/modules-2/files-2.1/androidx.compose.ui/ui-text-android/1.6.4/348882adfdb930dd04777d742a4f7cdf720aa7e8/ui-text-release.aar because:
  Build cache is disabled
Transforming ui-text-release.aar (androidx.compose.ui:ui-text-android:1.6.4) with EnumerateClassesTransform
Caching disabled for EnumerateClassesTransform: /home/work/.gradle/caches/transforms-4/27d021a9dcb9c17913729e7f5cea9404/transformed/ui-text-release-runtime.jar because:
  Build cache is disabled
Caching disabled for AarToClassTransform: /home/work/.gradle/caches/modules-2/files-2.1/androidx.compose.ui/ui-tooling-preview-android/1.6.4/3ebd5424dc06c9a3fee436ef6c9f2d01a5c8cacb/ui-tooling-preview-release.aar because:
  Build cache is disabled
Transforming ui-tooling-preview-release.aar (androidx.compose.ui:ui-tooling-preview-android:1.6.4) with EnumerateClassesTransform
Caching disabled for EnumerateClassesTransform: /home/work/.gradle/caches/transforms-4/5456c93e43cea092a2810278c7829ff8/transformed/ui-tooling-preview-release-runtime.jar because:
  Build cache is disabled
Caching disabled for AarToClassTransform: /home/work/.gradle/caches/modules-2/files-2.1/androidx.compose.ui/ui-graphics-android/1.6.4/72e6f4c10f4d2747c413c9714f8a2c3a448b3194/ui-graphics-release.aar because:
  Build cache is disabled
Transforming ui-graphics-release.aar (androidx.compose.ui:ui-graphics-android:1.6.4) with EnumerateClassesTransform
Caching disabled for EnumerateClassesTransform: /home/work/.gradle/caches/transforms-4/c98ea70437cd25c2fecfa5ca2e28263c/transformed/ui-graphics-release-runtime.jar because:
  Build cache is disabled
Caching disabled for AarToClassTransform: /home/work/.gradle/caches/modules-2/files-2.1/androidx.compose.ui/ui-test-manifest/1.6.4/3deeb99bfc949eb80097536d9863ce7bdb228057/ui-test-manifest-1.6.4.aar because:
  Build cache is disabled
Transforming ui-test-manifest-1.6.4.aar (androidx.compose.ui:ui-test-manifest:1.6.4) with EnumerateClassesTransform
Caching disabled for EnumerateClassesTransform: /home/work/.gradle/caches/transforms-4/65506824fa150714cc422d6e7ed91e1e/transformed/ui-test-manifest-1.6.4-runtime.jar because:
  Build cache is disabled
Caching disabled for AarToClassTransform: /home/work/.gradle/caches/modules-2/files-2.1/androidx.compose.ui/ui-tooling-android/1.6.4/4fc87b7280890f2580e9166b810f99ecd65e67f6/ui-tooling-release.aar because:
  Build cache is disabled
Transforming ui-tooling-release.aar (androidx.compose.ui:ui-tooling-android:1.6.4) with EnumerateClassesTransform
Caching disabled for EnumerateClassesTransform: /home/work/.gradle/caches/transforms-4/5b145d980705e54aa45a43ea54649696/transformed/ui-tooling-release-runtime.jar because:
  Build cache is disabled
Caching disabled for AarToClassTransform: /home/work/.gradle/caches/modules-2/files-2.1/androidx.activity/activity-compose/1.8.2/648fbbfd0bd3b85c4de733dd022fc86741477e43/activity-compose-1.8.2.aar because:
  Build cache is disabled
Transforming activity-compose-1.8.2.aar (androidx.activity:activity-compose:1.8.2) with EnumerateClassesTransform
Caching disabled for EnumerateClassesTransform: /home/work/.gradle/caches/transforms-4/9ce0bbe16b7f2dc8942b51f7d622e766/transformed/activity-compose-1.8.2-runtime.jar because:
  Build cache is disabled
Caching disabled for AarToClassTransform: /home/work/.gradle/caches/modules-2/files-2.1/androidx.emoji2/emoji2/1.3.0/37ed42991ddf77924510472dba632314aab1c9d9/emoji2-1.3.0.aar because:
  Build cache is disabled
Transforming emoji2-1.3.0.aar (androidx.emoji2:emoji2:1.3.0) with EnumerateClassesTransform
Caching disabled for EnumerateClassesTransform: /home/work/.gradle/caches/transforms-4/1f10921bb72198b350305fd1f17e20dd/transformed/emoji2-1.3.0-runtime.jar because:
  Build cache is disabled
Caching disabled for AarToClassTransform: /home/work/.gradle/caches/modules-2/files-2.1/androidx.lifecycle/lifecycle-process/2.7.0/10fc9ecc045a9931724c43e710c55680a772d96a/lifecycle-process-2.7.0.aar because:
  Build cache is disabled
Transforming lifecycle-process-2.7.0.aar (androidx.lifecycle:lifecycle-process:2.7.0) with EnumerateClassesTransform
Caching disabled for EnumerateClassesTransform: /home/work/.gradle/caches/transforms-4/78734440e952a2f69bf79fbc282cdd10/transformed/lifecycle-process-2.7.0-runtime.jar because:
  Build cache is disabled
Caching disabled for AarToClassTransform: /home/work/.gradle/caches/modules-2/files-2.1/androidx.lifecycle/lifecycle-livedata-core/2.7.0/d95c9c0b74a6b9882c416c688f6cf201dc416bed/lifecycle-livedata-core-2.7.0.aar because:
  Build cache is disabled
Transforming lifecycle-livedata-core-2.7.0.aar (androidx.lifecycle:lifecycle-livedata-core:2.7.0) with EnumerateClassesTransform
Caching disabled for EnumerateClassesTransform: /home/work/.gradle/caches/transforms-4/f77dd09266951a8efd731d14ffe836bc/transformed/lifecycle-livedata-core-2.7.0-runtime.jar because:
  Build cache is disabled
Caching disabled for AarToClassTransform: /home/work/.gradle/caches/modules-2/files-2.1/androidx.savedstate/savedstate-ktx/1.2.1/b86d338d91b1c26193a42b1d87be9bb02123fa16/savedstate-ktx-1.2.1.aar because:
  Build cache is disabled
Transforming savedstate-ktx-1.2.1.aar (androidx.savedstate:savedstate-ktx:1.2.1) with EnumerateClassesTransform
Caching disabled for EnumerateClassesTransform: /home/work/.gradle/caches/transforms-4/deda5545463fb326eac3e4f3fc101716/transformed/savedstate-ktx-1.2.1-runtime.jar because:
  Build cache is disabled
Caching disabled for AarToClassTransform: /home/work/.gradle/caches/modules-2/files-2.1/androidx.savedstate/savedstate/1.2.1/e364fc9dec32aa569d855f85864e50250318a093/savedstate-1.2.1.aar because:
  Build cache is disabled
Transforming savedstate-1.2.1.aar (androidx.savedstate:savedstate:1.2.1) with EnumerateClassesTransform
Caching disabled for EnumerateClassesTransform: /home/work/.gradle/caches/transforms-4/91860eaa53bc8864b39c2a844d9ca882/transformed/savedstate-1.2.1-runtime.jar because:
  Build cache is disabled
Downloading https://dl.google.com/dl/android/maven2/androidx/lifecycle/lifecycle-common/2.7.0/lifecycle-common-2.7.0.jar to /home/work/.gradle/.tmp/gradle_download568909905373570474bin
Transforming lifecycle-common-2.7.0.jar (androidx.lifecycle:lifecycle-common:2.7.0) with IdentityTransform
Caching disabled for IdentityTransform: /home/work/.gradle/caches/modules-2/files-2.1/androidx.lifecycle/lifecycle-common/2.7.0/85334205d65cca70ed0109c3acbd29e22a2d9cb1/lifecycle-common-2.7.0.jar because:
  Build cache is disabled
  Caching not enabled.
Transforming lifecycle-common-2.7.0.jar (androidx.lifecycle:lifecycle-common:2.7.0) with EnumerateClassesTransform
Caching disabled for EnumerateClassesTransform: /home/work/.gradle/caches/modules-2/files-2.1/androidx.lifecycle/lifecycle-common/2.7.0/85334205d65cca70ed0109c3acbd29e22a2d9cb1/lifecycle-common-2.7.0.jar because:
  Build cache is disabled
Caching disabled for AarToClassTransform: /home/work/.gradle/caches/modules-2/files-2.1/androidx.lifecycle/lifecycle-viewmodel-savedstate/2.7.0/1fa14bde5efb3a96fa4fb8ced995f7fdfe99dfd/lifecycle-viewmodel-savedstate-2.7.0.aar because:
  Build cache is disabled
Transforming lifecycle-viewmodel-savedstate-2.7.0.aar (androidx.lifecycle:lifecycle-viewmodel-savedstate:2.7.0) with EnumerateClassesTransform
Caching disabled for EnumerateClassesTransform: /home/work/.gradle/caches/transforms-4/ee898180631118c262c38b57b22784e9/transformed/lifecycle-viewmodel-savedstate-2.7.0-runtime.jar because:
  Build cache is disabled
Caching disabled for AarToClassTransform: /home/work/.gradle/caches/modules-2/files-2.1/androidx.lifecycle/lifecycle-viewmodel-ktx/2.7.0/421575b66dd75fa2a1bd425f9ab335461dd10721/lifecycle-viewmodel-ktx-2.7.0.aar because:
  Build cache is disabled
Transforming lifecycle-viewmodel-ktx-2.7.0.aar (androidx.lifecycle:lifecycle-viewmodel-ktx:2.7.0) with EnumerateClassesTransform
Caching disabled for EnumerateClassesTransform: /home/work/.gradle/caches/transforms-4/4955f2672d1ba3fd98abe27520734ac2/transformed/lifecycle-viewmodel-ktx-2.7.0-runtime.jar because:
  Build cache is disabled
Downloading https://dl.google.com/dl/android/maven2/androidx/lifecycle/lifecycle-common-java8/2.7.0/lifecycle-common-java8-2.7.0.jar to /home/work/.gradle/.tmp/gradle_download7330331701649852683bin
Transforming lifecycle-common-java8-2.7.0.jar (androidx.lifecycle:lifecycle-common-java8:2.7.0) with IdentityTransform
Caching disabled for IdentityTransform: /home/work/.gradle/caches/modules-2/files-2.1/androidx.lifecycle/lifecycle-common-java8/2.7.0/2ad14aed781c4a73ed4dbb421966d408a0a06686/lifecycle-common-java8-2.7.0.jar because:
  Build cache is disabled
  Caching not enabled.
Transforming lifecycle-common-java8-2.7.0.jar (androidx.lifecycle:lifecycle-common-java8:2.7.0) with EnumerateClassesTransform
Caching disabled for EnumerateClassesTransform: /home/work/.gradle/caches/modules-2/files-2.1/androidx.lifecycle/lifecycle-common-java8/2.7.0/2ad14aed781c4a73ed4dbb421966d408a0a06686/lifecycle-common-java8-2.7.0.jar because:
  Build cache is disabled
Caching disabled for AarToClassTransform: /home/work/.gradle/caches/modules-2/files-2.1/androidx.lifecycle/lifecycle-viewmodel/2.7.0/ea64fb2e504d200f2b7f03c76f51edd7e9ef62a9/lifecycle-viewmodel-2.7.0.aar because:
  Build cache is disabled
Transforming lifecycle-viewmodel-2.7.0.aar (androidx.lifecycle:lifecycle-viewmodel:2.7.0) with EnumerateClassesTransform
Caching disabled for EnumerateClassesTransform: /home/work/.gradle/caches/transforms-4/c2174c6360ab50ef70d9498576f63397/transformed/lifecycle-viewmodel-2.7.0-runtime.jar because:
  Build cache is disabled
Caching disabled for AarToClassTransform: /home/work/.gradle/caches/modules-2/files-2.1/androidx.lifecycle/lifecycle-runtime/2.7.0/e46d7c73ab6cb3e288f51a0ad96bf372e90ceb31/lifecycle-runtime-2.7.0.aar because:
  Build cache is disabled
Transforming lifecycle-runtime-2.7.0.aar (androidx.lifecycle:lifecycle-runtime:2.7.0) with EnumerateClassesTransform
Caching disabled for EnumerateClassesTransform: /home/work/.gradle/caches/transforms-4/5c6e642b84478966e5aa76695af23ba9/transformed/lifecycle-runtime-2.7.0-runtime.jar because:
  Build cache is disabled
Caching disabled for AarToClassTransform: /home/work/.gradle/caches/modules-2/files-2.1/androidx.lifecycle/lifecycle-runtime-compose/2.7.0/3dfbc6e820ee606d0cf80d8ef43faae149906907/lifecycle-runtime-compose-2.7.0.aar because:
  Build cache is disabled
Transforming lifecycle-runtime-compose-2.7.0.aar (androidx.lifecycle:lifecycle-runtime-compose:2.7.0) with EnumerateClassesTransform
Caching disabled for EnumerateClassesTransform: /home/work/.gradle/caches/transforms-4/5a7fb9c0065902c7da38071c42b97542/transformed/lifecycle-runtime-compose-2.7.0-runtime.jar because:
  Build cache is disabled
Caching disabled for AarToClassTransform: /home/work/.gradle/caches/modules-2/files-2.1/androidx.lifecycle/lifecycle-runtime-ktx/2.7.0/99b5608d5971ae4cb95dea85cd0a2bdb1519b89d/lifecycle-runtime-ktx-2.7.0.aar because:
  Build cache is disabled
Transforming lifecycle-runtime-ktx-2.7.0.aar (androidx.lifecycle:lifecycle-runtime-ktx:2.7.0) with EnumerateClassesTransform
Caching disabled for EnumerateClassesTransform: /home/work/.gradle/caches/transforms-4/50e20a77beb88ac5ba86117c7010fe7d/transformed/lifecycle-runtime-ktx-2.7.0-runtime.jar because:
  Build cache is disabled
Caching disabled for AarToClassTransform: /home/work/.gradle/caches/modules-2/files-2.1/androidx.lifecycle/lifecycle-viewmodel-compose/2.7.0/4b85b0835d9e85593b23862c4c129f31d38ebcd8/lifecycle-viewmodel-compose-2.7.0.aar because:
  Build cache is disabled
Transforming lifecycle-viewmodel-compose-2.7.0.aar (androidx.lifecycle:lifecycle-viewmodel-compose:2.7.0) with EnumerateClassesTransform
Caching disabled for EnumerateClassesTransform: /home/work/.gradle/caches/transforms-4/8178d0b22bf823556317b21b79aca638/transformed/lifecycle-viewmodel-compose-2.7.0-runtime.jar because:
  Build cache is disabled
Caching disabled for AarToClassTransform: /home/work/.gradle/caches/modules-2/files-2.1/androidx.compose.ui/ui-android/1.6.4/3281477affc36fb695383c8fcb32eab44300c908/ui-release.aar because:
  Build cache is disabled
Transforming ui-release.aar (androidx.compose.ui:ui-android:1.6.4) with EnumerateClassesTransform
Caching disabled for EnumerateClassesTransform: /home/work/.gradle/caches/transforms-4/8c35094f31600dfef17fa98a2565ebe5/transformed/ui-release-runtime.jar because:
  Build cache is disabled
Caching disabled for AarToClassTransform: /home/work/.gradle/caches/modules-2/files-2.1/androidx.autofill/autofill/1.0.0/d95a6e3b895ad8f037dd01d88c87138b6d5eb507/autofill-1.0.0.aar because:
  Build cache is disabled
Transforming autofill-1.0.0.aar (androidx.autofill:autofill:1.0.0) with EnumerateClassesTransform
Caching disabled for EnumerateClassesTransform: /home/work/.gradle/caches/transforms-4/0b264500f9ea19a50d15f19a80fac4af/transformed/autofill-1.0.0-runtime.jar because:
  Build cache is disabled
Caching disabled for AarToClassTransform: /home/work/.gradle/caches/modules-2/files-2.1/androidx.core/core/1.12.0/5aa3088ed93ba8ebaea2b8a83befdfa829339e7a/core-1.12.0.aar because:
  Build cache is disabled
Transforming core-1.12.0.aar (androidx.core:core:1.12.0) with EnumerateClassesTransform
Caching disabled for EnumerateClassesTransform: /home/work/.gradle/caches/transforms-4/2b0f6afbb518229bc25fcaa8c88d9740/transformed/core-1.12.0-runtime.jar because:
  Build cache is disabled
Transforming core-1.12.0.aar (androidx.core:core:1.12.0) with EnumerateClassesTransform
Caching disabled for AarToClassTransform: /home/work/.gradle/caches/modules-2/files-2.1/androidx.customview/customview-poolingcontainer/1.0.0/579fc832cf0e5be08d8d9571850b50d22d9de3c/customview-poolingcontainer-1.0.0.aar because:
  Build cache is disabled
Transforming customview-poolingcontainer-1.0.0.aar (androidx.customview:customview-poolingcontainer:1.0.0) with EnumerateClassesTransform
Caching disabled for EnumerateClassesTransform: /home/work/.gradle/caches/transforms-4/bd6804d737e0a02637cef7fe7d9b42c2/transformed/customview-poolingcontainer-1.0.0-runtime.jar because:
  Build cache is disabled
Caching disabled for AarToClassTransform: /home/work/.gradle/caches/modules-2/files-2.1/androidx.core/core-ktx/1.12.0/1b80a40d6f34eb52c8de87c186feb57aa2a43ada/core-ktx-1.12.0.aar because:
  Build cache is disabled
Transforming core-ktx-1.12.0.aar (androidx.core:core-ktx:1.12.0) with EnumerateClassesTransform
Caching disabled for EnumerateClassesTransform: /home/work/.gradle/caches/transforms-4/ebaf2f858de4318b71d793bb3ad0c336/transformed/core-ktx-1.12.0-runtime.jar because:
  Build cache is disabled
Caching disabled for IdentityTransform: /home/work/.gradle/caches/modules-2/files-2.1/androidx.room/room-common/2.6.1/ff1b9580850a9b7eef56554e356628d225785265/room-common-2.6.1.jar because:
  Build cache is disabled
  Caching not enabled.
Transforming room-common-2.6.1.jar (androidx.room:room-common:2.6.1) with EnumerateClassesTransform
Caching disabled for EnumerateClassesTransform: /home/work/.gradle/caches/modules-2/files-2.1/androidx.room/room-common/2.6.1/ff1b9580850a9b7eef56554e356628d225785265/room-common-2.6.1.jar because:
  Build cache is disabled
Caching disabled for AarToClassTransform: /home/work/.gradle/caches/modules-2/files-2.1/androidx.room/room-runtime/2.6.1/3ebcd7683411c298dd8aeee635f452c96eaf319/room-runtime-2.6.1.aar because:
  Build cache is disabled
Transforming room-runtime-2.6.1.aar (androidx.room:room-runtime:2.6.1) with EnumerateClassesTransform
Caching disabled for EnumerateClassesTransform: /home/work/.gradle/caches/transforms-4/f8b9a0f653ed720517e901ba6faddc0e/transformed/room-runtime-2.6.1-runtime.jar because:
  Build cache is disabled
Caching disabled for AarToClassTransform: /home/work/.gradle/caches/modules-2/files-2.1/androidx.room/room-ktx/2.6.1/1f353808ec8a8b2d0a554d2a3f43f0829982df60/room-ktx-2.6.1.aar because:
  Build cache is disabled
Transforming room-ktx-2.6.1.aar (androidx.room:room-ktx:2.6.1) with EnumerateClassesTransform
Caching disabled for EnumerateClassesTransform: /home/work/.gradle/caches/transforms-4/315d4fa87392d234dd67033e07ca00d9/transformed/room-ktx-2.6.1-runtime.jar because:
  Build cache is disabled
Caching disabled for AarToClassTransform: /home/work/.gradle/caches/modules-2/files-2.1/androidx.datastore/datastore-preferences/1.0.0/246d3fe6a8fad89cb125347cd3e66c25c09b791d/datastore-preferences-1.0.0.aar because:
  Build cache is disabled
Transforming datastore-preferences-1.0.0.aar (androidx.datastore:datastore-preferences:1.0.0) with EnumerateClassesTransform
Caching disabled for EnumerateClassesTransform: /home/work/.gradle/caches/transforms-4/4ad74761f53bd96dfdb5919595c2d8c8/transformed/datastore-preferences-1.0.0-runtime.jar because:
  Build cache is disabled
Caching disabled for AarToClassTransform: /home/work/.gradle/caches/modules-2/files-2.1/androidx.sqlite/sqlite-framework/2.4.0/532d56a4f312d78767534ff1cc2f8084baec6c26/sqlite-framework-2.4.0.aar because:
  Build cache is disabled
Transforming sqlite-framework-2.4.0.aar (androidx.sqlite:sqlite-framework:2.4.0) with EnumerateClassesTransform
Caching disabled for EnumerateClassesTransform: /home/work/.gradle/caches/transforms-4/057c1f17b353a4d90d7367435169723e/transformed/sqlite-framework-2.4.0-runtime.jar because:
  Build cache is disabled
Caching disabled for AarToClassTransform: /home/work/.gradle/caches/modules-2/files-2.1/androidx.sqlite/sqlite/2.4.0/cc553e5621c8ad4e233059a724100afa9e2fd1f4/sqlite-2.4.0.aar because:
  Build cache is disabled
Transforming sqlite-2.4.0.aar (androidx.sqlite:sqlite:2.4.0) with EnumerateClassesTransform
Caching disabled for EnumerateClassesTransform: /home/work/.gradle/caches/transforms-4/0eda41edd778d5ac5f293817f98cd141/transformed/sqlite-2.4.0-runtime.jar because:
  Build cache is disabled
Caching disabled for AarToClassTransform: /home/work/.gradle/caches/modules-2/files-2.1/androidx.datastore/datastore/1.0.0/3de4862f268c702e0f09e1bc26fa347da3ae33be/datastore-1.0.0.aar because:
  Build cache is disabled
Transforming datastore-1.0.0.aar (androidx.datastore:datastore:1.0.0) with EnumerateClassesTransform
Caching disabled for EnumerateClassesTransform: /home/work/.gradle/caches/transforms-4/ac0aee4baf6d0dd5ad55aee5a136fac7/transformed/datastore-1.0.0-runtime.jar because:
  Build cache is disabled
Downloading https://dl.google.com/dl/android/maven2/androidx/datastore/datastore-preferences-core/1.0.0/datastore-preferences-core-1.0.0.jar to /home/work/.gradle/.tmp/gradle_download4081474126395790135bin
Transforming datastore-preferences-core-1.0.0.jar (androidx.datastore:datastore-preferences-core:1.0.0) with IdentityTransform
Caching disabled for IdentityTransform: /home/work/.gradle/caches/modules-2/files-2.1/androidx.datastore/datastore-preferences-core/1.0.0/403f64499b9a8994f5f7010329ddd1ee5c919ed5/datastore-preferences-core-1.0.0.jar because:
  Build cache is disabled
  Caching not enabled.
Transforming material-icons-extended-release.aar (androidx.compose.material:material-icons-extended-android:1.6.4) with EnumerateClassesTransform
Transforming datastore-preferences-core-1.0.0.jar (androidx.datastore:datastore-preferences-core:1.0.0) with EnumerateClassesTransform
Caching disabled for EnumerateClassesTransform: /home/work/.gradle/caches/modules-2/files-2.1/androidx.datastore/datastore-preferences-core/1.0.0/403f64499b9a8994f5f7010329ddd1ee5c919ed5/datastore-preferences-core-1.0.0.jar because:
  Build cache is disabled
Caching disabled for EnumerateClassesTransform: /home/work/.gradle/caches/transforms-4/c33d6f630f64d4968f12cde1d0ac6746/transformed/material-icons-extended-release-runtime.jar because:
  Build cache is disabled
Downloading https://repo.maven.apache.org/maven2/org/jetbrains/kotlinx/kotlinx-serialization-json-jvm/1.6.2/kotlinx-serialization-json-jvm-1.6.2.jar to /home/work/.gradle/.tmp/gradle_download333763470789187704bin
Transforming kotlinx-serialization-json-jvm-1.6.2.jar (org.jetbrains.kotlinx:kotlinx-serialization-json-jvm:1.6.2) with IdentityTransform
Caching disabled for IdentityTransform: /home/work/.gradle/caches/modules-2/files-2.1/org.jetbrains.kotlinx/kotlinx-serialization-json-jvm/1.6.2/8f4df208edf91a3012e7a27ccd02f386d4bfc8c6/kotlinx-serialization-json-jvm-1.6.2.jar because:
  Build cache is disabled
  Caching not enabled.
Transforming kotlinx-serialization-json-jvm-1.6.2.jar (org.jetbrains.kotlinx:kotlinx-serialization-json-jvm:1.6.2) with EnumerateClassesTransform
Caching disabled for EnumerateClassesTransform: /home/work/.gradle/caches/modules-2/files-2.1/org.jetbrains.kotlinx/kotlinx-serialization-json-jvm/1.6.2/8f4df208edf91a3012e7a27ccd02f386d4bfc8c6/kotlinx-serialization-json-jvm-1.6.2.jar because:
  Build cache is disabled
Caching disabled for AarToClassTransform: /home/work/.gradle/caches/modules-2/files-2.1/androidx.compose.runtime/runtime-saveable-android/1.6.4/184c517cb7c13a6f0a2a7c632c9f07a6909a4497/runtime-saveable-release.aar because:
  Build cache is disabled
Transforming runtime-saveable-release.aar (androidx.compose.runtime:runtime-saveable-android:1.6.4) with EnumerateClassesTransform
Caching disabled for EnumerateClassesTransform: /home/work/.gradle/caches/transforms-4/0c05055445f710ed4cdb08be96c17511/transformed/runtime-saveable-release-runtime.jar because:
  Build cache is disabled
Caching disabled for AarToClassTransform: /home/work/.gradle/caches/modules-2/files-2.1/androidx.compose.runtime/runtime-android/1.6.4/e070116fd6f01f9fc8379e9ae2260e2d4724b829/runtime-release.aar because:
  Build cache is disabled
Transforming runtime-release.aar (androidx.compose.runtime:runtime-android:1.6.4) with EnumerateClassesTransform
Caching disabled for EnumerateClassesTransform: /home/work/.gradle/caches/transforms-4/9168c5dc9b3e312a2a4b765a0041a121/transformed/runtime-release-runtime.jar because:
  Build cache is disabled
Downloading https://dl.google.com/dl/android/maven2/androidx/datastore/datastore-core/1.0.0/datastore-core-1.0.0.jar to /home/work/.gradle/.tmp/gradle_download6548571558084619389bin
Transforming datastore-core-1.0.0.jar (androidx.datastore:datastore-core:1.0.0) with IdentityTransform
Caching disabled for IdentityTransform: /home/work/.gradle/caches/modules-2/files-2.1/androidx.datastore/datastore-core/1.0.0/91b04fb657294e2906d95dce6a9e5a851f6125c1/datastore-core-1.0.0.jar because:
  Build cache is disabled
  Caching not enabled.
Transforming datastore-core-1.0.0.jar (androidx.datastore:datastore-core:1.0.0) with EnumerateClassesTransform
Caching disabled for EnumerateClassesTransform: /home/work/.gradle/caches/modules-2/files-2.1/androidx.datastore/datastore-core/1.0.0/91b04fb657294e2906d95dce6a9e5a851f6125c1/datastore-core-1.0.0.jar because:
  Build cache is disabled
Caching disabled for AarToClassTransform: /home/work/.gradle/caches/modules-2/files-2.1/androidx.annotation/annotation-experimental/1.4.0/c7a2038d831d0cfbfb9a440890b287c2e839ecf/annotation-experimental-1.4.0.aar because:
  Build cache is disabled
Transforming annotation-experimental-1.4.0.aar (androidx.annotation:annotation-experimental:1.4.0) with EnumerateClassesTransform
Caching disabled for EnumerateClassesTransform: /home/work/.gradle/caches/transforms-4/090554571fb0738d3b0822053993fb53/transformed/annotation-experimental-1.4.0-runtime.jar because:
  Build cache is disabled
Downloading https://repo.maven.apache.org/maven2/org/jetbrains/kotlinx/kotlinx-serialization-core-jvm/1.6.2/kotlinx-serialization-core-jvm-1.6.2.jar to /home/work/.gradle/.tmp/gradle_download5474792720744118621bin
Downloading https://repo.maven.apache.org/maven2/com/squareup/retrofit2/converter-gson/2.9.0/converter-gson-2.9.0.jar to /home/work/.gradle/.tmp/gradle_download6475336192721979327bin
Transforming converter-gson-2.9.0.jar (com.squareup.retrofit2:converter-gson:2.9.0) with IdentityTransform
Caching disabled for IdentityTransform: /home/work/.gradle/caches/modules-2/files-2.1/com.squareup.retrofit2/converter-gson/2.9.0/fc93484fc67ab52b1e0ccbdaa3922d8a6678e097/converter-gson-2.9.0.jar because:
  Build cache is disabled
  Caching not enabled.
Transforming converter-gson-2.9.0.jar (com.squareup.retrofit2:converter-gson:2.9.0) with EnumerateClassesTransform
Caching disabled for EnumerateClassesTransform: /home/work/.gradle/caches/modules-2/files-2.1/com.squareup.retrofit2/converter-gson/2.9.0/fc93484fc67ab52b1e0ccbdaa3922d8a6678e097/converter-gson-2.9.0.jar because:
  Build cache is disabled
Downloading https://repo.maven.apache.org/maven2/com/squareup/retrofit2/retrofit/2.9.0/retrofit-2.9.0.jar to /home/work/.gradle/.tmp/gradle_download13454727409587296223bin
Transforming retrofit-2.9.0.jar (com.squareup.retrofit2:retrofit:2.9.0) with IdentityTransform
Caching disabled for IdentityTransform: /home/work/.gradle/caches/modules-2/files-2.1/com.squareup.retrofit2/retrofit/2.9.0/d8fdfbd5da952141a665a403348b74538efc05ff/retrofit-2.9.0.jar because:
  Build cache is disabled
  Caching not enabled.
Transforming retrofit-2.9.0.jar (com.squareup.retrofit2:retrofit:2.9.0) with EnumerateClassesTransform
Caching disabled for EnumerateClassesTransform: /home/work/.gradle/caches/modules-2/files-2.1/com.squareup.retrofit2/retrofit/2.9.0/d8fdfbd5da952141a665a403348b74538efc05ff/retrofit-2.9.0.jar because:
  Build cache is disabled
Downloading https://repo.maven.apache.org/maven2/com/squareup/okhttp3/logging-interceptor/4.12.0/logging-interceptor-4.12.0.jar to /home/work/.gradle/.tmp/gradle_download7848033483027873404bin
Transforming logging-interceptor-4.12.0.jar (com.squareup.okhttp3:logging-interceptor:4.12.0) with IdentityTransform
Caching disabled for IdentityTransform: /home/work/.gradle/caches/modules-2/files-2.1/com.squareup.okhttp3/logging-interceptor/4.12.0/e922c1f14d365c0f2bed140cc0825e18462c2778/logging-interceptor-4.12.0.jar because:
  Build cache is disabled
  Caching not enabled.
Transforming logging-interceptor-4.12.0.jar (com.squareup.okhttp3:logging-interceptor:4.12.0) with EnumerateClassesTransform
Caching disabled for EnumerateClassesTransform: /home/work/.gradle/caches/modules-2/files-2.1/com.squareup.okhttp3/logging-interceptor/4.12.0/e922c1f14d365c0f2bed140cc0825e18462c2778/logging-interceptor-4.12.0.jar because:
  Build cache is disabled
Downloading https://repo.maven.apache.org/maven2/com/squareup/okhttp3/okhttp/4.12.0/okhttp-4.12.0.jar to /home/work/.gradle/.tmp/gradle_download971195899867316987bin
Transforming okhttp-4.12.0.jar (com.squareup.okhttp3:okhttp:4.12.0) with IdentityTransform
Caching disabled for IdentityTransform: /home/work/.gradle/caches/modules-2/files-2.1/com.squareup.okhttp3/okhttp/4.12.0/2f4525d4a200e97e1b87449c2cd9bd2e25b7e8cd/okhttp-4.12.0.jar because:
  Build cache is disabled
  Caching not enabled.
Transforming okhttp-4.12.0.jar (com.squareup.okhttp3:okhttp:4.12.0) with EnumerateClassesTransform
Caching disabled for EnumerateClassesTransform: /home/work/.gradle/caches/modules-2/files-2.1/com.squareup.okhttp3/okhttp/4.12.0/2f4525d4a200e97e1b87449c2cd9bd2e25b7e8cd/okhttp-4.12.0.jar because:
  Build cache is disabled
Downloading https://repo.maven.apache.org/maven2/com/squareup/okio/okio-jvm/3.6.0/okio-jvm-3.6.0.jar to /home/work/.gradle/.tmp/gradle_download2059500338999682396bin
Transforming okio-jvm-3.6.0.jar (com.squareup.okio:okio-jvm:3.6.0) with IdentityTransform
Caching disabled for IdentityTransform: /home/work/.gradle/caches/modules-2/files-2.1/com.squareup.okio/okio-jvm/3.6.0/5600569133b7bdefe1daf9ec7f4abeb6d13e1786/okio-jvm-3.6.0.jar because:
  Build cache is disabled
  Caching not enabled.
Transforming okio-jvm-3.6.0.jar (com.squareup.okio:okio-jvm:3.6.0) with EnumerateClassesTransform
Caching disabled for EnumerateClassesTransform: /home/work/.gradle/caches/modules-2/files-2.1/com.squareup.okio/okio-jvm/3.6.0/5600569133b7bdefe1daf9ec7f4abeb6d13e1786/okio-jvm-3.6.0.jar because:
  Build cache is disabled
Downloading https://repo.maven.apache.org/maven2/org/jetbrains/kotlinx/kotlinx-coroutines-android/1.7.3/kotlinx-coroutines-android-1.7.3.jar to /home/work/.gradle/.tmp/gradle_download6409536488223207803bin
Transforming kotlinx-coroutines-android-1.7.3.jar (org.jetbrains.kotlinx:kotlinx-coroutines-android:1.7.3) with IdentityTransform
Caching disabled for IdentityTransform: /home/work/.gradle/caches/modules-2/files-2.1/org.jetbrains.kotlinx/kotlinx-coroutines-android/1.7.3/38d9cad3a0b03a10453b56577984bdeb48edeed5/kotlinx-coroutines-android-1.7.3.jar because:
  Build cache is disabled
  Caching not enabled.
Transforming kotlinx-coroutines-android-1.7.3.jar (org.jetbrains.kotlinx:kotlinx-coroutines-android:1.7.3) with EnumerateClassesTransform
Caching disabled for EnumerateClassesTransform: /home/work/.gradle/caches/modules-2/files-2.1/org.jetbrains.kotlinx/kotlinx-coroutines-android/1.7.3/38d9cad3a0b03a10453b56577984bdeb48edeed5/kotlinx-coroutines-android-1.7.3.jar because:
  Build cache is disabled
Downloading https://repo.maven.apache.org/maven2/org/jetbrains/kotlinx/kotlinx-coroutines-core-jvm/1.7.3/kotlinx-coroutines-core-jvm-1.7.3.jar to /home/work/.gradle/.tmp/gradle_download5786190704342872895bin
Transforming kotlinx-coroutines-core-jvm-1.7.3.jar (org.jetbrains.kotlinx:kotlinx-coroutines-core-jvm:1.7.3) with IdentityTransform
Caching disabled for IdentityTransform: /home/work/.gradle/caches/modules-2/files-2.1/org.jetbrains.kotlinx/kotlinx-coroutines-core-jvm/1.7.3/2b09627576f0989a436a00a4a54b55fa5026fb86/kotlinx-coroutines-core-jvm-1.7.3.jar because:
  Build cache is disabled
  Caching not enabled.
Transforming kotlinx-coroutines-core-jvm-1.7.3.jar (org.jetbrains.kotlinx:kotlinx-coroutines-core-jvm:1.7.3) with EnumerateClassesTransform
Caching disabled for EnumerateClassesTransform: /home/work/.gradle/caches/modules-2/files-2.1/org.jetbrains.kotlinx/kotlinx-coroutines-core-jvm/1.7.3/2b09627576f0989a436a00a4a54b55fa5026fb86/kotlinx-coroutines-core-jvm-1.7.3.jar because:
  Build cache is disabled
Downloading https://repo.maven.apache.org/maven2/org/jetbrains/kotlin/kotlin-stdlib-jdk8/1.9.10/kotlin-stdlib-jdk8-1.9.10.jar to /home/work/.gradle/.tmp/gradle_download11624864140606628546bin
Transforming kotlin-stdlib-jdk8-1.9.10.jar (org.jetbrains.kotlin:kotlin-stdlib-jdk8:1.9.10) with IdentityTransform
Caching disabled for IdentityTransform: /home/work/.gradle/caches/modules-2/files-2.1/org.jetbrains.kotlin/kotlin-stdlib-jdk8/1.9.10/c7510d64a83411a649c76f2778304ddf71d7437b/kotlin-stdlib-jdk8-1.9.10.jar because:
  Build cache is disabled
  Caching not enabled.
Transforming kotlin-stdlib-jdk8-1.9.10.jar (org.jetbrains.kotlin:kotlin-stdlib-jdk8:1.9.10) with EnumerateClassesTransform
Caching disabled for EnumerateClassesTransform: /home/work/.gradle/caches/modules-2/files-2.1/org.jetbrains.kotlin/kotlin-stdlib-jdk8/1.9.10/c7510d64a83411a649c76f2778304ddf71d7437b/kotlin-stdlib-jdk8-1.9.10.jar because:
  Build cache is disabled
Caching disabled for AarToClassTransform: /home/work/.gradle/caches/modules-2/files-2.1/androidx.versionedparcelable/versionedparcelable/1.1.1/18e18071e7715679e0593c570217edeb5ca48b9e/versionedparcelable-1.1.1.aar because:
  Build cache is disabled
Transforming versionedparcelable-1.1.1.aar (androidx.versionedparcelable:versionedparcelable:1.1.1) with EnumerateClassesTransform
Caching disabled for EnumerateClassesTransform: /home/work/.gradle/caches/transforms-4/5698599244f6fc289ffcbf95f003c3fb/transformed/versionedparcelable-1.1.1-runtime.jar because:
  Build cache is disabled
Downloading https://dl.google.com/dl/android/maven2/androidx/collection/collection-ktx/1.4.0/collection-ktx-1.4.0.jar to /home/work/.gradle/.tmp/gradle_download13371430828288797828bin
Transforming collection-ktx-1.4.0.jar (androidx.collection:collection-ktx:1.4.0) with IdentityTransform
Caching disabled for IdentityTransform: /home/work/.gradle/caches/modules-2/files-2.1/androidx.collection/collection-ktx/1.4.0/2ad14aed781c4a73ed4dbb421966d408a0a06686/collection-ktx-1.4.0.jar because:
  Build cache is disabled
  Caching not enabled.
Transforming collection-ktx-1.4.0.jar (androidx.collection:collection-ktx:1.4.0) with EnumerateClassesTransform
Caching disabled for EnumerateClassesTransform: /home/work/.gradle/caches/modules-2/files-2.1/androidx.collection/collection-ktx/1.4.0/2ad14aed781c4a73ed4dbb421966d408a0a06686/collection-ktx-1.4.0.jar because:
  Build cache is disabled
Downloading https://dl.google.com/dl/android/maven2/androidx/collection/collection-jvm/1.4.0/collection-jvm-1.4.0.jar to /home/work/.gradle/.tmp/gradle_download12451216508710343880bin
Transforming collection-jvm-1.4.0.jar (androidx.collection:collection-jvm:1.4.0) with IdentityTransform
Caching disabled for IdentityTransform: /home/work/.gradle/caches/modules-2/files-2.1/androidx.collection/collection-jvm/1.4.0/e209fb7bd1183032f55a0408121c6251a81acb49/collection-jvm-1.4.0.jar because:
  Build cache is disabled
  Caching not enabled.
Transforming collection-jvm-1.4.0.jar (androidx.collection:collection-jvm:1.4.0) with EnumerateClassesTransform
Caching disabled for EnumerateClassesTransform: /home/work/.gradle/caches/modules-2/files-2.1/androidx.collection/collection-jvm/1.4.0/e209fb7bd1183032f55a0408121c6251a81acb49/collection-jvm-1.4.0.jar because:
  Build cache is disabled
Caching disabled for AarToClassTransform: /home/work/.gradle/caches/modules-2/files-2.1/androidx.arch.core/core-runtime/2.2.0/39705982680d78556b679ef9d5400d4f17509b0b/core-runtime-2.2.0.aar because:
  Build cache is disabled
Transforming core-runtime-2.2.0.aar (androidx.arch.core:core-runtime:2.2.0) with EnumerateClassesTransform
Caching disabled for EnumerateClassesTransform: /home/work/.gradle/caches/transforms-4/2ddf6655a448a1127a1f6a1dd0831dd7/transformed/core-runtime-2.2.0-runtime.jar because:
  Build cache is disabled
Caching disabled for AarToClassTransform: /home/work/.gradle/caches/modules-2/files-2.1/androidx.interpolator/interpolator/1.0.0/8a01fa254a23b9388571eb6334b03707c7d122d7/interpolator-1.0.0.aar because:
  Build cache is disabled
Transforming interpolator-1.0.0.aar (androidx.interpolator:interpolator:1.0.0) with EnumerateClassesTransform
Caching disabled for EnumerateClassesTransform: /home/work/.gradle/caches/transforms-4/b41f05525ce31698ef4f1f620d58a224/transformed/interpolator-1.0.0-runtime.jar because:
  Build cache is disabled
Downloading https://dl.google.com/dl/android/maven2/androidx/arch/core/core-common/2.2.0/core-common-2.2.0.jar to /home/work/.gradle/.tmp/gradle_download17047443707592864875bin
Transforming core-common-2.2.0.jar (androidx.arch.core:core-common:2.2.0) with IdentityTransform
Caching disabled for IdentityTransform: /home/work/.gradle/caches/modules-2/files-2.1/androidx.arch.core/core-common/2.2.0/5e1b8b81dfd5f52c56a8d53b18ca759c19a301f3/core-common-2.2.0.jar because:
  Build cache is disabled
  Caching not enabled.
Transforming core-common-2.2.0.jar (androidx.arch.core:core-common:2.2.0) with EnumerateClassesTransform
Caching disabled for EnumerateClassesTransform: /home/work/.gradle/caches/modules-2/files-2.1/androidx.arch.core/core-common/2.2.0/5e1b8b81dfd5f52c56a8d53b18ca759c19a301f3/core-common-2.2.0.jar because:
  Build cache is disabled
Caching disabled for AarToClassTransform: /home/work/.gradle/caches/modules-2/files-2.1/androidx.profileinstaller/profileinstaller/1.3.0/624641814089cd7bebf427aafa68ac089fb38261/profileinstaller-1.3.0.aar because:
  Build cache is disabled
Transforming profileinstaller-1.3.0.aar (androidx.profileinstaller:profileinstaller:1.3.0) with EnumerateClassesTransform
Caching disabled for EnumerateClassesTransform: /home/work/.gradle/caches/transforms-4/4451d49db98f7147b0796c90154e26db/transformed/profileinstaller-1.3.0-runtime.jar because:
  Build cache is disabled
Downloading https://dl.google.com/dl/android/maven2/androidx/concurrent/concurrent-futures/1.1.0/concurrent-futures-1.1.0.jar to /home/work/.gradle/.tmp/gradle_download6868594872512720796bin
Transforming concurrent-futures-1.1.0.jar (androidx.concurrent:concurrent-futures:1.1.0) with IdentityTransform
Caching disabled for IdentityTransform: /home/work/.gradle/caches/modules-2/files-2.1/androidx.concurrent/concurrent-futures/1.1.0/50b7fb98350d5f42a4e49704b03278542293ba48/concurrent-futures-1.1.0.jar because:
  Build cache is disabled
  Caching not enabled.
Transforming concurrent-futures-1.1.0.jar (androidx.concurrent:concurrent-futures:1.1.0) with EnumerateClassesTransform
Caching disabled for EnumerateClassesTransform: /home/work/.gradle/caches/modules-2/files-2.1/androidx.concurrent/concurrent-futures/1.1.0/50b7fb98350d5f42a4e49704b03278542293ba48/concurrent-futures-1.1.0.jar because:
  Build cache is disabled
Caching disabled for AarToClassTransform: /home/work/.gradle/caches/modules-2/files-2.1/androidx.startup/startup-runtime/1.1.1/9d4ba67056aff98b69eadc1477c19a1e67cb9470/startup-runtime-1.1.1.aar because:
  Build cache is disabled
Transforming startup-runtime-1.1.1.aar (androidx.startup:startup-runtime:1.1.1) with EnumerateClassesTransform
Caching disabled for EnumerateClassesTransform: /home/work/.gradle/caches/transforms-4/91e12213ef077f74ccbffb3f43c0b75c/transformed/startup-runtime-1.1.1-runtime.jar because:
  Build cache is disabled
Caching disabled for AarToClassTransform: /home/work/.gradle/caches/modules-2/files-2.1/androidx.tracing/tracing/1.0.0/69cef34711dffbc517e7a0a419ec4a98f84f496a/tracing-1.0.0.aar because:
  Build cache is disabled
Transforming tracing-1.0.0.aar (androidx.tracing:tracing:1.0.0) with EnumerateClassesTransform
Caching disabled for EnumerateClassesTransform: /home/work/.gradle/caches/transforms-4/a8ad1dbcd65d06cc6aa4f29b7e986a96/transformed/tracing-1.0.0-runtime.jar because:
  Build cache is disabled
Downloading https://dl.google.com/dl/android/maven2/androidx/annotation/annotation-jvm/1.7.0/annotation-jvm-1.7.0.jar to /home/work/.gradle/.tmp/gradle_download11580940793352500440bin
Transforming annotation-jvm-1.7.0.jar (androidx.annotation:annotation-jvm:1.7.0) with IdentityTransform
Caching disabled for IdentityTransform: /home/work/.gradle/caches/modules-2/files-2.1/androidx.annotation/annotation-jvm/1.7.0/920472d40adcdef5e18708976b3e314f9a636fcd/annotation-jvm-1.7.0.jar because:
  Build cache is disabled
  Caching not enabled.
Transforming annotation-jvm-1.7.0.jar (androidx.annotation:annotation-jvm:1.7.0) with EnumerateClassesTransform
Caching disabled for EnumerateClassesTransform: /home/work/.gradle/caches/modules-2/files-2.1/androidx.annotation/annotation-jvm/1.7.0/920472d40adcdef5e18708976b3e314f9a636fcd/annotation-jvm-1.7.0.jar because:
  Build cache is disabled
Downloading https://repo.maven.apache.org/maven2/org/jetbrains/kotlin/kotlin-stdlib-jdk7/1.9.10/kotlin-stdlib-jdk7-1.9.10.jar to /home/work/.gradle/.tmp/gradle_download1359539755143179088bin
Transforming kotlin-stdlib-jdk7-1.9.10.jar (org.jetbrains.kotlin:kotlin-stdlib-jdk7:1.9.10) with IdentityTransform
Caching disabled for IdentityTransform: /home/work/.gradle/caches/modules-2/files-2.1/org.jetbrains.kotlin/kotlin-stdlib-jdk7/1.9.10/bc5bfc2690338defd5195b05c57562f2194eeb10/kotlin-stdlib-jdk7-1.9.10.jar because:
  Build cache is disabled
  Caching not enabled.
Transforming kotlin-stdlib-jdk7-1.9.10.jar (org.jetbrains.kotlin:kotlin-stdlib-jdk7:1.9.10) with EnumerateClassesTransform
Caching disabled for EnumerateClassesTransform: /home/work/.gradle/caches/modules-2/files-2.1/org.jetbrains.kotlin/kotlin-stdlib-jdk7/1.9.10/bc5bfc2690338defd5195b05c57562f2194eeb10/kotlin-stdlib-jdk7-1.9.10.jar because:
  Build cache is disabled
Caching disabled for IdentityTransform: /home/work/.gradle/caches/modules-2/files-2.1/org.jetbrains.kotlin/kotlin-stdlib/1.9.22/d6c44cd08d8f3f9bece8101216dbe6553365c6e3/kotlin-stdlib-1.9.22.jar because:
  Build cache is disabled
  Caching not enabled.
Transforming kotlin-stdlib-1.9.22.jar (org.jetbrains.kotlin:kotlin-stdlib:1.9.22) with EnumerateClassesTransform
Caching disabled for EnumerateClassesTransform: /home/work/.gradle/caches/modules-2/files-2.1/org.jetbrains.kotlin/kotlin-stdlib/1.9.22/d6c44cd08d8f3f9bece8101216dbe6553365c6e3/kotlin-stdlib-1.9.22.jar because:
  Build cache is disabled
Caching disabled for IdentityTransform: /home/work/.gradle/caches/modules-2/files-2.1/com.google.code.gson/gson/2.10.1/b3add478d4382b78ea20b1671390a858002feb6c/gson-2.10.1.jar because:
  Build cache is disabled
  Caching not enabled.
Transforming gson-2.10.1.jar (com.google.code.gson:gson:2.10.1) with EnumerateClassesTransform
Caching disabled for EnumerateClassesTransform: /home/work/.gradle/caches/modules-2/files-2.1/com.google.code.gson/gson/2.10.1/b3add478d4382b78ea20b1671390a858002feb6c/gson-2.10.1.jar because:
  Build cache is disabled
Downloading https://repo.maven.apache.org/maven2/org/jetbrains/annotations/23.0.0/annotations-23.0.0.jar to /home/work/.gradle/.tmp/gradle_download2480271787894270692bin
Transforming annotations-23.0.0.jar (org.jetbrains:annotations:23.0.0) with IdentityTransform
Caching disabled for IdentityTransform: /home/work/.gradle/caches/modules-2/files-2.1/org.jetbrains/annotations/23.0.0/8cc20c07506ec18e0834947b84a864bfc094484e/annotations-23.0.0.jar because:
  Build cache is disabled
  Caching not enabled.
Transforming annotations-23.0.0.jar (org.jetbrains:annotations:23.0.0) with EnumerateClassesTransform
Caching disabled for EnumerateClassesTransform: /home/work/.gradle/caches/modules-2/files-2.1/org.jetbrains/annotations/23.0.0/8cc20c07506ec18e0834947b84a864bfc094484e/annotations-23.0.0.jar because:
  Build cache is disabled
Downloading https://repo.maven.apache.org/maven2/com/google/guava/listenablefuture/1.0/listenablefuture-1.0.jar to /home/work/.gradle/.tmp/gradle_download10082623533665038342bin
Transforming listenablefuture-1.0.jar (com.google.guava:listenablefuture:1.0) with IdentityTransform
Caching disabled for IdentityTransform: /home/work/.gradle/caches/modules-2/files-2.1/com.google.guava/listenablefuture/1.0/c949a840a6acbc5268d088e47b04177bf90b3cad/listenablefuture-1.0.jar because:
  Build cache is disabled
  Caching not enabled.
Transforming listenablefuture-1.0.jar (com.google.guava:listenablefuture:1.0) with EnumerateClassesTransform
Caching disabled for EnumerateClassesTransform: /home/work/.gradle/caches/modules-2/files-2.1/com.google.guava/listenablefuture/1.0/c949a840a6acbc5268d088e47b04177bf90b3cad/listenablefuture-1.0.jar because:
  Build cache is disabled
Transforming kotlinx-serialization-core-jvm-1.6.2.jar (org.jetbrains.kotlinx:kotlinx-serialization-core-jvm:1.6.2) with IdentityTransform
Caching disabled for IdentityTransform: /home/work/.gradle/caches/modules-2/files-2.1/org.jetbrains.kotlinx/kotlinx-serialization-core-jvm/1.6.2/384c2492c987f1d92bfa186580de058c284b2ad9/kotlinx-serialization-core-jvm-1.6.2.jar because:
  Build cache is disabled
  Caching not enabled.
Transforming kotlinx-serialization-core-jvm-1.6.2.jar (org.jetbrains.kotlinx:kotlinx-serialization-core-jvm:1.6.2) with EnumerateClassesTransform
Caching disabled for EnumerateClassesTransform: /home/work/.gradle/caches/modules-2/files-2.1/org.jetbrains.kotlinx/kotlinx-serialization-core-jvm/1.6.2/384c2492c987f1d92bfa186580de058c284b2ad9/kotlinx-serialization-core-jvm-1.6.2.jar because:
  Build cache is disabled
Caching disabled for task ':app:checkDebugDuplicateClasses' because:
  Build cache is disabled
  Caching has been disabled for the task
Task ':app:checkDebugDuplicateClasses' is not up-to-date because:
  No history is available.
AAPT2 aapt2-8.3.0-10880808-linux Daemon #0: shutdown

FAILURE: Build failed with an exception.

* What went wrong:
Execution failed for task ':app:processDebugResources'.
> A failure occurred while executing com.android.build.gradle.internal.res.LinkApplicationAndroidResourcesTask$TaskAction
   > Android resource linking failed
     ERROR: /home/work/dumate/38de3a359c754da5801d140c2e404f0f/workspace/ses_gffe5f74c56b80ffeEC2z3n6Op3yk0K/NovelSeekUltra/app/src/main/AndroidManifest.xml:8:5-29:19: AAPT: error: resource mipmap/ic_launcher (aka com.novelseek.ultra:mipmap/ic_launcher) not found.
         
     ERROR: /home/work/dumate/38de3a359c754da5801d140c2e404f0f/workspace/ses_gffe5f74c56b80ffeEC2z3n6Op3yk0K/NovelSeekUltra/app/src/main/AndroidManifest.xml:8:5-29:19: AAPT: error: resource mipmap/ic_launcher_round (aka com.novelseek.ultra:mipmap/ic_launcher_round) not found.
         

* Try:
> Run with --stacktrace option to get the stack trace.
> Run with --debug option to get more log output.
> Run with --scan to get full insights.
> Get more help at https://help.gradle.org.

BUILD FAILED in 4m 8s
20 actionable tasks: 20 executed
Some of the file system contents retained in the virtual file system are on file systems that Gradle doesn't support watching. The relevant state was discarded to ensure changes to these locations are properly detected. You can override this by explicitly enabling file system watching.
